2025-12-25 01:52:25,950 - INFO - ✅ 数据库初始化完成
2025-12-25 01:52:25,951 - INFO - 📊 开始采集位置系统数据...
2025-12-25 01:52:25,951 - INFO - 📋 币种列表: 27 个币种
2025-12-25 01:52:25,974 - INFO -   [1/27] 采集 BTC-USDT-SWAP...
2025-12-25 01:52:26,204 - INFO -     💰 当前价格: $87694.1
2025-12-25 01:52:26,204 - INFO -     📊 位置: 4h=39.16% | 12h=79.8% | 24h=79.8% | 48h=56.79%
2025-12-25 01:52:26,704 - INFO -   [2/27] 采集 ETH-USDT-SWAP...
2025-12-25 01:52:27,129 - INFO - ✅ 数据库初始化完成
2025-12-25 01:52:27,129 - INFO - 📊 开始采集位置系统数据...
2025-12-25 01:52:27,129 - INFO - 📋 币种列表: 27 个币种
2025-12-25 01:52:27,140 - INFO -   [1/27] 采集 BTC-USDT-SWAP...
2025-12-25 01:52:27,361 - INFO -     💰 当前价格: $87694.1
2025-12-25 01:52:27,361 - INFO -     📊 位置: 4h=39.16% | 12h=79.8% | 24h=79.8% | 48h=56.79%
2025-12-25 01:52:27,861 - INFO -   [2/27] 采集 ETH-USDT-SWAP...
2025-12-25 01:52:28,090 - INFO -     💰 当前价格: $2948.84
2025-12-25 01:52:28,090 - INFO -     📊 位置: 4h=49.57% | 12h=81.74% | 24h=81.08% | 48h=45.32%
2025-12-25 01:52:28,590 - INFO -   [3/27] 采集 XRP-USDT-SWAP...
2025-12-25 01:52:28,853 - INFO -     💰 当前价格: $1.8647
2025-12-25 01:52:28,854 - INFO -     📊 位置: 4h=66.43% | 12h=57.14% | 24h=70.0% | 48h=41.41%
2025-12-25 01:52:29,354 - INFO -   [4/27] 采集 BNB-USDT-SWAP...
2025-12-25 01:52:29,595 - INFO -     💰 当前价格: $846.9
2025-12-25 01:52:29,595 - INFO -     📊 位置: 4h=50.0% | 12h=81.51% | 24h=82.0% | 48h=50.0%
2025-12-25 01:52:30,096 - INFO -   [5/27] 采集 SOL-USDT-SWAP...
2025-12-25 01:52:30,326 - INFO -     💰 当前价格: $122.62
2025-12-25 01:52:30,326 - INFO -     📊 位置: 4h=44.03% | 12h=71.38% | 24h=72.16% | 48h=34.88%
2025-12-25 01:52:30,826 - INFO -   [6/27] 采集 LTC-USDT-SWAP...
2025-12-25 01:52:31,077 - INFO -     💰 当前价格: $75.97
2025-12-25 01:52:31,077 - INFO -     📊 位置: 4h=79.03% | 12h=50.31% | 24h=43.62% | 48h=29.5%
2025-12-25 01:52:31,577 - INFO -   [7/27] 采集 DOGE-USDT-SWAP...
2025-12-25 01:52:31,810 - INFO -     💰 当前价格: $0.1286
2025-12-25 01:52:31,810 - INFO -     📊 位置: 4h=50.68% | 12h=70.11% | 24h=66.17% | 48h=30.55%
2025-12-25 01:52:32,310 - INFO -   [8/27] 采集 SUI-USDT-SWAP...
2025-12-25 01:52:32,536 - INFO -     💰 当前价格: $1.4154
2025-12-25 01:52:32,536 - INFO -     📊 位置: 4h=38.92% | 12h=69.29% | 24h=67.79% | 48h=37.5%
2025-12-25 01:52:33,037 - INFO -   [9/27] 采集 TRX-USDT-SWAP...
2025-12-25 01:52:33,276 - INFO -     💰 当前价格: $0.28049
2025-12-25 01:52:33,276 - INFO -     📊 位置: 4h=74.89% | 12h=36.3% | 24h=30.53% | 48h=28.35%
2025-12-25 01:52:33,776 - INFO -   [10/27] 采集 TON-USDT-SWAP...
2025-12-25 01:52:34,002 - INFO -     💰 当前价格: $1.495
2025-12-25 01:52:34,002 - INFO -     📊 位置: 4h=84.21% | 12h=92.86% | 24h=93.75% | 48h=94.74%
2025-12-25 01:52:34,503 - INFO -   [11/27] 采集 ETC-USDT-SWAP...
2025-12-25 01:52:34,728 - INFO -     💰 当前价格: $12.04
2025-12-25 01:52:34,728 - INFO -     📊 位置: 4h=63.64% | 12h=86.21% | 24h=86.67% | 48h=52.0%
2025-12-25 01:52:35,228 - INFO -   [12/27] 采集 BCH-USDT-SWAP...
2025-12-25 01:52:35,472 - INFO -     💰 当前价格: $568.4
2025-12-25 01:52:35,472 - INFO -     📊 位置: 4h=69.23% | 12h=38.69% | 24h=30.29% | 48h=17.38%
2025-12-25 01:52:35,972 - INFO -   [13/27] 采集 HBAR-USDT-SWAP...
2025-12-25 01:52:36,210 - INFO -     💰 当前价格: $0.10963
2025-12-25 01:52:36,210 - INFO -     📊 位置: 4h=60.0% | 12h=64.41% | 24h=53.9% | 48h=25.63%
2025-12-25 01:52:36,711 - INFO -   [14/27] 采集 XLM-USDT-SWAP...
2025-12-25 01:52:36,946 - INFO -     💰 当前价格: $0.21274
2025-12-25 01:52:36,947 - INFO -     📊 位置: 4h=59.82% | 12h=37.86% | 24h=22.84% | 48h=16.44%
2025-12-25 01:52:37,447 - INFO -   [15/27] 采集 FIL-USDT-SWAP...
2025-12-25 01:52:37,672 - INFO -     💰 当前价格: $1.272
2025-12-25 01:52:37,672 - INFO -     📊 位置: 4h=46.15% | 12h=43.48% | 24h=26.32% | 48h=11.11%
2025-12-25 01:52:38,172 - INFO -   [16/27] 采集 LINK-USDT-SWAP...
2025-12-25 01:52:38,568 - INFO -     💰 当前价格: $12.285
2025-12-25 01:52:38,568 - INFO -     📊 位置: 4h=42.21% | 12h=76.58% | 24h=76.58% | 48h=43.5%
2025-12-25 01:52:39,069 - INFO -   [17/27] 采集 CRO-USDT-SWAP...
2025-12-25 01:52:39,301 - INFO -     💰 当前价格: $0.09324
2025-12-25 01:52:39,301 - INFO -     📊 位置: 4h=65.0% | 12h=66.67% | 24h=45.54% | 48h=23.29%
2025-12-25 01:52:39,802 - INFO -   [18/27] 采集 DOT-USDT-SWAP...
2025-12-25 01:52:40,024 - INFO -     💰 当前价格: $1.741
2025-12-25 01:52:40,025 - INFO -     📊 位置: 4h=77.78% | 12h=90.24% | 24h=67.27% | 48h=41.57%
2025-12-25 01:52:40,525 - INFO -   [19/27] 采集 AAVE-USDT-SWAP...
2025-12-25 01:52:40,751 - INFO -     💰 当前价格: $149.77
2025-12-25 01:52:40,751 - INFO -     📊 位置: 4h=97.86% | 12h=93.08% | 24h=81.46% | 48h=37.59%
2025-12-25 01:52:41,252 - INFO -   [20/27] 采集 UNI-USDT-SWAP...
2025-12-25 01:52:41,481 - INFO -     💰 当前价格: $5.835
2025-12-25 01:52:41,481 - INFO -     📊 位置: 4h=83.52% | 12h=76.67% | 24h=83.56% | 48h=46.63%
2025-12-25 01:52:41,982 - INFO -   [21/27] 采集 NEAR-USDT-SWAP...
2025-12-25 01:52:42,222 - INFO -     💰 当前价格: $1.464
2025-12-25 01:52:42,222 - INFO -     📊 位置: 4h=58.33% | 12h=75.61% | 24h=68.89% | 48h=31.96%
2025-12-25 01:52:42,722 - INFO -   [22/27] 采集 APT-USDT-SWAP...
2025-12-25 01:52:42,956 - INFO -     💰 当前价格: $1.628
2025-12-25 01:52:42,956 - INFO -     📊 位置: 4h=39.29% | 12h=81.72% | 24h=81.72% | 48h=81.72%
2025-12-25 01:52:43,456 - INFO -   [23/27] 采集 CFX-USDT-SWAP...
2025-12-25 01:52:43,710 - INFO -     💰 当前价格: $0.07519
2025-12-25 01:52:43,711 - INFO -     📊 位置: 4h=43.89% | 12h=68.58% | 24h=68.58% | 48h=68.58%
2025-12-25 01:52:44,211 - INFO -   [24/27] 采集 CRV-USDT-SWAP...
2025-12-25 01:52:44,440 - INFO -     💰 当前价格: $0.3794
2025-12-25 01:52:44,440 - INFO -     📊 位置: 4h=89.09% | 12h=71.43% | 24h=75.0% | 48h=75.83%
2025-12-25 01:52:44,941 - INFO -   [25/27] 采集 STX-USDT-SWAP...
2025-12-25 01:52:45,175 - INFO -     💰 当前价格: $0.2493
2025-12-25 01:52:45,176 - INFO -     📊 位置: 4h=70.37% | 12h=92.52% | 24h=94.24% | 48h=94.24%
2025-12-25 01:52:45,676 - INFO -   [26/27] 采集 LDO-USDT-SWAP...
2025-12-25 01:52:45,910 - INFO -     💰 当前价格: $0.5401
2025-12-25 01:52:45,911 - INFO -     📊 位置: 4h=81.97% | 12h=95.91% | 24h=95.91% | 48h=67.19%
2025-12-25 01:52:46,411 - INFO -   [27/27] 采集 TAO-USDT-SWAP...
2025-12-25 01:52:46,634 - INFO -     💰 当前价格: $219.1
2025-12-25 01:52:46,634 - INFO -     📊 位置: 4h=78.05% | 12h=91.82% | 24h=93.53% | 48h=70.27%
2025-12-25 01:52:47,142 - INFO - 💾 数据保存成功: 27 个币种
2025-12-25 01:52:47,147 - INFO - 📊 统计数据保存成功:
2025-12-25 01:52:47,147 - INFO -     4h低于1%: 0/27
2025-12-25 01:52:47,147 - INFO -    12h低于1%: 0/27
2025-12-25 01:52:47,147 - INFO -    24h低于1%: 0/27
2025-12-25 01:52:47,147 - INFO -    48h低于1%: 0/27
2025-12-25 01:52:47,147 - INFO - ✅ 数据采集完成: 成功 27/27
2025-12-25 01:52:47,148 - INFO - 🚀 位置系统采集器启动，采集间隔: 300秒
2025-12-25 01:52:47,148 - INFO - 📊 开始采集位置系统数据...
2025-12-25 01:52:47,148 - INFO - 📋 币种列表: 27 个币种
2025-12-25 01:52:47,148 - INFO -   [1/27] 采集 BTC-USDT-SWAP...
2025-12-25 01:52:47,386 - INFO -     💰 当前价格: $87680.1
2025-12-25 01:52:47,386 - INFO -     📊 位置: 4h=36.65% | 12h=78.97% | 24h=78.97% | 48h=56.2%
2025-12-25 01:52:47,886 - INFO -   [2/27] 采集 ETH-USDT-SWAP...
2025-12-25 01:52:48,120 - INFO -     💰 当前价格: $2948.43
2025-12-25 01:52:48,120 - INFO -     📊 位置: 4h=48.09% | 12h=81.2% | 24h=80.55% | 48h=45.02%
2025-12-25 01:52:48,621 - INFO -   [3/27] 采集 XRP-USDT-SWAP...
2025-12-25 01:52:48,853 - INFO -     💰 当前价格: $1.8646
2025-12-25 01:52:48,853 - INFO -     📊 位置: 4h=65.71% | 12h=56.79% | 24h=69.76% | 48h=41.27%
2025-12-25 01:52:49,354 - INFO -   [4/27] 采集 BNB-USDT-SWAP...
2025-12-25 01:52:49,589 - INFO -     💰 当前价格: $846.9
2025-12-25 01:52:49,589 - INFO -     📊 位置: 4h=50.0% | 12h=81.51% | 24h=82.0% | 48h=50.0%
2025-12-25 01:52:50,089 - INFO -   [5/27] 采集 SOL-USDT-SWAP...
2025-12-25 01:52:50,326 - INFO -     💰 当前价格: $122.61
2025-12-25 01:52:50,326 - INFO -     📊 位置: 4h=43.28% | 12h=71.02% | 24h=71.82% | 48h=34.72%
2025-12-25 01:52:50,826 - INFO -   [6/27] 采集 LTC-USDT-SWAP...
2025-12-25 01:52:51,059 - INFO -     💰 当前价格: $75.94
2025-12-25 01:52:51,060 - INFO -     📊 位置: 4h=74.19% | 12h=48.47% | 24h=42.02% | 48h=28.42%
2025-12-25 01:52:51,560 - INFO -   [7/27] 采集 DOGE-USDT-SWAP...
2025-12-25 01:52:51,791 - INFO -     💰 当前价格: $0.1286
2025-12-25 01:52:51,791 - INFO -     📊 位置: 4h=50.68% | 12h=70.11% | 24h=66.17% | 48h=30.55%
2025-12-25 01:52:52,292 - INFO -   [8/27] 采集 SUI-USDT-SWAP...
2025-12-25 01:52:52,524 - INFO -     💰 当前价格: $1.415
2025-12-25 01:52:52,524 - INFO -     📊 位置: 4h=36.95% | 12h=68.3% | 24h=66.83% | 48h=36.97%
2025-12-25 01:52:53,024 - INFO -   [9/27] 采集 TRX-USDT-SWAP...
2025-12-25 01:52:53,264 - INFO -     💰 当前价格: $0.28049
2025-12-25 01:52:53,264 - INFO -     📊 位置: 4h=74.89% | 12h=36.3% | 24h=30.53% | 48h=28.35%
2025-12-25 01:52:53,765 - INFO -   [10/27] 采集 TON-USDT-SWAP...
2025-12-25 01:52:53,993 - INFO -     💰 当前价格: $1.494
2025-12-25 01:52:53,994 - INFO -     📊 位置: 4h=78.95% | 12h=90.48% | 24h=91.67% | 48h=92.98%
2025-12-25 01:52:54,494 - INFO -   [11/27] 采集 ETC-USDT-SWAP...
2025-12-25 01:52:54,730 - INFO -     💰 当前价格: $12.03
2025-12-25 01:52:54,731 - INFO -     📊 位置: 4h=54.55% | 12h=82.76% | 24h=83.33% | 48h=50.0%
2025-12-25 01:52:55,231 - INFO -   [12/27] 采集 BCH-USDT-SWAP...
2025-12-25 01:52:55,457 - INFO -     💰 当前价格: $568.4
2025-12-25 01:52:55,458 - INFO -     📊 位置: 4h=69.23% | 12h=38.69% | 24h=30.29% | 48h=17.38%
2025-12-25 01:52:55,958 - INFO -   [13/27] 采集 HBAR-USDT-SWAP...
2025-12-25 01:52:56,187 - INFO -     💰 当前价格: $0.10963
2025-12-25 01:52:56,187 - INFO -     📊 位置: 4h=60.0% | 12h=64.41% | 24h=53.9% | 48h=25.63%
2025-12-25 01:52:56,687 - INFO -   [14/27] 采集 XLM-USDT-SWAP...
2025-12-25 01:52:56,919 - INFO -     💰 当前价格: $0.21266
2025-12-25 01:52:56,919 - INFO -     📊 位置: 4h=56.16% | 12h=35.92% | 24h=21.67% | 48h=15.6%
2025-12-25 01:52:57,420 - INFO -   [15/27] 采集 FIL-USDT-SWAP...
2025-12-25 01:52:57,655 - INFO -     💰 当前价格: $1.271
2025-12-25 01:52:57,656 - INFO -     📊 位置: 4h=38.46% | 12h=39.13% | 24h=23.68% | 48h=10.0%
2025-12-25 01:52:58,156 - INFO -   [16/27] 采集 LINK-USDT-SWAP...
2025-12-25 01:52:58,379 - INFO -     💰 当前价格: $12.285
2025-12-25 01:52:58,379 - INFO -     📊 位置: 4h=42.21% | 12h=76.58% | 24h=76.58% | 48h=43.5%
2025-12-25 01:52:58,879 - INFO -   [17/27] 采集 CRO-USDT-SWAP...
2025-12-25 01:52:59,100 - INFO -     💰 当前价格: $0.09324
2025-12-25 01:52:59,100 - INFO -     📊 位置: 4h=65.0% | 12h=66.67% | 24h=45.54% | 48h=23.29%
2025-12-25 01:52:59,601 - INFO -   [18/27] 采集 DOT-USDT-SWAP...
2025-12-25 01:52:59,833 - INFO -     💰 当前价格: $1.742
2025-12-25 01:52:59,833 - INFO -     📊 位置: 4h=83.33% | 12h=92.68% | 24h=69.09% | 48h=42.7%
2025-12-25 01:53:00,333 - INFO -   [19/27] 采集 AAVE-USDT-SWAP...
2025-12-25 01:53:00,692 - INFO -     💰 当前价格: $149.77
2025-12-25 01:53:00,693 - INFO -     📊 位置: 4h=97.86% | 12h=93.08% | 24h=81.46% | 48h=37.59%
2025-12-25 01:53:01,193 - INFO -   [20/27] 采集 UNI-USDT-SWAP...
2025-12-25 01:53:01,426 - INFO -     💰 当前价格: $5.84
2025-12-25 01:53:01,427 - INFO -     📊 位置: 4h=89.01% | 12h=79.05% | 24h=85.23% | 48h=47.57%
2025-12-25 01:53:01,927 - INFO -   [21/27] 采集 NEAR-USDT-SWAP...
2025-12-25 01:53:02,158 - INFO -     💰 当前价格: $1.464
2025-12-25 01:53:02,158 - INFO -     📊 位置: 4h=58.33% | 12h=75.61% | 24h=68.89% | 48h=31.96%
2025-12-25 01:53:02,659 - INFO -   [22/27] 采集 APT-USDT-SWAP...
2025-12-25 01:53:02,894 - INFO -     💰 当前价格: $1.628
2025-12-25 01:53:02,894 - INFO -     📊 位置: 4h=39.29% | 12h=81.72% | 24h=81.72% | 48h=81.72%
2025-12-25 01:53:03,395 - INFO -   [23/27] 采集 CFX-USDT-SWAP...
2025-12-25 01:53:03,623 - INFO -     💰 当前价格: $0.0752
2025-12-25 01:53:03,624 - INFO -     📊 位置: 4h=44.06% | 12h=68.67% | 24h=68.67% | 48h=68.67%
2025-12-25 01:53:04,124 - INFO -   [24/27] 采集 CRV-USDT-SWAP...
2025-12-25 01:53:04,404 - INFO -     💰 当前价格: $0.3794
2025-12-25 01:53:04,404 - INFO -     📊 位置: 4h=89.09% | 12h=71.43% | 24h=75.0% | 48h=75.83%
2025-12-25 01:53:04,905 - INFO -   [25/27] 采集 STX-USDT-SWAP...
2025-12-25 01:53:05,139 - INFO -     💰 当前价格: $0.2494
2025-12-25 01:53:05,140 - INFO -     📊 位置: 4h=74.07% | 12h=93.46% | 24h=94.96% | 48h=94.96%
2025-12-25 01:53:05,640 - INFO -   [26/27] 采集 LDO-USDT-SWAP...
2025-12-25 01:53:05,875 - INFO -     💰 当前价格: $0.5401
2025-12-25 01:53:05,875 - INFO -     📊 位置: 4h=81.97% | 12h=95.91% | 24h=95.91% | 48h=67.19%
2025-12-25 01:53:06,376 - INFO -   [27/27] 采集 TAO-USDT-SWAP...
2025-12-25 01:53:06,608 - INFO -     💰 当前价格: $219.1
2025-12-25 01:53:06,609 - INFO -     📊 位置: 4h=78.05% | 12h=91.82% | 24h=93.53% | 48h=70.27%
2025-12-25 01:53:07,116 - INFO - 💾 数据保存成功: 27 个币种
2025-12-25 01:53:07,120 - INFO - 📊 统计数据保存成功:
2025-12-25 01:53:07,121 - INFO -     4h低于1%: 0/27
2025-12-25 01:53:07,121 - INFO -    12h低于1%: 0/27
2025-12-25 01:53:07,121 - INFO -    24h低于1%: 0/27
2025-12-25 01:53:07,121 - INFO -    48h低于1%: 0/27
2025-12-25 01:53:07,121 - INFO - ✅ 数据采集完成: 成功 27/27
2025-12-25 01:53:07,121 - INFO - ⏳ 等待 300 秒后进行下一次采集...

2025-12-25 01:57:27,703 - INFO - ⛔ 收到停止信号，退出采集器
2025-12-25 01:57:28,043 - INFO - ✅ 数据库初始化完成
2025-12-25 01:57:28,043 - INFO - 📊 开始采集位置系统数据...
2025-12-25 01:57:28,043 - INFO - 📋 币种列表: 27 个币种
2025-12-25 01:57:28,054 - INFO -   [1/27] 采集 BTC-USDT-SWAP...
2025-12-25 01:57:28,279 - INFO -     💰 当前价格: $87652.9
2025-12-25 01:57:28,280 - INFO -     📊 位置: 4h=31.79% | 12h=77.35% | 24h=77.35% | 48h=55.05%
2025-12-25 01:57:28,780 - INFO -   [2/27] 采集 ETH-USDT-SWAP...
2025-12-25 01:57:29,015 - INFO -     💰 当前价格: $2946.9
2025-12-25 01:57:29,015 - INFO -     📊 位置: 4h=42.58% | 12h=79.21% | 24h=78.58% | 48h=43.92%
2025-12-25 01:57:29,516 - INFO -   [3/27] 采集 XRP-USDT-SWAP...
2025-12-25 01:57:29,749 - INFO -     💰 当前价格: $1.865
2025-12-25 01:57:29,749 - INFO -     📊 位置: 4h=68.57% | 12h=58.19% | 24h=70.73% | 48h=41.85%
2025-12-25 01:57:30,250 - INFO -   [4/27] 采集 BNB-USDT-SWAP...
2025-12-25 01:57:30,492 - INFO -     💰 当前价格: $846.5
2025-12-25 01:57:30,492 - INFO -     📊 位置: 4h=42.0% | 12h=78.77% | 24h=79.33% | 48h=48.37%
2025-12-25 01:57:30,993 - INFO -   [5/27] 采集 SOL-USDT-SWAP...
2025-12-25 01:57:31,225 - INFO -     💰 当前价格: $122.65
2025-12-25 01:57:31,225 - INFO -     📊 位置: 4h=46.27% | 12h=72.44% | 24h=73.2% | 48h=35.38%
2025-12-25 01:57:31,726 - INFO -   [6/27] 采集 LTC-USDT-SWAP...
2025-12-25 01:57:31,956 - INFO -     💰 当前价格: $75.92
2025-12-25 01:57:31,957 - INFO -     📊 位置: 4h=70.97% | 12h=47.24% | 24h=40.96% | 48h=27.7%
2025-12-25 01:57:32,457 - INFO -   [7/27] 采集 DOGE-USDT-SWAP...
2025-12-25 01:57:32,701 - INFO -     💰 当前价格: $0.12859
2025-12-25 01:57:32,701 - INFO -     📊 位置: 4h=50.0% | 12h=69.74% | 24h=65.88% | 48h=30.41%
2025-12-25 01:57:33,201 - INFO -   [8/27] 采集 SUI-USDT-SWAP...
2025-12-25 01:57:33,425 - INFO -     💰 当前价格: $1.4146
2025-12-25 01:57:33,425 - INFO -     📊 位置: 4h=34.98% | 12h=67.32% | 24h=65.87% | 48h=36.44%
2025-12-25 01:57:33,925 - INFO -   [9/27] 采集 TRX-USDT-SWAP...
2025-12-25 01:57:34,152 - INFO -     💰 当前价格: $0.28052
2025-12-25 01:57:34,153 - INFO -     📊 位置: 4h=76.23% | 12h=36.96% | 24h=31.08% | 48h=28.86%
2025-12-25 01:57:34,653 - INFO -   [10/27] 采集 TON-USDT-SWAP...
2025-12-25 01:57:34,886 - INFO -     💰 当前价格: $1.495
2025-12-25 01:57:34,887 - INFO -     📊 位置: 4h=84.21% | 12h=92.86% | 24h=93.75% | 48h=94.74%
2025-12-25 01:57:35,387 - INFO -   [11/27] 采集 ETC-USDT-SWAP...
2025-12-25 01:57:35,627 - INFO -     💰 当前价格: $12.01
2025-12-25 01:57:35,627 - INFO -     📊 位置: 4h=36.36% | 12h=75.86% | 24h=76.67% | 48h=46.0%
2025-12-25 01:57:36,128 - INFO -   [12/27] 采集 BCH-USDT-SWAP...
2025-12-25 01:57:36,361 - INFO -     💰 当前价格: $567.8
2025-12-25 01:57:36,361 - INFO -     📊 位置: 4h=60.0% | 12h=34.31% | 24h=26.86% | 48h=15.41%
2025-12-25 01:57:36,861 - INFO -   [13/27] 采集 HBAR-USDT-SWAP...
2025-12-25 01:57:37,097 - INFO -     💰 当前价格: $0.10947
2025-12-25 01:57:37,098 - INFO -     📊 位置: 4h=49.33% | 12h=57.63% | 24h=48.23% | 48h=22.93%
2025-12-25 01:57:37,598 - INFO -   [14/27] 采集 XLM-USDT-SWAP...
2025-12-25 01:57:37,837 - INFO -     💰 当前价格: $0.21251
2025-12-25 01:57:37,838 - INFO -     📊 位置: 4h=49.32% | 12h=32.28% | 24h=19.47% | 48h=14.01%
2025-12-25 01:57:38,338 - INFO -   [15/27] 采集 FIL-USDT-SWAP...
2025-12-25 01:57:38,566 - INFO -     💰 当前价格: $1.271
2025-12-25 01:57:38,567 - INFO -     📊 位置: 4h=38.46% | 12h=39.13% | 24h=23.68% | 48h=10.0%
2025-12-25 01:57:39,067 - INFO -   [16/27] 采集 LINK-USDT-SWAP...
2025-12-25 01:57:39,301 - INFO -     💰 当前价格: $12.282
2025-12-25 01:57:39,302 - INFO -     📊 位置: 4h=40.26% | 12h=75.79% | 24h=75.79% | 48h=43.05%
2025-12-25 01:57:39,802 - INFO -   [17/27] 采集 CRO-USDT-SWAP...
2025-12-25 01:57:40,042 - INFO -     💰 当前价格: $0.09317
2025-12-25 01:57:40,042 - INFO -     📊 位置: 4h=58.0% | 12h=62.09% | 24h=42.41% | 48h=21.69%
2025-12-25 01:57:40,542 - INFO -   [18/27] 采集 DOT-USDT-SWAP...
2025-12-25 01:57:40,770 - INFO -     💰 当前价格: $1.74
2025-12-25 01:57:40,770 - INFO -     📊 位置: 4h=72.22% | 12h=87.8% | 24h=65.45% | 48h=40.45%
2025-12-25 01:57:41,271 - INFO -   [19/27] 采集 AAVE-USDT-SWAP...
2025-12-25 01:57:41,495 - INFO -     💰 当前价格: $149.43
2025-12-25 01:57:41,495 - INFO -     📊 位置: 4h=81.25% | 12h=80.0% | 24h=73.47% | 48h=33.91%
2025-12-25 01:57:41,996 - INFO -   [20/27] 采集 UNI-USDT-SWAP...
2025-12-25 01:57:42,219 - INFO -     💰 当前价格: $5.828
2025-12-25 01:57:42,219 - INFO -     📊 位置: 4h=75.82% | 12h=73.33% | 24h=81.21% | 48h=45.32%
2025-12-25 01:57:42,720 - INFO -   [21/27] 采集 NEAR-USDT-SWAP...
2025-12-25 01:57:42,958 - INFO -     💰 当前价格: $1.462
2025-12-25 01:57:42,958 - INFO -     📊 位置: 4h=50.0% | 12h=70.73% | 24h=64.44% | 48h=29.9%
2025-12-25 01:57:43,459 - INFO -   [22/27] 采集 APT-USDT-SWAP...
2025-12-25 01:57:43,681 - INFO -     💰 当前价格: $1.63
2025-12-25 01:57:43,682 - INFO -     📊 位置: 4h=46.43% | 12h=83.87% | 24h=83.87% | 48h=83.87%
2025-12-25 01:57:44,182 - INFO -   [23/27] 采集 CFX-USDT-SWAP...
2025-12-25 01:57:44,419 - INFO -     💰 当前价格: $0.07513
2025-12-25 01:57:44,419 - INFO -     📊 位置: 4h=42.9% | 12h=68.02% | 24h=68.02% | 48h=68.02%
2025-12-25 01:57:44,919 - INFO -   [24/27] 采集 CRV-USDT-SWAP...
2025-12-25 01:57:45,152 - INFO -     💰 当前价格: $0.3789
2025-12-25 01:57:45,152 - INFO -     📊 位置: 4h=80.0% | 12h=68.97% | 24h=72.84% | 48h=73.75%
2025-12-25 01:57:45,652 - INFO -   [25/27] 采集 STX-USDT-SWAP...
2025-12-25 01:57:45,886 - INFO -     💰 当前价格: $0.2494
2025-12-25 01:57:45,886 - INFO -     📊 位置: 4h=74.07% | 12h=93.46% | 24h=94.96% | 48h=94.96%
2025-12-25 01:57:46,387 - INFO -   [26/27] 采集 LDO-USDT-SWAP...
2025-12-25 01:57:46,611 - INFO -     💰 当前价格: $0.5402
2025-12-25 01:57:46,611 - INFO -     📊 位置: 4h=83.61% | 12h=96.28% | 24h=96.28% | 48h=67.45%
2025-12-25 01:57:47,112 - INFO -   [27/27] 采集 TAO-USDT-SWAP...
2025-12-25 01:57:47,343 - INFO -     💰 当前价格: $219.0
2025-12-25 01:57:47,343 - INFO -     📊 位置: 4h=75.61% | 12h=90.91% | 24h=92.81% | 48h=69.73%
2025-12-25 01:57:47,850 - INFO - 💾 数据保存成功: 27 个币种
2025-12-25 01:57:47,855 - INFO - 📊 统计数据保存成功:
2025-12-25 01:57:47,855 - INFO -     4h低于1%: 0/27
2025-12-25 01:57:47,856 - INFO -    12h低于1%: 0/27
2025-12-25 01:57:47,856 - INFO -    24h低于1%: 0/27
2025-12-25 01:57:47,856 - INFO -    48h低于1%: 0/27
2025-12-25 01:57:47,856 - INFO - ✅ 数据采集完成: 成功 27/27
2025-12-25 01:57:47,856 - INFO - 🚀 位置系统采集器启动，采集间隔: 300秒
2025-12-25 01:57:47,856 - INFO - 📊 开始采集位置系统数据...
2025-12-25 01:57:47,856 - INFO - 📋 币种列表: 27 个币种
2025-12-25 01:57:47,856 - INFO -   [1/27] 采集 BTC-USDT-SWAP...
2025-12-25 01:57:48,087 - INFO -     💰 当前价格: $87652.6
2025-12-25 01:57:48,087 - INFO -     📊 位置: 4h=31.74% | 12h=77.33% | 24h=77.33% | 48h=55.04%
2025-12-25 01:57:48,588 - INFO -   [2/27] 采集 ETH-USDT-SWAP...
2025-12-25 01:57:48,822 - INFO -     💰 当前价格: $2946.85
2025-12-25 01:57:48,822 - INFO -     📊 位置: 4h=42.4% | 12h=79.14% | 24h=78.51% | 48h=43.88%
2025-12-25 01:57:49,323 - INFO -   [3/27] 采集 XRP-USDT-SWAP...
2025-12-25 01:57:49,564 - INFO -     💰 当前价格: $1.8651
2025-12-25 01:57:49,564 - INFO -     📊 位置: 4h=69.29% | 12h=58.54% | 24h=70.98% | 48h=41.99%
2025-12-25 01:57:50,065 - INFO -   [4/27] 采集 BNB-USDT-SWAP...
2025-12-25 01:57:50,293 - INFO -     💰 当前价格: $846.6
2025-12-25 01:57:50,293 - INFO -     📊 位置: 4h=44.0% | 12h=79.45% | 24h=80.0% | 48h=48.78%
2025-12-25 01:57:50,793 - INFO -   [5/27] 采集 SOL-USDT-SWAP...
2025-12-25 01:57:51,023 - INFO -     💰 当前价格: $122.67
2025-12-25 01:57:51,024 - INFO -     📊 位置: 4h=47.76% | 12h=73.14% | 24h=73.88% | 48h=35.71%
2025-12-25 01:57:51,524 - INFO -   [6/27] 采集 LTC-USDT-SWAP...
2025-12-25 01:57:51,750 - INFO -     💰 当前价格: $75.93
2025-12-25 01:57:51,751 - INFO -     📊 位置: 4h=72.58% | 12h=47.85% | 24h=41.49% | 48h=28.06%
2025-12-25 01:57:52,251 - INFO -   [7/27] 采集 DOGE-USDT-SWAP...
2025-12-25 01:57:52,494 - INFO -     💰 当前价格: $0.12863
2025-12-25 01:57:52,495 - INFO -     📊 位置: 4h=52.7% | 12h=71.22% | 24h=67.06% | 48h=30.96%
2025-12-25 01:57:52,995 - INFO -   [8/27] 采集 SUI-USDT-SWAP...
2025-12-25 01:57:53,236 - INFO -     💰 当前价格: $1.4147
2025-12-25 01:57:53,237 - INFO -     📊 位置: 4h=35.47% | 12h=67.57% | 24h=66.11% | 48h=36.57%
2025-12-25 01:57:53,737 - INFO -   [9/27] 采集 TRX-USDT-SWAP...
2025-12-25 01:57:53,976 - INFO -     💰 当前价格: $0.28052
2025-12-25 01:57:53,977 - INFO -     📊 位置: 4h=76.23% | 12h=36.96% | 24h=31.08% | 48h=28.86%
2025-12-25 01:57:54,477 - INFO -   [10/27] 采集 TON-USDT-SWAP...
2025-12-25 01:57:54,713 - INFO -     💰 当前价格: $1.495
2025-12-25 01:57:54,714 - INFO -     📊 位置: 4h=84.21% | 12h=92.86% | 24h=93.75% | 48h=94.74%
2025-12-25 01:57:55,214 - INFO -   [11/27] 采集 ETC-USDT-SWAP...
2025-12-25 01:57:55,470 - INFO -     💰 当前价格: $12.02
2025-12-25 01:57:55,470 - INFO -     📊 位置: 4h=45.45% | 12h=79.31% | 24h=80.0% | 48h=48.0%
2025-12-25 01:57:55,970 - INFO -   [12/27] 采集 BCH-USDT-SWAP...
2025-12-25 01:57:56,199 - INFO -     💰 当前价格: $568.2
2025-12-25 01:57:56,200 - INFO -     📊 位置: 4h=66.15% | 12h=37.23% | 24h=29.14% | 48h=16.72%
2025-12-25 01:57:56,700 - INFO -   [13/27] 采集 HBAR-USDT-SWAP...
2025-12-25 01:57:56,935 - INFO -     💰 当前价格: $0.10948
2025-12-25 01:57:56,935 - INFO -     📊 位置: 4h=50.0% | 12h=58.05% | 24h=48.58% | 48h=23.1%
2025-12-25 01:57:57,435 - INFO -   [14/27] 采集 XLM-USDT-SWAP...
2025-12-25 01:57:57,672 - INFO -     💰 当前价格: $0.21252
2025-12-25 01:57:57,672 - INFO -     📊 位置: 4h=49.77% | 12h=32.52% | 24h=19.62% | 48h=14.12%
2025-12-25 01:57:58,172 - INFO -   [15/27] 采集 FIL-USDT-SWAP...
2025-12-25 01:57:58,400 - INFO -     💰 当前价格: $1.271
2025-12-25 01:57:58,400 - INFO -     📊 位置: 4h=38.46% | 12h=39.13% | 24h=23.68% | 48h=10.0%
2025-12-25 01:57:58,901 - INFO -   [16/27] 采集 LINK-USDT-SWAP...
2025-12-25 01:57:59,132 - INFO -     💰 当前价格: $12.283
2025-12-25 01:57:59,133 - INFO -     📊 位置: 4h=40.91% | 12h=76.05% | 24h=76.05% | 48h=43.2%
2025-12-25 01:57:59,633 - INFO -   [17/27] 采集 CRO-USDT-SWAP...
2025-12-25 01:57:59,857 - INFO -     💰 当前价格: $0.09315
2025-12-25 01:57:59,857 - INFO -     📊 位置: 4h=56.0% | 12h=60.78% | 24h=41.52% | 48h=21.23%
2025-12-25 01:58:00,357 - INFO -   [18/27] 采集 DOT-USDT-SWAP...
2025-12-25 01:58:00,584 - INFO -     💰 当前价格: $1.739
2025-12-25 01:58:00,584 - INFO -     📊 位置: 4h=66.67% | 12h=85.37% | 24h=63.64% | 48h=39.33%
2025-12-25 01:58:01,085 - INFO -   [19/27] 采集 AAVE-USDT-SWAP...
2025-12-25 01:58:01,324 - INFO -     💰 当前价格: $149.43
2025-12-25 01:58:01,324 - INFO -     📊 位置: 4h=81.25% | 12h=80.0% | 24h=73.47% | 48h=33.91%
2025-12-25 01:58:01,825 - INFO -   [20/27] 采集 UNI-USDT-SWAP...
2025-12-25 01:58:02,061 - INFO -     💰 当前价格: $5.831
2025-12-25 01:58:02,061 - INFO -     📊 位置: 4h=79.12% | 12h=74.76% | 24h=82.21% | 48h=45.88%
2025-12-25 01:58:02,562 - INFO -   [21/27] 采集 NEAR-USDT-SWAP...
2025-12-25 01:58:02,788 - INFO -     💰 当前价格: $1.463
2025-12-25 01:58:02,789 - INFO -     📊 位置: 4h=54.17% | 12h=73.17% | 24h=66.67% | 48h=30.93%
2025-12-25 01:58:03,289 - INFO -   [22/27] 采集 APT-USDT-SWAP...
2025-12-25 01:58:03,526 - INFO -     💰 当前价格: $1.63
2025-12-25 01:58:03,527 - INFO -     📊 位置: 4h=46.43% | 12h=83.87% | 24h=83.87% | 48h=83.87%
2025-12-25 01:58:04,027 - INFO -   [23/27] 采集 CFX-USDT-SWAP...
2025-12-25 01:58:04,262 - INFO -     💰 当前价格: $0.07512
2025-12-25 01:58:04,262 - INFO -     📊 位置: 4h=42.74% | 12h=67.93% | 24h=67.93% | 48h=67.93%
2025-12-25 01:58:04,763 - INFO -   [24/27] 采集 CRV-USDT-SWAP...
2025-12-25 01:58:05,000 - INFO -     💰 当前价格: $0.3789
2025-12-25 01:58:05,000 - INFO -     📊 位置: 4h=80.0% | 12h=68.97% | 24h=72.84% | 48h=73.75%
2025-12-25 01:58:05,500 - INFO -   [25/27] 采集 STX-USDT-SWAP...
2025-12-25 01:58:05,745 - INFO -     💰 当前价格: $0.2494
2025-12-25 01:58:05,745 - INFO -     📊 位置: 4h=74.07% | 12h=93.46% | 24h=94.96% | 48h=94.96%
2025-12-25 01:58:06,246 - INFO -   [26/27] 采集 LDO-USDT-SWAP...
2025-12-25 01:58:06,473 - INFO -     💰 当前价格: $0.5402
2025-12-25 01:58:06,473 - INFO -     📊 位置: 4h=83.61% | 12h=96.28% | 24h=96.28% | 48h=67.45%
2025-12-25 01:58:06,974 - INFO -   [27/27] 采集 TAO-USDT-SWAP...
2025-12-25 01:58:07,214 - INFO -     💰 当前价格: $218.9
2025-12-25 01:58:07,214 - INFO -     📊 位置: 4h=73.17% | 12h=90.0% | 24h=92.09% | 48h=69.19%
2025-12-25 01:58:07,721 - INFO - 💾 数据保存成功: 27 个币种
2025-12-25 01:58:07,727 - INFO - 📊 统计数据保存成功:
2025-12-25 01:58:07,727 - INFO -     4h低于1%: 0/27
2025-12-25 01:58:07,727 - INFO -    12h低于1%: 0/27
2025-12-25 01:58:07,727 - INFO -    24h低于1%: 0/27
2025-12-25 01:58:07,727 - INFO -    48h低于1%: 0/27
2025-12-25 01:58:07,727 - INFO - ✅ 数据采集完成: 成功 27/27
2025-12-25 01:58:07,727 - INFO - ⏳ 等待 300 秒后进行下一次采集...

2025-12-25 02:02:28,569 - INFO - ⛔ 收到停止信号，退出采集器
2025-12-25 02:02:28,907 - INFO - ✅ 数据库初始化完成
2025-12-25 02:02:28,907 - INFO - 📊 开始采集位置系统数据...
2025-12-25 02:02:28,907 - INFO - 📋 币种列表: 27 个币种
2025-12-25 02:02:28,918 - INFO -   [1/27] 采集 BTC-USDT-SWAP...
2025-12-25 02:02:29,143 - INFO -     💰 当前价格: $87556.0
2025-12-25 02:02:29,143 - INFO -     📊 位置: 4h=16.02% | 12h=68.1% | 24h=71.6% | 48h=60.82%
2025-12-25 02:02:29,643 - INFO -   [2/27] 采集 ETH-USDT-SWAP...
2025-12-25 02:02:29,879 - INFO -     💰 当前价格: $2942.98
2025-12-25 02:02:29,879 - INFO -     📊 位置: 4h=32.77% | 12h=67.7% | 24h=74.1% | 48h=50.37%
2025-12-25 02:02:30,379 - INFO -   [3/27] 采集 XRP-USDT-SWAP...
2025-12-25 02:02:30,609 - INFO -     💰 当前价格: $1.8628
2025-12-25 02:02:30,609 - INFO -     📊 位置: 4h=53.62% | 12h=63.6% | 24h=65.37% | 48h=39.24%
2025-12-25 02:02:31,109 - INFO -   [4/27] 采集 BNB-USDT-SWAP...
2025-12-25 02:02:31,346 - INFO -     💰 当前价格: $845.6
2025-12-25 02:02:31,346 - INFO -     📊 位置: 4h=27.27% | 12h=70.37% | 24h=73.33% | 48h=49.11%
2025-12-25 02:02:31,847 - INFO -   [5/27] 采集 SOL-USDT-SWAP...
2025-12-25 02:02:32,085 - INFO -     💰 当前价格: $122.48
2025-12-25 02:02:32,085 - INFO -     📊 位置: 4h=36.0% | 12h=57.01% | 24h=67.35% | 48h=35.13%
2025-12-25 02:02:32,586 - INFO -   [6/27] 采集 LTC-USDT-SWAP...
2025-12-25 02:02:32,830 - INFO -     💰 当前价格: $75.78
2025-12-25 02:02:32,830 - INFO -     📊 位置: 4h=50.0% | 12h=59.34% | 24h=37.06% | 48h=22.66%
2025-12-25 02:02:33,330 - INFO -   [7/27] 采集 DOGE-USDT-SWAP...
2025-12-25 02:02:33,566 - INFO -     💰 当前价格: $0.12843
2025-12-25 02:02:33,566 - INFO -     📊 位置: 4h=42.03% | 12h=61.11% | 24h=67.76% | 48h=31.07%
2025-12-25 02:02:34,066 - INFO -   [8/27] 采集 SUI-USDT-SWAP...
2025-12-25 02:02:34,304 - INFO -     💰 当前价格: $1.4117
2025-12-25 02:02:34,305 - INFO -     📊 位置: 4h=24.28% | 12h=42.35% | 24h=60.2% | 48h=35.15%
2025-12-25 02:02:34,805 - INFO -   [9/27] 采集 TRX-USDT-SWAP...
2025-12-25 02:02:35,028 - INFO -     💰 当前价格: $0.28042
2025-12-25 02:02:35,028 - INFO -     📊 位置: 4h=77.29% | 12h=41.78% | 24h=32.06% | 48h=27.16%
2025-12-25 02:02:35,528 - INFO -   [10/27] 采集 TON-USDT-SWAP...
2025-12-25 02:02:35,766 - INFO -     💰 当前价格: $1.496
2025-12-25 02:02:35,766 - INFO -     📊 位置: 4h=83.33% | 12h=94.44% | 24h=95.83% | 48h=96.49%
2025-12-25 02:02:36,266 - INFO -   [11/27] 采集 ETC-USDT-SWAP...
2025-12-25 02:02:36,506 - INFO -     💰 当前价格: $12.0
2025-12-25 02:02:36,507 - INFO -     📊 位置: 4h=33.33% | 12h=65.22% | 24h=73.33% | 48h=52.38%
2025-12-25 02:02:37,007 - INFO -   [12/27] 采集 BCH-USDT-SWAP...
2025-12-25 02:02:37,240 - INFO -     💰 当前价格: $567.0
2025-12-25 02:02:37,240 - INFO -     📊 位置: 4h=33.33% | 12h=41.49% | 24h=22.29% | 48h=14.29%
2025-12-25 02:02:37,740 - INFO -   [13/27] 采集 HBAR-USDT-SWAP...
2025-12-25 02:02:37,979 - INFO -     💰 当前价格: $0.10923
2025-12-25 02:02:37,979 - INFO -     📊 位置: 4h=33.78% | 12h=36.08% | 24h=39.72% | 48h=23.14%
2025-12-25 02:02:38,479 - INFO -   [14/27] 采集 XLM-USDT-SWAP...
2025-12-25 02:02:38,709 - INFO -     💰 当前价格: $0.2123
2025-12-25 02:02:38,710 - INFO -     📊 位置: 4h=39.73% | 12h=29.79% | 24h=20.25% | 48h=12.76%
2025-12-25 02:02:39,210 - INFO -   [15/27] 采集 FIL-USDT-SWAP...
2025-12-25 02:02:39,441 - INFO -     💰 当前价格: $1.269
2025-12-25 02:02:39,441 - INFO -     📊 位置: 4h=27.27% | 12h=25.0% | 24h=20.0% | 48h=7.78%
2025-12-25 02:02:39,941 - INFO -   [16/27] 采集 LINK-USDT-SWAP...
2025-12-25 02:02:40,177 - INFO -     💰 当前价格: $12.256
2025-12-25 02:02:40,177 - INFO -     📊 位置: 4h=23.38% | 12h=64.56% | 24h=68.95% | 48h=48.07%
2025-12-25 02:02:40,677 - INFO -   [17/27] 采集 CRO-USDT-SWAP...
2025-12-25 02:02:40,915 - INFO -     💰 当前价格: $0.09295
2025-12-25 02:02:40,915 - INFO -     📊 位置: 4h=36.0% | 12h=53.28% | 24h=39.46% | 48h=19.41%
2025-12-25 02:02:41,416 - INFO -   [18/27] 采集 DOT-USDT-SWAP...
2025-12-25 02:02:41,645 - INFO -     💰 当前价格: $1.736
2025-12-25 02:02:41,646 - INFO -     📊 位置: 4h=46.67% | 12h=73.53% | 24h=60.38% | 48h=39.02%
2025-12-25 02:02:42,146 - INFO -   [19/27] 采集 AAVE-USDT-SWAP...
2025-12-25 02:02:42,379 - INFO -     💰 当前价格: $149.18
2025-12-25 02:02:42,380 - INFO -     📊 位置: 4h=70.83% | 12h=70.38% | 24h=72.36% | 48h=31.2%
2025-12-25 02:02:42,880 - INFO -   [20/27] 采集 UNI-USDT-SWAP...
2025-12-25 02:02:43,110 - INFO -     💰 当前价格: $5.806
2025-12-25 02:02:43,111 - INFO -     📊 位置: 4h=51.65% | 12h=62.68% | 24h=73.83% | 48h=42.07%
2025-12-25 02:02:43,611 - INFO -   [21/27] 采集 NEAR-USDT-SWAP...
2025-12-25 02:02:43,852 - INFO -     💰 当前价格: $1.464
2025-12-25 02:02:43,852 - INFO -     📊 位置: 4h=77.78% | 12h=68.75% | 24h=68.89% | 48h=31.96%
2025-12-25 02:02:44,352 - INFO -   [22/27] 采集 APT-USDT-SWAP...
2025-12-25 02:02:44,591 - INFO -     💰 当前价格: $1.627
2025-12-25 02:02:44,591 - INFO -     📊 位置: 4h=38.46% | 12h=76.32% | 24h=80.65% | 48h=80.65%
2025-12-25 02:02:45,091 - INFO -   [23/27] 采集 CFX-USDT-SWAP...
2025-12-25 02:02:45,326 - INFO -     💰 当前价格: $0.07509
2025-12-25 02:02:45,326 - INFO -     📊 位置: 4h=42.24% | 12h=64.18% | 24h=67.65% | 48h=67.65%
2025-12-25 02:02:45,826 - INFO -   [24/27] 采集 CRV-USDT-SWAP...
2025-12-25 02:02:46,063 - INFO -     💰 当前价格: $0.3779
2025-12-25 02:02:46,064 - INFO -     📊 位置: 4h=61.82% | 12h=49.31% | 24h=68.53% | 48h=69.58%
2025-12-25 02:02:46,564 - INFO -   [25/27] 采集 STX-USDT-SWAP...
2025-12-25 02:02:46,794 - INFO -     💰 当前价格: $0.249
2025-12-25 02:02:46,795 - INFO -     📊 位置: 4h=61.54% | 12h=87.36% | 24h=92.09% | 48h=92.09%
2025-12-25 02:02:47,295 - INFO -   [26/27] 采集 LDO-USDT-SWAP...
2025-12-25 02:02:47,525 - INFO -     💰 当前价格: $0.5388
2025-12-25 02:02:47,525 - INFO -     📊 位置: 4h=55.26% | 12h=88.24% | 24h=91.08% | 48h=74.02%
2025-12-25 02:02:48,025 - INFO -   [27/27] 采集 TAO-USDT-SWAP...
2025-12-25 02:02:48,265 - INFO -     💰 当前价格: $218.3
2025-12-25 02:02:48,265 - INFO -     📊 位置: 4h=32.0% | 12h=80.23% | 24h=87.77% | 48h=77.22%
2025-12-25 02:02:48,772 - INFO - 💾 数据保存成功: 27 个币种
2025-12-25 02:02:48,777 - INFO - 📊 统计数据保存成功:
2025-12-25 02:02:48,777 - INFO -     4h低于1%: 0/27
2025-12-25 02:02:48,777 - INFO -    12h低于1%: 0/27
2025-12-25 02:02:48,778 - INFO -    24h低于1%: 0/27
2025-12-25 02:02:48,778 - INFO -    48h低于1%: 0/27
2025-12-25 02:02:48,778 - INFO - ✅ 数据采集完成: 成功 27/27
2025-12-25 02:02:48,778 - INFO - 🚀 位置系统采集器启动，采集间隔: 300秒
2025-12-25 02:02:48,778 - INFO - 📊 开始采集位置系统数据...
2025-12-25 02:02:48,778 - INFO - 📋 币种列表: 27 个币种
2025-12-25 02:02:48,778 - INFO -   [1/27] 采集 BTC-USDT-SWAP...
2025-12-25 02:02:49,014 - INFO -     💰 当前价格: $87556.0
2025-12-25 02:02:49,015 - INFO -     📊 位置: 4h=16.02% | 12h=68.1% | 24h=71.6% | 48h=60.82%
2025-12-25 02:02:49,515 - INFO -   [2/27] 采集 ETH-USDT-SWAP...
2025-12-25 02:02:49,749 - INFO -     💰 当前价格: $2942.97
2025-12-25 02:02:49,749 - INFO -     📊 位置: 4h=32.73% | 12h=67.69% | 24h=74.09% | 48h=50.36%
2025-12-25 02:02:50,250 - INFO -   [3/27] 采集 XRP-USDT-SWAP...
2025-12-25 02:02:50,477 - INFO -     💰 当前价格: $1.8633
2025-12-25 02:02:50,477 - INFO -     📊 位置: 4h=57.25% | 12h=65.79% | 24h=66.59% | 48h=39.97%
2025-12-25 02:02:50,978 - INFO -   [4/27] 采集 BNB-USDT-SWAP...
2025-12-25 02:02:51,205 - INFO -     💰 当前价格: $845.7
2025-12-25 02:02:51,205 - INFO -     📊 位置: 4h=29.55% | 12h=71.11% | 24h=74.0% | 48h=49.55%
2025-12-25 02:02:51,706 - INFO -   [5/27] 采集 SOL-USDT-SWAP...
2025-12-25 02:02:51,940 - INFO -     💰 当前价格: $122.47
2025-12-25 02:02:51,941 - INFO -     📊 位置: 4h=35.2% | 12h=56.56% | 24h=67.01% | 48h=34.95%
2025-12-25 02:02:52,441 - INFO -   [6/27] 采集 LTC-USDT-SWAP...
2025-12-25 02:02:52,679 - INFO -     💰 当前价格: $75.78
2025-12-25 02:02:52,679 - INFO -     📊 位置: 4h=50.0% | 12h=59.34% | 24h=37.06% | 48h=22.66%
2025-12-25 02:02:53,180 - INFO -   [7/27] 采集 DOGE-USDT-SWAP...
2025-12-25 02:02:53,408 - INFO -     💰 当前价格: $0.12842
2025-12-25 02:02:53,408 - INFO -     📊 位置: 4h=41.3% | 12h=60.71% | 24h=67.43% | 48h=30.92%
2025-12-25 02:02:53,909 - INFO -   [8/27] 采集 SUI-USDT-SWAP...
2025-12-25 02:02:54,144 - INFO -     💰 当前价格: $1.4114
2025-12-25 02:02:54,144 - INFO -     📊 位置: 4h=22.54% | 12h=41.28% | 24h=59.46% | 48h=34.72%
2025-12-25 02:02:54,645 - INFO -   [9/27] 采集 TRX-USDT-SWAP...
2025-12-25 02:02:54,875 - INFO -     💰 当前价格: $0.28042
2025-12-25 02:02:54,875 - INFO -     📊 位置: 4h=77.29% | 12h=41.78% | 24h=32.06% | 48h=27.16%
2025-12-25 02:02:55,375 - INFO -   [10/27] 采集 TON-USDT-SWAP...
2025-12-25 02:02:55,618 - INFO -     💰 当前价格: $1.495
2025-12-25 02:02:55,618 - INFO -     📊 位置: 4h=75.0% | 12h=91.67% | 24h=93.75% | 48h=94.74%
2025-12-25 02:02:56,119 - INFO -   [11/27] 采集 ETC-USDT-SWAP...
2025-12-25 02:02:56,357 - INFO -     💰 当前价格: $12.0
2025-12-25 02:02:56,357 - INFO -     📊 位置: 4h=33.33% | 12h=65.22% | 24h=73.33% | 48h=52.38%
2025-12-25 02:02:56,857 - INFO -   [12/27] 采集 BCH-USDT-SWAP...
2025-12-25 02:02:57,100 - INFO -     💰 当前价格: $567.0
2025-12-25 02:02:57,100 - INFO -     📊 位置: 4h=33.33% | 12h=41.49% | 24h=22.29% | 48h=14.29%
2025-12-25 02:02:57,601 - INFO -   [13/27] 采集 HBAR-USDT-SWAP...
2025-12-25 02:02:57,827 - INFO -     💰 当前价格: $0.10923
2025-12-25 02:02:57,828 - INFO -     📊 位置: 4h=33.78% | 12h=36.08% | 24h=39.72% | 48h=23.14%
2025-12-25 02:02:58,328 - INFO -   [14/27] 采集 XLM-USDT-SWAP...
2025-12-25 02:02:58,573 - INFO -     💰 当前价格: $0.21232
2025-12-25 02:02:58,573 - INFO -     📊 位置: 4h=40.64% | 12h=30.32% | 24h=20.61% | 48h=12.98%
2025-12-25 02:02:59,074 - INFO -   [15/27] 采集 FIL-USDT-SWAP...
2025-12-25 02:02:59,307 - INFO -     💰 当前价格: $1.269
2025-12-25 02:02:59,307 - INFO -     📊 位置: 4h=27.27% | 12h=25.0% | 24h=20.0% | 48h=7.78%
2025-12-25 02:02:59,807 - INFO -   [16/27] 采集 LINK-USDT-SWAP...
2025-12-25 02:03:00,056 - INFO -     💰 当前价格: $12.257
2025-12-25 02:03:00,057 - INFO -     📊 位置: 4h=24.03% | 12h=64.86% | 24h=69.21% | 48h=48.26%
2025-12-25 02:03:00,557 - INFO -   [17/27] 采集 CRO-USDT-SWAP...
2025-12-25 02:03:00,796 - INFO -     💰 当前价格: $0.09295
2025-12-25 02:03:00,796 - INFO -     📊 位置: 4h=36.0% | 12h=53.28% | 24h=39.46% | 48h=19.41%
2025-12-25 02:03:01,296 - INFO -   [18/27] 采集 DOT-USDT-SWAP...
2025-12-25 02:03:01,533 - INFO -     💰 当前价格: $1.735
2025-12-25 02:03:01,533 - INFO -     📊 位置: 4h=40.0% | 12h=70.59% | 24h=58.49% | 48h=37.8%
2025-12-25 02:03:02,033 - INFO -   [19/27] 采集 AAVE-USDT-SWAP...
2025-12-25 02:03:02,265 - INFO -     💰 当前价格: $149.16
2025-12-25 02:03:02,266 - INFO -     📊 位置: 4h=70.0% | 12h=69.62% | 24h=71.86% | 48h=30.99%
2025-12-25 02:03:02,766 - INFO -   [20/27] 采集 UNI-USDT-SWAP...
2025-12-25 02:03:02,997 - INFO -     💰 当前价格: $5.805
2025-12-25 02:03:02,997 - INFO -     📊 位置: 4h=50.55% | 12h=62.2% | 24h=73.49% | 48h=41.87%
2025-12-25 02:03:03,497 - INFO -   [21/27] 采集 NEAR-USDT-SWAP...
2025-12-25 02:03:03,741 - INFO -     💰 当前价格: $1.464
2025-12-25 02:03:03,741 - INFO -     📊 位置: 4h=77.78% | 12h=68.75% | 24h=68.89% | 48h=31.96%
2025-12-25 02:03:04,242 - INFO -   [22/27] 采集 APT-USDT-SWAP...
2025-12-25 02:03:04,483 - INFO -     💰 当前价格: $1.628
2025-12-25 02:03:04,483 - INFO -     📊 位置: 4h=42.31% | 12h=77.63% | 24h=81.72% | 48h=81.72%
2025-12-25 02:03:04,983 - INFO -   [23/27] 采集 CFX-USDT-SWAP...
2025-12-25 02:03:05,221 - INFO -     💰 当前价格: $0.07508
2025-12-25 02:03:05,221 - INFO -     📊 位置: 4h=42.08% | 12h=64.07% | 24h=67.56% | 48h=67.56%
2025-12-25 02:03:05,721 - INFO -   [24/27] 采集 CRV-USDT-SWAP...
2025-12-25 02:03:05,966 - INFO -     💰 当前价格: $0.3781
2025-12-25 02:03:05,966 - INFO -     📊 位置: 4h=65.45% | 12h=50.69% | 24h=69.4% | 48h=70.42%
2025-12-25 02:03:06,467 - INFO -   [25/27] 采集 STX-USDT-SWAP...
2025-12-25 02:03:06,702 - INFO -     💰 当前价格: $0.249
2025-12-25 02:03:06,703 - INFO -     📊 位置: 4h=61.54% | 12h=87.36% | 24h=92.09% | 48h=92.09%
2025-12-25 02:03:07,203 - INFO -   [26/27] 采集 LDO-USDT-SWAP...
2025-12-25 02:03:07,439 - INFO -     💰 当前价格: $0.5389
2025-12-25 02:03:07,440 - INFO -     📊 位置: 4h=57.89% | 12h=88.73% | 24h=91.45% | 48h=74.32%
2025-12-25 02:03:07,940 - INFO -   [27/27] 采集 TAO-USDT-SWAP...
2025-12-25 02:03:08,179 - INFO -     💰 当前价格: $218.2
2025-12-25 02:03:08,179 - INFO -     📊 位置: 4h=28.0% | 12h=79.07% | 24h=87.05% | 48h=76.58%
2025-12-25 02:03:08,686 - INFO - 💾 数据保存成功: 27 个币种
2025-12-25 02:03:08,691 - INFO - 📊 统计数据保存成功:
2025-12-25 02:03:08,691 - INFO -     4h低于1%: 0/27
2025-12-25 02:03:08,691 - INFO -    12h低于1%: 0/27
2025-12-25 02:03:08,691 - INFO -    24h低于1%: 0/27
2025-12-25 02:03:08,691 - INFO -    48h低于1%: 0/27
2025-12-25 02:03:08,691 - INFO - ✅ 数据采集完成: 成功 27/27
2025-12-25 02:03:08,692 - INFO - ⏳ 等待 300 秒后进行下一次采集...

2025-12-25 02:07:29,409 - INFO - ⛔ 收到停止信号，退出采集器
2025-12-25 02:07:29,723 - INFO - ✅ 数据库初始化完成
2025-12-25 02:07:29,723 - INFO - 📊 开始采集位置系统数据...
2025-12-25 02:07:29,724 - INFO - 📋 币种列表: 27 个币种
2025-12-25 02:07:29,734 - INFO -   [1/27] 采集 BTC-USDT-SWAP...
2025-12-25 02:07:29,971 - INFO -     💰 当前价格: $87597.9
2025-12-25 02:07:29,971 - INFO -     📊 位置: 4h=24.32% | 12h=70.89% | 24h=74.09% | 48h=62.93%
2025-12-25 02:07:30,471 - INFO -   [2/27] 采集 ETH-USDT-SWAP...
2025-12-25 02:07:30,705 - INFO -     💰 当前价格: $2943.71
2025-12-25 02:07:30,705 - INFO -     📊 位置: 4h=35.79% | 12h=68.89% | 24h=75.05% | 48h=51.01%
2025-12-25 02:07:31,205 - INFO -   [3/27] 采集 XRP-USDT-SWAP...
2025-12-25 02:07:31,448 - INFO -     💰 当前价格: $1.864
2025-12-25 02:07:31,448 - INFO -     📊 位置: 4h=62.32% | 12h=68.86% | 24h=68.29% | 48h=41.0%
2025-12-25 02:07:31,948 - INFO -   [4/27] 采集 BNB-USDT-SWAP...
2025-12-25 02:07:32,183 - INFO -     💰 当前价格: $845.9
2025-12-25 02:07:32,183 - INFO -     📊 位置: 4h=34.09% | 12h=72.59% | 24h=75.33% | 48h=50.45%
2025-12-25 02:07:32,683 - INFO -   [5/27] 采集 SOL-USDT-SWAP...
2025-12-25 02:07:32,918 - INFO -     💰 当前价格: $122.51
2025-12-25 02:07:32,918 - INFO -     📊 位置: 4h=38.4% | 12h=58.37% | 24h=68.38% | 48h=35.66%
2025-12-25 02:07:33,419 - INFO -   [6/27] 采集 LTC-USDT-SWAP...
2025-12-25 02:07:33,653 - INFO -     💰 当前价格: $75.86
2025-12-25 02:07:33,653 - INFO -     📊 位置: 4h=63.33% | 12h=68.13% | 24h=41.76% | 48h=25.54%
2025-12-25 02:07:34,153 - INFO -   [7/27] 采集 DOGE-USDT-SWAP...
2025-12-25 02:07:34,403 - INFO -     💰 当前价格: $0.12849
2025-12-25 02:07:34,403 - INFO -     📊 位置: 4h=46.38% | 12h=63.49% | 24h=69.74% | 48h=31.98%
2025-12-25 02:07:34,904 - INFO -   [8/27] 采集 SUI-USDT-SWAP...
2025-12-25 02:07:35,142 - INFO -     💰 当前价格: $1.4107
2025-12-25 02:07:35,143 - INFO -     📊 位置: 4h=18.5% | 12h=38.79% | 24h=57.74% | 48h=33.72%
2025-12-25 02:07:35,644 - INFO -   [9/27] 采集 TRX-USDT-SWAP...
2025-12-25 02:07:36,069 - INFO -     💰 当前价格: $0.28034
2025-12-25 02:07:36,070 - INFO -     📊 位置: 4h=73.43% | 12h=39.69% | 24h=30.46% | 48h=25.81%
2025-12-25 02:07:36,570 - INFO -   [10/27] 采集 TON-USDT-SWAP...
2025-12-25 02:07:36,804 - INFO -     💰 当前价格: $1.496
2025-12-25 02:07:36,805 - INFO -     📊 位置: 4h=62.5% | 12h=85.0% | 24h=88.46% | 48h=90.16%
2025-12-25 02:07:37,305 - INFO -   [11/27] 采集 ETC-USDT-SWAP...
2025-12-25 02:07:37,535 - INFO -     💰 当前价格: $12.01
2025-12-25 02:07:37,535 - INFO -     📊 位置: 4h=44.44% | 12h=69.57% | 24h=76.67% | 48h=54.76%
2025-12-25 02:07:38,035 - INFO -   [12/27] 采集 BCH-USDT-SWAP...
2025-12-25 02:07:38,263 - INFO -     💰 当前价格: $567.4
2025-12-25 02:07:38,264 - INFO -     📊 位置: 4h=41.18% | 12h=45.74% | 24h=24.57% | 48h=15.75%
2025-12-25 02:07:38,764 - INFO -   [13/27] 采集 HBAR-USDT-SWAP...
2025-12-25 02:07:39,000 - INFO -     💰 当前价格: $0.1094
2025-12-25 02:07:39,000 - INFO -     📊 位置: 4h=45.27% | 12h=44.85% | 24h=45.74% | 48h=26.65%
2025-12-25 02:07:39,501 - INFO -   [14/27] 采集 XLM-USDT-SWAP...
2025-12-25 02:07:39,743 - INFO -     💰 当前价格: $0.21254
2025-12-25 02:07:39,743 - INFO -     📊 位置: 4h=50.68% | 12h=36.17% | 24h=24.59% | 48h=15.49%
2025-12-25 02:07:40,243 - INFO -   [15/27] 采集 FIL-USDT-SWAP...
2025-12-25 02:07:40,475 - INFO -     💰 当前价格: $1.272
2025-12-25 02:07:40,476 - INFO -     📊 位置: 4h=54.55% | 12h=40.0% | 24h=28.57% | 48h=11.11%
2025-12-25 02:07:40,976 - INFO -   [16/27] 采集 LINK-USDT-SWAP...
2025-12-25 02:07:41,205 - INFO -     💰 当前价格: $12.26
2025-12-25 02:07:41,205 - INFO -     📊 位置: 4h=25.97% | 12h=65.77% | 24h=70.0% | 48h=48.81%
2025-12-25 02:07:41,705 - INFO -   [17/27] 采集 CRO-USDT-SWAP...
2025-12-25 02:07:41,934 - INFO -     💰 当前价格: $0.0931
2025-12-25 02:07:41,934 - INFO -     📊 位置: 4h=51.0% | 12h=64.23% | 24h=47.57% | 48h=23.4%
2025-12-25 02:07:42,435 - INFO -   [18/27] 采集 DOT-USDT-SWAP...
2025-12-25 02:07:42,671 - INFO -     💰 当前价格: $1.737
2025-12-25 02:07:42,671 - INFO -     📊 位置: 4h=53.33% | 12h=76.47% | 24h=62.26% | 48h=40.24%
2025-12-25 02:07:43,171 - INFO -   [19/27] 采集 AAVE-USDT-SWAP...
2025-12-25 02:07:43,393 - INFO -     💰 当前价格: $149.15
2025-12-25 02:07:43,394 - INFO -     📊 位置: 4h=69.58% | 12h=69.23% | 24h=71.61% | 48h=30.88%
2025-12-25 02:07:43,894 - INFO -   [20/27] 采集 UNI-USDT-SWAP...
2025-12-25 02:07:44,137 - INFO -     💰 当前价格: $5.803
2025-12-25 02:07:44,137 - INFO -     📊 位置: 4h=48.35% | 12h=61.24% | 24h=72.82% | 48h=41.49%
2025-12-25 02:07:44,637 - INFO -   [21/27] 采集 NEAR-USDT-SWAP...
2025-12-25 02:07:44,873 - INFO -     💰 当前价格: $1.464
2025-12-25 02:07:44,874 - INFO -     📊 位置: 4h=77.78% | 12h=68.75% | 24h=68.89% | 48h=31.96%
2025-12-25 02:07:45,374 - INFO -   [22/27] 采集 APT-USDT-SWAP...
2025-12-25 02:07:45,609 - INFO -     💰 当前价格: $1.627
2025-12-25 02:07:45,609 - INFO -     📊 位置: 4h=38.46% | 12h=76.32% | 24h=80.65% | 48h=80.65%
2025-12-25 02:07:46,110 - INFO -   [23/27] 采集 CFX-USDT-SWAP...
2025-12-25 02:07:46,346 - INFO -     💰 当前价格: $0.07519
2025-12-25 02:07:46,346 - INFO -     📊 位置: 4h=43.89% | 12h=65.2% | 24h=68.58% | 48h=68.58%
2025-12-25 02:07:46,846 - INFO -   [24/27] 采集 CRV-USDT-SWAP...
2025-12-25 02:07:47,071 - INFO -     💰 当前价格: $0.3784
2025-12-25 02:07:47,072 - INFO -     📊 位置: 4h=70.91% | 12h=52.78% | 24h=70.69% | 48h=71.67%
2025-12-25 02:07:47,572 - INFO -   [25/27] 采集 STX-USDT-SWAP...
2025-12-25 02:07:47,800 - INFO -     💰 当前价格: $0.2488
2025-12-25 02:07:47,801 - INFO -     📊 位置: 4h=53.85% | 12h=85.06% | 24h=90.65% | 48h=90.65%
2025-12-25 02:07:48,301 - INFO -   [26/27] 采集 LDO-USDT-SWAP...
2025-12-25 02:07:48,552 - INFO -     💰 当前价格: $0.5395
2025-12-25 02:07:48,552 - INFO -     📊 位置: 4h=73.68% | 12h=91.67% | 24h=93.68% | 48h=76.13%
2025-12-25 02:07:49,053 - INFO -   [27/27] 采集 TAO-USDT-SWAP...
2025-12-25 02:07:49,274 - INFO -     💰 当前价格: $218.2
2025-12-25 02:07:49,274 - INFO -     📊 位置: 4h=28.0% | 12h=79.07% | 24h=87.05% | 48h=76.58%
2025-12-25 02:07:49,779 - INFO - 💾 数据保存成功: 27 个币种
2025-12-25 02:07:49,783 - INFO - 📊 统计数据保存成功:
2025-12-25 02:07:49,783 - INFO -     4h低于1%: 0/27
2025-12-25 02:07:49,784 - INFO -    12h低于1%: 0/27
2025-12-25 02:07:49,784 - INFO -    24h低于1%: 0/27
2025-12-25 02:07:49,784 - INFO -    48h低于1%: 0/27
2025-12-25 02:07:49,784 - INFO - ✅ 数据采集完成: 成功 27/27
2025-12-25 02:07:49,784 - INFO - 🚀 位置系统采集器启动，采集间隔: 300秒
2025-12-25 02:07:49,784 - INFO - 📊 开始采集位置系统数据...
2025-12-25 02:07:49,784 - INFO - 📋 币种列表: 27 个币种
2025-12-25 02:07:49,785 - INFO -   [1/27] 采集 BTC-USDT-SWAP...
2025-12-25 02:07:50,019 - INFO -     💰 当前价格: $87586.0
2025-12-25 02:07:50,020 - INFO -     📊 位置: 4h=21.96% | 12h=70.1% | 24h=73.38% | 48h=62.33%
2025-12-25 02:07:50,520 - INFO -   [2/27] 采集 ETH-USDT-SWAP...
2025-12-25 02:07:50,757 - INFO -     💰 当前价格: $2943.45
2025-12-25 02:07:50,757 - INFO -     📊 位置: 4h=34.71% | 12h=68.47% | 24h=74.71% | 48h=50.78%
2025-12-25 02:07:51,257 - INFO -   [3/27] 采集 XRP-USDT-SWAP...
2025-12-25 02:07:51,497 - INFO -     💰 当前价格: $1.864
2025-12-25 02:07:51,497 - INFO -     📊 位置: 4h=62.32% | 12h=68.86% | 24h=68.29% | 48h=41.0%
2025-12-25 02:07:51,997 - INFO -   [4/27] 采集 BNB-USDT-SWAP...
2025-12-25 02:07:52,239 - INFO -     💰 当前价格: $845.9
2025-12-25 02:07:52,239 - INFO -     📊 位置: 4h=34.09% | 12h=72.59% | 24h=75.33% | 48h=50.45%
2025-12-25 02:07:52,740 - INFO -   [5/27] 采集 SOL-USDT-SWAP...
2025-12-25 02:07:52,967 - INFO -     💰 当前价格: $122.48
2025-12-25 02:07:52,967 - INFO -     📊 位置: 4h=36.0% | 12h=57.01% | 24h=67.35% | 48h=35.13%
2025-12-25 02:07:53,468 - INFO -   [6/27] 采集 LTC-USDT-SWAP...
2025-12-25 02:07:53,696 - INFO -     💰 当前价格: $75.86
2025-12-25 02:07:53,696 - INFO -     📊 位置: 4h=63.33% | 12h=68.13% | 24h=41.76% | 48h=25.54%
2025-12-25 02:07:54,196 - INFO -   [7/27] 采集 DOGE-USDT-SWAP...
2025-12-25 02:07:54,435 - INFO -     💰 当前价格: $0.12846
2025-12-25 02:07:54,435 - INFO -     📊 位置: 4h=44.2% | 12h=62.3% | 24h=68.75% | 48h=31.52%
2025-12-25 02:07:54,936 - INFO -   [8/27] 采集 SUI-USDT-SWAP...
2025-12-25 02:07:55,166 - INFO -     💰 当前价格: $1.4108
2025-12-25 02:07:55,166 - INFO -     📊 位置: 4h=19.08% | 12h=39.15% | 24h=57.99% | 48h=33.86%
2025-12-25 02:07:55,666 - INFO -   [9/27] 采集 TRX-USDT-SWAP...
2025-12-25 02:07:55,908 - INFO -     💰 当前价格: $0.28033
2025-12-25 02:07:55,909 - INFO -     📊 位置: 4h=72.95% | 12h=39.43% | 24h=30.26% | 48h=25.64%
2025-12-25 02:07:56,409 - INFO -   [10/27] 采集 TON-USDT-SWAP...
2025-12-25 02:07:56,638 - INFO -     💰 当前价格: $1.497
2025-12-25 02:07:56,638 - INFO -     📊 位置: 4h=68.75% | 12h=87.5% | 24h=90.38% | 48h=91.8%
2025-12-25 02:07:57,139 - INFO -   [11/27] 采集 ETC-USDT-SWAP...
2025-12-25 02:07:57,377 - INFO -     💰 当前价格: $12.01
2025-12-25 02:07:57,377 - INFO -     📊 位置: 4h=44.44% | 12h=69.57% | 24h=76.67% | 48h=54.76%
2025-12-25 02:07:57,877 - INFO -   [12/27] 采集 BCH-USDT-SWAP...
2025-12-25 02:07:58,112 - INFO -     💰 当前价格: $567.4
2025-12-25 02:07:58,112 - INFO -     📊 位置: 4h=41.18% | 12h=45.74% | 24h=24.57% | 48h=15.75%
2025-12-25 02:07:58,612 - INFO -   [13/27] 采集 HBAR-USDT-SWAP...
2025-12-25 02:07:58,841 - INFO -     💰 当前价格: $0.1094
2025-12-25 02:07:58,842 - INFO -     📊 位置: 4h=45.27% | 12h=44.85% | 24h=45.74% | 48h=26.65%
2025-12-25 02:07:59,342 - INFO -   [14/27] 采集 XLM-USDT-SWAP...
2025-12-25 02:07:59,583 - INFO -     💰 当前价格: $0.21254
2025-12-25 02:07:59,583 - INFO -     📊 位置: 4h=50.68% | 12h=36.17% | 24h=24.59% | 48h=15.49%
2025-12-25 02:08:00,083 - INFO -   [15/27] 采集 FIL-USDT-SWAP...
2025-12-25 02:08:00,323 - INFO -     💰 当前价格: $1.272
2025-12-25 02:08:00,324 - INFO -     📊 位置: 4h=54.55% | 12h=40.0% | 24h=28.57% | 48h=11.11%
2025-12-25 02:08:00,824 - INFO -   [16/27] 采集 LINK-USDT-SWAP...
2025-12-25 02:08:01,061 - INFO -     💰 当前价格: $12.26
2025-12-25 02:08:01,061 - INFO -     📊 位置: 4h=25.97% | 12h=65.77% | 24h=70.0% | 48h=48.81%
2025-12-25 02:08:01,561 - INFO -   [17/27] 采集 CRO-USDT-SWAP...
2025-12-25 02:08:01,801 - INFO -     💰 当前价格: $0.09314
2025-12-25 02:08:01,801 - INFO -     📊 位置: 4h=55.0% | 12h=67.15% | 24h=49.73% | 48h=24.47%
2025-12-25 02:08:02,301 - INFO -   [18/27] 采集 DOT-USDT-SWAP...
2025-12-25 02:08:02,537 - INFO -     💰 当前价格: $1.736
2025-12-25 02:08:02,538 - INFO -     📊 位置: 4h=46.67% | 12h=73.53% | 24h=60.38% | 48h=39.02%
2025-12-25 02:08:03,038 - INFO -   [19/27] 采集 AAVE-USDT-SWAP...
2025-12-25 02:08:03,274 - INFO -     💰 当前价格: $149.29
2025-12-25 02:08:03,274 - INFO -     📊 位置: 4h=75.42% | 12h=74.62% | 24h=75.13% | 48h=32.39%
2025-12-25 02:08:03,774 - INFO -   [20/27] 采集 UNI-USDT-SWAP...
2025-12-25 02:08:04,006 - INFO -     💰 当前价格: $5.803
2025-12-25 02:08:04,006 - INFO -     📊 位置: 4h=48.35% | 12h=61.24% | 24h=72.82% | 48h=41.49%
2025-12-25 02:08:04,506 - INFO -   [21/27] 采集 NEAR-USDT-SWAP...
2025-12-25 02:08:04,741 - INFO -     💰 当前价格: $1.464
2025-12-25 02:08:04,741 - INFO -     📊 位置: 4h=77.78% | 12h=68.75% | 24h=68.89% | 48h=31.96%
2025-12-25 02:08:05,242 - INFO -   [22/27] 采集 APT-USDT-SWAP...
2025-12-25 02:08:05,475 - INFO -     💰 当前价格: $1.628
2025-12-25 02:08:05,476 - INFO -     📊 位置: 4h=42.31% | 12h=77.63% | 24h=81.72% | 48h=81.72%
2025-12-25 02:08:05,976 - INFO -   [23/27] 采集 CFX-USDT-SWAP...
2025-12-25 02:08:06,209 - INFO -     💰 当前价格: $0.07527
2025-12-25 02:08:06,209 - INFO -     📊 位置: 4h=45.21% | 12h=66.02% | 24h=69.32% | 48h=69.32%
2025-12-25 02:08:06,710 - INFO -   [24/27] 采集 CRV-USDT-SWAP...
2025-12-25 02:08:06,932 - INFO -     💰 当前价格: $0.3784
2025-12-25 02:08:06,932 - INFO -     📊 位置: 4h=70.91% | 12h=52.78% | 24h=70.69% | 48h=71.67%
2025-12-25 02:08:07,432 - INFO -   [25/27] 采集 STX-USDT-SWAP...
2025-12-25 02:08:07,666 - INFO -     💰 当前价格: $0.2488
2025-12-25 02:08:07,666 - INFO -     📊 位置: 4h=53.85% | 12h=85.06% | 24h=90.65% | 48h=90.65%
2025-12-25 02:08:08,166 - INFO -   [26/27] 采集 LDO-USDT-SWAP...
2025-12-25 02:08:08,397 - INFO -     💰 当前价格: $0.5395
2025-12-25 02:08:08,397 - INFO -     📊 位置: 4h=73.68% | 12h=91.67% | 24h=93.68% | 48h=76.13%
2025-12-25 02:08:08,897 - INFO -   [27/27] 采集 TAO-USDT-SWAP...
2025-12-25 02:08:09,121 - INFO -     💰 当前价格: $218.2
2025-12-25 02:08:09,121 - INFO -     📊 位置: 4h=28.0% | 12h=79.07% | 24h=87.05% | 48h=76.58%
2025-12-25 02:08:09,626 - INFO - 💾 数据保存成功: 27 个币种
2025-12-25 02:08:09,630 - INFO - 📊 统计数据保存成功:
2025-12-25 02:08:09,631 - INFO -     4h低于1%: 0/27
2025-12-25 02:08:09,631 - INFO -    12h低于1%: 0/27
2025-12-25 02:08:09,631 - INFO -    24h低于1%: 0/27
2025-12-25 02:08:09,631 - INFO -    48h低于1%: 0/27
2025-12-25 02:08:09,631 - INFO - ✅ 数据采集完成: 成功 27/27
2025-12-25 02:08:09,631 - INFO - ⏳ 等待 300 秒后进行下一次采集...

2025-12-25 02:12:30,338 - INFO - ⛔ 收到停止信号，退出采集器
2025-12-25 02:12:30,674 - INFO - ✅ 数据库初始化完成
2025-12-25 02:12:30,674 - INFO - 📊 开始采集位置系统数据...
2025-12-25 02:12:30,674 - INFO - 📋 币种列表: 27 个币种
2025-12-25 02:12:30,685 - INFO -   [1/27] 采集 BTC-USDT-SWAP...
2025-12-25 02:12:30,913 - INFO -     💰 当前价格: $87650.3
2025-12-25 02:12:30,913 - INFO -     📊 位置: 4h=34.7% | 12h=74.38% | 24h=77.2% | 48h=65.57%
2025-12-25 02:12:31,413 - INFO -   [2/27] 采集 ETH-USDT-SWAP...
2025-12-25 02:12:31,673 - INFO -     💰 当前价格: $2946.57
2025-12-25 02:12:31,674 - INFO -     📊 位置: 4h=47.64% | 12h=73.54% | 24h=78.78% | 48h=53.55%
2025-12-25 02:12:32,174 - INFO -   [3/27] 采集 XRP-USDT-SWAP...
2025-12-25 02:12:32,412 - INFO -     💰 当前价格: $1.8645
2025-12-25 02:12:32,413 - INFO -     📊 位置: 4h=65.94% | 12h=71.05% | 24h=69.51% | 48h=41.73%
2025-12-25 02:12:32,913 - INFO -   [4/27] 采集 BNB-USDT-SWAP...
2025-12-25 02:12:33,141 - INFO -     💰 当前价格: $845.9
2025-12-25 02:12:33,141 - INFO -     📊 位置: 4h=34.09% | 12h=72.59% | 24h=75.33% | 48h=50.45%
2025-12-25 02:12:33,642 - INFO -   [5/27] 采集 SOL-USDT-SWAP...
2025-12-25 02:12:33,870 - INFO -     💰 当前价格: $122.6
2025-12-25 02:12:33,871 - INFO -     📊 位置: 4h=45.6% | 12h=62.44% | 24h=71.48% | 48h=37.28%
2025-12-25 02:12:34,371 - INFO -   [6/27] 采集 LTC-USDT-SWAP...
2025-12-25 02:12:34,604 - INFO -     💰 当前价格: $75.88
2025-12-25 02:12:34,604 - INFO -     📊 位置: 4h=66.67% | 12h=70.33% | 24h=42.94% | 48h=26.26%
2025-12-25 02:12:35,105 - INFO -   [7/27] 采集 DOGE-USDT-SWAP...
2025-12-25 02:12:35,344 - INFO -     💰 当前价格: $0.12855
2025-12-25 02:12:35,345 - INFO -     📊 位置: 4h=50.72% | 12h=65.87% | 24h=71.71% | 48h=32.88%
2025-12-25 02:12:35,845 - INFO -   [8/27] 采集 SUI-USDT-SWAP...
2025-12-25 02:12:36,078 - INFO -     💰 当前价格: $1.4119
2025-12-25 02:12:36,078 - INFO -     📊 位置: 4h=25.43% | 12h=43.06% | 24h=60.69% | 48h=35.44%
2025-12-25 02:12:36,579 - INFO -   [9/27] 采集 TRX-USDT-SWAP...
2025-12-25 02:12:36,809 - INFO -     💰 当前价格: $0.28022
2025-12-25 02:12:36,809 - INFO -     📊 位置: 4h=67.63% | 12h=36.55% | 24h=28.06% | 48h=23.77%
2025-12-25 02:12:37,310 - INFO -   [10/27] 采集 TON-USDT-SWAP...
2025-12-25 02:12:37,528 - INFO -     💰 当前价格: $1.497
2025-12-25 02:12:37,528 - INFO -     📊 位置: 4h=68.75% | 12h=87.5% | 24h=90.38% | 48h=91.8%
2025-12-25 02:12:38,029 - INFO -   [11/27] 采集 ETC-USDT-SWAP...
2025-12-25 02:12:38,260 - INFO -     💰 当前价格: $12.01
2025-12-25 02:12:38,260 - INFO -     📊 位置: 4h=44.44% | 12h=69.57% | 24h=76.67% | 48h=54.76%
2025-12-25 02:12:38,760 - INFO -   [12/27] 采集 BCH-USDT-SWAP...
2025-12-25 02:12:38,984 - INFO -     💰 当前价格: $567.9
2025-12-25 02:12:38,984 - INFO -     📊 位置: 4h=50.98% | 12h=51.06% | 24h=27.43% | 48h=17.58%
2025-12-25 02:12:39,485 - INFO -   [13/27] 采集 HBAR-USDT-SWAP...
2025-12-25 02:12:39,729 - INFO -     💰 当前价格: $0.10951
2025-12-25 02:12:39,729 - INFO -     📊 位置: 4h=52.7% | 12h=50.52% | 24h=49.65% | 48h=28.93%
2025-12-25 02:12:40,229 - INFO -   [14/27] 采集 XLM-USDT-SWAP...
2025-12-25 02:12:40,463 - INFO -     💰 当前价格: $0.21256
2025-12-25 02:12:40,463 - INFO -     📊 位置: 4h=51.6% | 12h=36.7% | 24h=24.95% | 48h=15.72%
2025-12-25 02:12:40,964 - INFO -   [15/27] 采集 FIL-USDT-SWAP...
2025-12-25 02:12:41,220 - INFO -     💰 当前价格: $1.27
2025-12-25 02:12:41,221 - INFO -     📊 位置: 4h=36.36% | 12h=30.0% | 24h=22.86% | 48h=8.89%
2025-12-25 02:12:41,721 - INFO -   [16/27] 采集 LINK-USDT-SWAP...
2025-12-25 02:12:41,958 - INFO -     💰 当前价格: $12.281
2025-12-25 02:12:41,958 - INFO -     📊 位置: 4h=39.61% | 12h=72.07% | 24h=75.53% | 48h=52.66%
2025-12-25 02:12:42,458 - INFO -   [17/27] 采集 CRO-USDT-SWAP...
2025-12-25 02:12:42,686 - INFO -     💰 当前价格: $0.09316
2025-12-25 02:12:42,686 - INFO -     📊 位置: 4h=57.0% | 12h=68.61% | 24h=50.81% | 48h=25.0%
2025-12-25 02:12:43,187 - INFO -   [18/27] 采集 DOT-USDT-SWAP...
2025-12-25 02:12:43,427 - INFO -     💰 当前价格: $1.739
2025-12-25 02:12:43,427 - INFO -     📊 位置: 4h=66.67% | 12h=82.35% | 24h=66.04% | 48h=42.68%
2025-12-25 02:12:43,928 - INFO -   [19/27] 采集 AAVE-USDT-SWAP...
2025-12-25 02:12:44,151 - INFO -     💰 当前价格: $149.37
2025-12-25 02:12:44,151 - INFO -     📊 位置: 4h=78.75% | 12h=77.69% | 24h=77.14% | 48h=33.26%
2025-12-25 02:12:44,652 - INFO -   [20/27] 采集 UNI-USDT-SWAP...
2025-12-25 02:12:44,920 - INFO -     💰 当前价格: $5.822
2025-12-25 02:12:44,921 - INFO -     📊 位置: 4h=69.23% | 12h=70.33% | 24h=79.19% | 48h=45.12%
2025-12-25 02:12:45,421 - INFO -   [21/27] 采集 NEAR-USDT-SWAP...
2025-12-25 02:12:45,658 - INFO -     💰 当前价格: $1.466
2025-12-25 02:12:45,659 - INFO -     📊 位置: 4h=88.89% | 12h=75.0% | 24h=73.33% | 48h=34.02%
2025-12-25 02:12:46,159 - INFO -   [22/27] 采集 APT-USDT-SWAP...
2025-12-25 02:12:46,393 - INFO -     💰 当前价格: $1.636
2025-12-25 02:12:46,393 - INFO -     📊 位置: 4h=73.08% | 12h=88.16% | 24h=90.32% | 48h=90.32%
2025-12-25 02:12:46,893 - INFO -   [23/27] 采集 CFX-USDT-SWAP...
2025-12-25 02:12:47,130 - INFO -     💰 当前价格: $0.07518
2025-12-25 02:12:47,130 - INFO -     📊 位置: 4h=43.73% | 12h=65.1% | 24h=68.48% | 48h=68.48%
2025-12-25 02:12:47,631 - INFO -   [24/27] 采集 CRV-USDT-SWAP...
2025-12-25 02:12:47,868 - INFO -     💰 当前价格: $0.3792
2025-12-25 02:12:47,868 - INFO -     📊 位置: 4h=85.45% | 12h=58.33% | 24h=74.14% | 48h=75.0%
2025-12-25 02:12:48,368 - INFO -   [25/27] 采集 STX-USDT-SWAP...
2025-12-25 02:12:48,599 - INFO -     💰 当前价格: $0.2491
2025-12-25 02:12:48,599 - INFO -     📊 位置: 4h=65.38% | 12h=88.51% | 24h=92.81% | 48h=92.81%
2025-12-25 02:12:49,100 - INFO -   [26/27] 采集 LDO-USDT-SWAP...
2025-12-25 02:12:49,330 - INFO -     💰 当前价格: $0.5404
2025-12-25 02:12:49,330 - INFO -     📊 位置: 4h=97.37% | 12h=96.08% | 24h=97.03% | 48h=78.85%
2025-12-25 02:12:49,831 - INFO -   [27/27] 采集 TAO-USDT-SWAP...
2025-12-25 02:12:50,066 - INFO -     💰 当前价格: $218.4
2025-12-25 02:12:50,066 - INFO -     📊 位置: 4h=36.0% | 12h=81.4% | 24h=88.49% | 48h=77.85%
2025-12-25 02:12:50,571 - INFO - 💾 数据保存成功: 27 个币种
2025-12-25 02:12:50,575 - INFO - 📊 统计数据保存成功:
2025-12-25 02:12:50,575 - INFO -     4h低于1%: 0/27
2025-12-25 02:12:50,575 - INFO -    12h低于1%: 0/27
2025-12-25 02:12:50,575 - INFO -    24h低于1%: 0/27
2025-12-25 02:12:50,575 - INFO -    48h低于1%: 0/27
2025-12-25 02:12:50,575 - INFO - ✅ 数据采集完成: 成功 27/27
2025-12-25 02:12:50,576 - INFO - 🚀 位置系统采集器启动，采集间隔: 300秒
2025-12-25 02:12:50,576 - INFO - 📊 开始采集位置系统数据...
2025-12-25 02:12:50,576 - INFO - 📋 币种列表: 27 个币种
2025-12-25 02:12:50,576 - INFO -   [1/27] 采集 BTC-USDT-SWAP...
2025-12-25 02:12:50,803 - INFO -     💰 当前价格: $87689.8
2025-12-25 02:12:50,803 - INFO -     📊 位置: 4h=42.52% | 12h=77.02% | 24h=79.54% | 48h=67.56%
2025-12-25 02:12:51,304 - INFO -   [2/27] 采集 ETH-USDT-SWAP...
2025-12-25 02:12:51,543 - INFO -     💰 当前价格: $2947.3
2025-12-25 02:12:51,543 - INFO -     📊 位置: 4h=50.66% | 12h=74.72% | 24h=79.73% | 48h=54.2%
2025-12-25 02:12:52,044 - INFO -   [3/27] 采集 XRP-USDT-SWAP...
2025-12-25 02:12:52,272 - INFO -     💰 当前价格: $1.8656
2025-12-25 02:12:52,272 - INFO -     📊 位置: 4h=73.91% | 12h=75.88% | 24h=72.2% | 48h=43.34%
2025-12-25 02:12:52,772 - INFO -   [4/27] 采集 BNB-USDT-SWAP...
2025-12-25 02:12:53,018 - INFO -     💰 当前价格: $846.1
2025-12-25 02:12:53,019 - INFO -     📊 位置: 4h=38.64% | 12h=74.07% | 24h=76.67% | 48h=51.34%
2025-12-25 02:12:53,519 - INFO -   [5/27] 采集 SOL-USDT-SWAP...
2025-12-25 02:12:53,760 - INFO -     💰 当前价格: $122.63
2025-12-25 02:12:53,760 - INFO -     📊 位置: 4h=48.0% | 12h=63.8% | 24h=72.51% | 48h=37.81%
2025-12-25 02:12:54,261 - INFO -   [6/27] 采集 LTC-USDT-SWAP...
2025-12-25 02:12:54,497 - INFO -     💰 当前价格: $75.91
2025-12-25 02:12:54,498 - INFO -     📊 位置: 4h=71.67% | 12h=73.63% | 24h=44.71% | 48h=27.34%
2025-12-25 02:12:54,998 - INFO -   [7/27] 采集 DOGE-USDT-SWAP...
2025-12-25 02:12:55,235 - INFO -     💰 当前价格: $0.12859
2025-12-25 02:12:55,236 - INFO -     📊 位置: 4h=53.62% | 12h=67.46% | 24h=73.03% | 48h=33.48%
2025-12-25 02:12:55,736 - INFO -   [8/27] 采集 SUI-USDT-SWAP...
2025-12-25 02:12:55,969 - INFO -     💰 当前价格: $1.4124
2025-12-25 02:12:55,969 - INFO -     📊 位置: 4h=28.32% | 12h=44.84% | 24h=61.92% | 48h=36.15%
2025-12-25 02:12:56,469 - INFO -   [9/27] 采集 TRX-USDT-SWAP...
2025-12-25 02:12:56,691 - INFO -     💰 当前价格: $0.28022
2025-12-25 02:12:56,691 - INFO -     📊 位置: 4h=67.63% | 12h=36.55% | 24h=28.06% | 48h=23.77%
2025-12-25 02:12:57,192 - INFO -   [10/27] 采集 TON-USDT-SWAP...
2025-12-25 02:12:57,424 - INFO -     💰 当前价格: $1.499
2025-12-25 02:12:57,425 - INFO -     📊 位置: 4h=81.25% | 12h=92.5% | 24h=94.23% | 48h=95.08%
2025-12-25 02:12:57,925 - INFO -   [11/27] 采集 ETC-USDT-SWAP...
2025-12-25 02:12:58,159 - INFO -     💰 当前价格: $12.03
2025-12-25 02:12:58,160 - INFO -     📊 位置: 4h=66.67% | 12h=78.26% | 24h=83.33% | 48h=59.52%
2025-12-25 02:12:58,660 - INFO -   [12/27] 采集 BCH-USDT-SWAP...
2025-12-25 02:12:58,893 - INFO -     💰 当前价格: $568.0
2025-12-25 02:12:58,893 - INFO -     📊 位置: 4h=52.94% | 12h=52.13% | 24h=28.0% | 48h=17.95%
2025-12-25 02:12:59,393 - INFO -   [13/27] 采集 HBAR-USDT-SWAP...
2025-12-25 02:12:59,633 - INFO -     💰 当前价格: $0.10951
2025-12-25 02:12:59,633 - INFO -     📊 位置: 4h=52.7% | 12h=50.52% | 24h=49.65% | 48h=28.93%
2025-12-25 02:13:00,134 - INFO -   [14/27] 采集 XLM-USDT-SWAP...
2025-12-25 02:13:00,364 - INFO -     💰 当前价格: $0.2126
2025-12-25 02:13:00,364 - INFO -     📊 位置: 4h=53.42% | 12h=37.77% | 24h=25.68% | 48h=16.17%
2025-12-25 02:13:00,865 - INFO -   [15/27] 采集 FIL-USDT-SWAP...
2025-12-25 02:13:01,104 - INFO -     💰 当前价格: $1.27
2025-12-25 02:13:01,104 - INFO -     📊 位置: 4h=36.36% | 12h=30.0% | 24h=22.86% | 48h=8.89%
2025-12-25 02:13:01,604 - INFO -   [16/27] 采集 LINK-USDT-SWAP...
2025-12-25 02:13:01,843 - INFO -     💰 当前价格: $12.285
2025-12-25 02:13:01,843 - INFO -     📊 位置: 4h=42.21% | 12h=73.27% | 24h=76.58% | 48h=53.39%
2025-12-25 02:13:02,343 - INFO -   [17/27] 采集 CRO-USDT-SWAP...
2025-12-25 02:13:02,578 - INFO -     💰 当前价格: $0.0932
2025-12-25 02:13:02,578 - INFO -     📊 位置: 4h=61.0% | 12h=71.53% | 24h=52.97% | 48h=26.06%
2025-12-25 02:13:03,079 - INFO -   [18/27] 采集 DOT-USDT-SWAP...
2025-12-25 02:13:03,310 - INFO -     💰 当前价格: $1.738
2025-12-25 02:13:03,311 - INFO -     📊 位置: 4h=60.0% | 12h=79.41% | 24h=64.15% | 48h=41.46%
2025-12-25 02:13:03,811 - INFO -   [19/27] 采集 AAVE-USDT-SWAP...
2025-12-25 02:13:04,044 - INFO -     💰 当前价格: $149.35
2025-12-25 02:13:04,045 - INFO -     📊 位置: 4h=77.92% | 12h=76.92% | 24h=76.63% | 48h=33.04%
2025-12-25 02:13:04,545 - INFO -   [20/27] 采集 UNI-USDT-SWAP...
2025-12-25 02:13:04,792 - INFO -     💰 当前价格: $5.823
2025-12-25 02:13:04,792 - INFO -     📊 位置: 4h=70.33% | 12h=70.81% | 24h=79.53% | 48h=45.32%
2025-12-25 02:13:05,292 - INFO -   [21/27] 采集 NEAR-USDT-SWAP...
2025-12-25 02:13:05,528 - INFO -     💰 当前价格: $1.467
2025-12-25 02:13:05,528 - INFO -     📊 位置: 4h=94.44% | 12h=78.13% | 24h=75.56% | 48h=35.05%
2025-12-25 02:13:06,029 - INFO -   [22/27] 采集 APT-USDT-SWAP...
2025-12-25 02:13:06,255 - INFO -     💰 当前价格: $1.64
2025-12-25 02:13:06,255 - INFO -     📊 位置: 4h=88.46% | 12h=93.42% | 24h=94.62% | 48h=94.62%
2025-12-25 02:13:06,756 - INFO -   [23/27] 采集 CFX-USDT-SWAP...
2025-12-25 02:13:06,994 - INFO -     💰 当前价格: $0.07515
2025-12-25 02:13:06,994 - INFO -     📊 位置: 4h=43.23% | 12h=64.79% | 24h=68.21% | 48h=68.21%
2025-12-25 02:13:07,494 - INFO -   [24/27] 采集 CRV-USDT-SWAP...
2025-12-25 02:13:07,730 - INFO -     💰 当前价格: $0.3791
2025-12-25 02:13:07,731 - INFO -     📊 位置: 4h=83.64% | 12h=57.64% | 24h=73.71% | 48h=74.58%
2025-12-25 02:13:08,231 - INFO -   [25/27] 采集 STX-USDT-SWAP...
2025-12-25 02:13:08,466 - INFO -     💰 当前价格: $0.2493
2025-12-25 02:13:08,467 - INFO -     📊 位置: 4h=73.08% | 12h=90.8% | 24h=94.24% | 48h=94.24%
2025-12-25 02:13:08,967 - INFO -   [26/27] 采集 LDO-USDT-SWAP...
2025-12-25 02:13:09,209 - INFO -     💰 当前价格: $0.5407
2025-12-25 02:13:09,209 - INFO -     📊 位置: 4h=95.24% | 12h=97.55% | 24h=98.14% | 48h=79.76%
2025-12-25 02:13:09,709 - INFO -   [27/27] 采集 TAO-USDT-SWAP...
2025-12-25 02:13:09,947 - INFO -     💰 当前价格: $218.6
2025-12-25 02:13:09,948 - INFO -     📊 位置: 4h=44.0% | 12h=83.72% | 24h=89.93% | 48h=79.11%
2025-12-25 02:13:10,453 - INFO - 💾 数据保存成功: 27 个币种
2025-12-25 02:13:10,457 - INFO - 📊 统计数据保存成功:
2025-12-25 02:13:10,457 - INFO -     4h低于1%: 0/27
2025-12-25 02:13:10,457 - INFO -    12h低于1%: 0/27
2025-12-25 02:13:10,457 - INFO -    24h低于1%: 0/27
2025-12-25 02:13:10,457 - INFO -    48h低于1%: 0/27
2025-12-25 02:13:10,457 - INFO - ✅ 数据采集完成: 成功 27/27
2025-12-25 02:13:10,457 - INFO - ⏳ 等待 300 秒后进行下一次采集...

2025-12-25 02:17:31,293 - INFO - ⛔ 收到停止信号，退出采集器
2025-12-25 02:17:31,635 - INFO - ✅ 数据库初始化完成
2025-12-25 02:17:31,635 - INFO - 📊 开始采集位置系统数据...
2025-12-25 02:17:31,635 - INFO - 📋 币种列表: 27 个币种
2025-12-25 02:17:31,646 - INFO -   [1/27] 采集 BTC-USDT-SWAP...
2025-12-25 02:17:31,876 - INFO -     💰 当前价格: $87704.5
2025-12-25 02:17:31,877 - INFO -     📊 位置: 4h=45.43% | 12h=78.0% | 24h=80.41% | 48h=68.31%
2025-12-25 02:17:32,377 - INFO -   [2/27] 采集 ETH-USDT-SWAP...
2025-12-25 02:17:32,620 - INFO -     💰 当前价格: $2947.51
2025-12-25 02:17:32,620 - INFO -     📊 位置: 4h=51.53% | 12h=75.07% | 24h=80.01% | 48h=54.38%
2025-12-25 02:17:33,120 - INFO -   [3/27] 采集 XRP-USDT-SWAP...
2025-12-25 02:17:33,354 - INFO -     💰 当前价格: $1.8666
2025-12-25 02:17:33,354 - INFO -     📊 位置: 4h=81.16% | 12h=80.26% | 24h=74.63% | 48h=44.8%
2025-12-25 02:17:33,855 - INFO -   [4/27] 采集 BNB-USDT-SWAP...
2025-12-25 02:17:34,083 - INFO -     💰 当前价格: $845.9
2025-12-25 02:17:34,084 - INFO -     📊 位置: 4h=34.09% | 12h=72.59% | 24h=75.33% | 48h=50.45%
2025-12-25 02:17:34,584 - INFO -   [5/27] 采集 SOL-USDT-SWAP...
2025-12-25 02:17:34,817 - INFO -     💰 当前价格: $122.69
2025-12-25 02:17:34,817 - INFO -     📊 位置: 4h=52.8% | 12h=66.52% | 24h=74.57% | 48h=38.89%
2025-12-25 02:17:35,317 - INFO -   [6/27] 采集 LTC-USDT-SWAP...
2025-12-25 02:17:35,554 - INFO -     💰 当前价格: $76.05
2025-12-25 02:17:35,555 - INFO -     📊 位置: 4h=93.44% | 12h=89.01% | 24h=52.94% | 48h=32.37%
2025-12-25 02:17:36,055 - INFO -   [7/27] 采集 DOGE-USDT-SWAP...
2025-12-25 02:17:36,300 - INFO -     💰 当前价格: $0.12863
2025-12-25 02:17:36,301 - INFO -     📊 位置: 4h=56.52% | 12h=69.05% | 24h=74.34% | 48h=34.09%
2025-12-25 02:17:36,801 - INFO -   [8/27] 采集 SUI-USDT-SWAP...
2025-12-25 02:17:37,040 - INFO -     💰 当前价格: $1.4128
2025-12-25 02:17:37,040 - INFO -     📊 位置: 4h=30.64% | 12h=46.26% | 24h=62.9% | 48h=36.73%
2025-12-25 02:17:37,541 - INFO -   [9/27] 采集 TRX-USDT-SWAP...
2025-12-25 02:17:37,778 - INFO -     💰 当前价格: $0.28034
2025-12-25 02:17:37,778 - INFO -     📊 位置: 4h=73.43% | 12h=39.69% | 24h=30.46% | 48h=25.81%
2025-12-25 02:17:38,279 - INFO -   [10/27] 采集 TON-USDT-SWAP...
2025-12-25 02:17:38,513 - INFO -     💰 当前价格: $1.498
2025-12-25 02:17:38,514 - INFO -     📊 位置: 4h=75.0% | 12h=90.0% | 24h=92.31% | 48h=93.44%
2025-12-25 02:17:39,014 - INFO -   [11/27] 采集 ETC-USDT-SWAP...
2025-12-25 02:17:39,250 - INFO -     💰 当前价格: $12.04
2025-12-25 02:17:39,250 - INFO -     📊 位置: 4h=77.78% | 12h=82.61% | 24h=86.67% | 48h=61.9%
2025-12-25 02:17:39,750 - INFO -   [12/27] 采集 BCH-USDT-SWAP...
2025-12-25 02:17:39,989 - INFO -     💰 当前价格: $569.3
2025-12-25 02:17:39,989 - INFO -     📊 位置: 4h=78.43% | 12h=65.96% | 24h=35.43% | 48h=22.71%
2025-12-25 02:17:40,489 - INFO -   [13/27] 采集 HBAR-USDT-SWAP...
2025-12-25 02:17:40,725 - INFO -     💰 当前价格: $0.10963
2025-12-25 02:17:40,725 - INFO -     📊 位置: 4h=60.81% | 12h=56.7% | 24h=53.9% | 48h=31.4%
2025-12-25 02:17:41,226 - INFO -   [14/27] 采集 XLM-USDT-SWAP...
2025-12-25 02:17:41,464 - INFO -     💰 当前价格: $0.21268
2025-12-25 02:17:41,464 - INFO -     📊 位置: 4h=57.08% | 12h=39.89% | 24h=27.12% | 48h=17.08%
2025-12-25 02:17:41,964 - INFO -   [15/27] 采集 FIL-USDT-SWAP...
2025-12-25 02:17:42,193 - INFO -     💰 当前价格: $1.272
2025-12-25 02:17:42,193 - INFO -     📊 位置: 4h=54.55% | 12h=40.0% | 24h=28.57% | 48h=11.11%
2025-12-25 02:17:42,693 - INFO -   [16/27] 采集 LINK-USDT-SWAP...
2025-12-25 02:17:42,924 - INFO -     💰 当前价格: $12.291
2025-12-25 02:17:42,924 - INFO -     📊 位置: 4h=46.1% | 12h=75.08% | 24h=78.16% | 48h=54.5%
2025-12-25 02:17:43,425 - INFO -   [17/27] 采集 CRO-USDT-SWAP...
2025-12-25 02:17:43,658 - INFO -     💰 当前价格: $0.09327
2025-12-25 02:17:43,659 - INFO -     📊 位置: 4h=68.0% | 12h=76.64% | 24h=56.76% | 48h=27.93%
2025-12-25 02:17:44,159 - INFO -   [18/27] 采集 DOT-USDT-SWAP...
2025-12-25 02:17:44,385 - INFO -     💰 当前价格: $1.741
2025-12-25 02:17:44,385 - INFO -     📊 位置: 4h=80.0% | 12h=88.24% | 24h=69.81% | 48h=45.12%
2025-12-25 02:17:44,886 - INFO -   [19/27] 采集 AAVE-USDT-SWAP...
2025-12-25 02:17:45,123 - INFO -     💰 当前价格: $149.16
2025-12-25 02:17:45,123 - INFO -     📊 位置: 4h=70.0% | 12h=69.62% | 24h=71.86% | 48h=30.99%
2025-12-25 02:17:45,624 - INFO -   [20/27] 采集 UNI-USDT-SWAP...
2025-12-25 02:17:45,862 - INFO -     💰 当前价格: $5.827
2025-12-25 02:17:45,862 - INFO -     📊 位置: 4h=74.73% | 12h=72.73% | 24h=80.87% | 48h=46.08%
2025-12-25 02:17:46,363 - INFO -   [21/27] 采集 NEAR-USDT-SWAP...
2025-12-25 02:17:46,589 - INFO -     💰 当前价格: $1.466
2025-12-25 02:17:46,589 - INFO -     📊 位置: 4h=88.89% | 12h=75.0% | 24h=73.33% | 48h=34.02%
2025-12-25 02:17:47,090 - INFO -   [22/27] 采集 APT-USDT-SWAP...
2025-12-25 02:17:47,329 - INFO -     💰 当前价格: $1.641
2025-12-25 02:17:47,329 - INFO -     📊 位置: 4h=92.31% | 12h=94.74% | 24h=95.7% | 48h=95.7%
2025-12-25 02:17:47,829 - INFO -   [23/27] 采集 CFX-USDT-SWAP...
2025-12-25 02:17:48,063 - INFO -     💰 当前价格: $0.07527
2025-12-25 02:17:48,063 - INFO -     📊 位置: 4h=45.21% | 12h=66.02% | 24h=69.32% | 48h=69.32%
2025-12-25 02:17:48,564 - INFO -   [24/27] 采集 CRV-USDT-SWAP...
2025-12-25 02:17:48,799 - INFO -     💰 当前价格: $0.3802
2025-12-25 02:17:48,799 - INFO -     📊 位置: 4h=96.61% | 12h=65.28% | 24h=78.45% | 48h=79.17%
2025-12-25 02:17:49,299 - INFO -   [25/27] 采集 STX-USDT-SWAP...
2025-12-25 02:17:49,536 - INFO -     💰 当前价格: $0.2493
2025-12-25 02:17:49,537 - INFO -     📊 位置: 4h=73.08% | 12h=90.8% | 24h=94.24% | 48h=94.24%
2025-12-25 02:17:50,037 - INFO -   [26/27] 采集 LDO-USDT-SWAP...
2025-12-25 02:17:50,272 - INFO -     💰 当前价格: $0.5407
2025-12-25 02:17:50,272 - INFO -     📊 位置: 4h=85.11% | 12h=96.6% | 24h=97.42% | 48h=79.76%
2025-12-25 02:17:50,773 - INFO -   [27/27] 采集 TAO-USDT-SWAP...
2025-12-25 02:17:51,012 - INFO -     💰 当前价格: $218.7
2025-12-25 02:17:51,013 - INFO -     📊 位置: 4h=48.0% | 12h=84.88% | 24h=90.65% | 48h=79.75%
2025-12-25 02:17:51,518 - INFO - 💾 数据保存成功: 27 个币种
2025-12-25 02:17:51,522 - INFO - 📊 统计数据保存成功:
2025-12-25 02:17:51,522 - INFO -     4h低于1%: 0/27
2025-12-25 02:17:51,522 - INFO -    12h低于1%: 0/27
2025-12-25 02:17:51,522 - INFO -    24h低于1%: 0/27
2025-12-25 02:17:51,522 - INFO -    48h低于1%: 0/27
2025-12-25 02:17:51,523 - INFO - ✅ 数据采集完成: 成功 27/27
2025-12-25 02:17:51,523 - INFO - 🚀 位置系统采集器启动，采集间隔: 300秒
2025-12-25 02:17:51,523 - INFO - 📊 开始采集位置系统数据...
2025-12-25 02:17:51,523 - INFO - 📋 币种列表: 27 个币种
2025-12-25 02:17:51,523 - INFO -   [1/27] 采集 BTC-USDT-SWAP...
2025-12-25 02:17:51,764 - INFO -     💰 当前价格: $87701.3
2025-12-25 02:17:51,764 - INFO -     📊 位置: 4h=44.8% | 12h=77.79% | 24h=80.22% | 48h=68.14%
2025-12-25 02:17:52,264 - INFO -   [2/27] 采集 ETH-USDT-SWAP...
2025-12-25 02:17:52,503 - INFO -     💰 当前价格: $2946.79
2025-12-25 02:17:52,504 - INFO -     📊 位置: 4h=48.55% | 12h=73.89% | 24h=79.07% | 48h=53.74%
2025-12-25 02:17:53,004 - INFO -   [3/27] 采集 XRP-USDT-SWAP...
2025-12-25 02:17:53,235 - INFO -     💰 当前价格: $1.8661
2025-12-25 02:17:53,236 - INFO -     📊 位置: 4h=77.54% | 12h=78.07% | 24h=73.41% | 48h=44.07%
2025-12-25 02:17:53,736 - INFO -   [4/27] 采集 BNB-USDT-SWAP...
2025-12-25 02:17:53,977 - INFO -     💰 当前价格: $845.9
2025-12-25 02:17:53,977 - INFO -     📊 位置: 4h=34.09% | 12h=72.59% | 24h=75.33% | 48h=50.45%
2025-12-25 02:17:54,477 - INFO -   [5/27] 采集 SOL-USDT-SWAP...
2025-12-25 02:17:54,711 - INFO -     💰 当前价格: $122.67
2025-12-25 02:17:54,711 - INFO -     📊 位置: 4h=51.2% | 12h=65.61% | 24h=73.88% | 48h=38.53%
2025-12-25 02:17:55,211 - INFO -   [6/27] 采集 LTC-USDT-SWAP...
2025-12-25 02:17:55,444 - INFO -     💰 当前价格: $76.05
2025-12-25 02:17:55,444 - INFO -     📊 位置: 4h=93.44% | 12h=89.01% | 24h=52.94% | 48h=32.37%
2025-12-25 02:17:55,945 - INFO -   [7/27] 采集 DOGE-USDT-SWAP...
2025-12-25 02:17:56,180 - INFO -     💰 当前价格: $0.12863
2025-12-25 02:17:56,180 - INFO -     📊 位置: 4h=56.52% | 12h=69.05% | 24h=74.34% | 48h=34.09%
2025-12-25 02:17:56,680 - INFO -   [8/27] 采集 SUI-USDT-SWAP...
2025-12-25 02:17:56,904 - INFO -     💰 当前价格: $1.4122
2025-12-25 02:17:56,905 - INFO -     📊 位置: 4h=27.17% | 12h=44.13% | 24h=61.43% | 48h=35.87%
2025-12-25 02:17:57,405 - INFO -   [9/27] 采集 TRX-USDT-SWAP...
2025-12-25 02:17:57,639 - INFO -     💰 当前价格: $0.28032
2025-12-25 02:17:57,639 - INFO -     📊 位置: 4h=72.46% | 12h=39.16% | 24h=30.06% | 48h=25.47%
2025-12-25 02:17:58,140 - INFO -   [10/27] 采集 TON-USDT-SWAP...
2025-12-25 02:17:58,371 - INFO -     💰 当前价格: $1.498
2025-12-25 02:17:58,371 - INFO -     📊 位置: 4h=75.0% | 12h=90.0% | 24h=92.31% | 48h=93.44%
2025-12-25 02:17:58,872 - INFO -   [11/27] 采集 ETC-USDT-SWAP...
2025-12-25 02:17:59,109 - INFO -     💰 当前价格: $12.04
2025-12-25 02:17:59,109 - INFO -     📊 位置: 4h=77.78% | 12h=82.61% | 24h=86.67% | 48h=61.9%
2025-12-25 02:17:59,609 - INFO -   [12/27] 采集 BCH-USDT-SWAP...
2025-12-25 02:17:59,847 - INFO -     💰 当前价格: $569.5
2025-12-25 02:17:59,847 - INFO -     📊 位置: 4h=82.35% | 12h=68.09% | 24h=36.57% | 48h=23.44%
2025-12-25 02:18:00,348 - INFO -   [13/27] 采集 HBAR-USDT-SWAP...
2025-12-25 02:18:00,570 - INFO -     💰 当前价格: $0.10959
2025-12-25 02:18:00,570 - INFO -     📊 位置: 4h=58.11% | 12h=54.64% | 24h=52.48% | 48h=30.58%
2025-12-25 02:18:01,070 - INFO -   [14/27] 采集 XLM-USDT-SWAP...
2025-12-25 02:18:01,299 - INFO -     💰 当前价格: $0.21267
2025-12-25 02:18:01,299 - INFO -     📊 位置: 4h=56.62% | 12h=39.63% | 24h=26.94% | 48h=16.97%
2025-12-25 02:18:01,800 - INFO -   [15/27] 采集 FIL-USDT-SWAP...
2025-12-25 02:18:02,034 - INFO -     💰 当前价格: $1.272
2025-12-25 02:18:02,034 - INFO -     📊 位置: 4h=54.55% | 12h=40.0% | 24h=28.57% | 48h=11.11%
2025-12-25 02:18:02,534 - INFO -   [16/27] 采集 LINK-USDT-SWAP...
2025-12-25 02:18:02,756 - INFO -     💰 当前价格: $12.291
2025-12-25 02:18:02,756 - INFO -     📊 位置: 4h=46.1% | 12h=75.08% | 24h=78.16% | 48h=54.5%
2025-12-25 02:18:03,256 - INFO -   [17/27] 采集 CRO-USDT-SWAP...
2025-12-25 02:18:03,490 - INFO -     💰 当前价格: $0.09327
2025-12-25 02:18:03,490 - INFO -     📊 位置: 4h=68.0% | 12h=76.64% | 24h=56.76% | 48h=27.93%
2025-12-25 02:18:03,991 - INFO -   [18/27] 采集 DOT-USDT-SWAP...
2025-12-25 02:18:04,224 - INFO -     💰 当前价格: $1.741
2025-12-25 02:18:04,224 - INFO -     📊 位置: 4h=80.0% | 12h=88.24% | 24h=69.81% | 48h=45.12%
2025-12-25 02:18:04,725 - INFO -   [19/27] 采集 AAVE-USDT-SWAP...
2025-12-25 02:18:04,953 - INFO -     💰 当前价格: $149.2
2025-12-25 02:18:04,953 - INFO -     📊 位置: 4h=71.67% | 12h=71.15% | 24h=72.86% | 48h=31.42%
2025-12-25 02:18:05,454 - INFO -   [20/27] 采集 UNI-USDT-SWAP...
2025-12-25 02:18:05,693 - INFO -     💰 当前价格: $5.827
2025-12-25 02:18:05,693 - INFO -     📊 位置: 4h=74.73% | 12h=72.73% | 24h=80.87% | 48h=46.08%
2025-12-25 02:18:06,194 - INFO -   [21/27] 采集 NEAR-USDT-SWAP...
2025-12-25 02:18:06,425 - INFO -     💰 当前价格: $1.465
2025-12-25 02:18:06,425 - INFO -     📊 位置: 4h=83.33% | 12h=71.88% | 24h=71.11% | 48h=32.99%
2025-12-25 02:18:06,925 - INFO -   [22/27] 采集 APT-USDT-SWAP...
2025-12-25 02:18:07,165 - INFO -     💰 当前价格: $1.642
2025-12-25 02:18:07,165 - INFO -     📊 位置: 4h=96.15% | 12h=96.05% | 24h=96.77% | 48h=96.77%
2025-12-25 02:18:07,665 - INFO -   [23/27] 采集 CFX-USDT-SWAP...
2025-12-25 02:18:07,897 - INFO -     💰 当前价格: $0.07517
2025-12-25 02:18:07,897 - INFO -     📊 位置: 4h=43.56% | 12h=64.99% | 24h=68.39% | 48h=68.39%
2025-12-25 02:18:08,397 - INFO -   [24/27] 采集 CRV-USDT-SWAP...
2025-12-25 02:18:08,629 - INFO -     💰 当前价格: $0.3802
2025-12-25 02:18:08,630 - INFO -     📊 位置: 4h=96.61% | 12h=65.28% | 24h=78.45% | 48h=79.17%
2025-12-25 02:18:09,130 - INFO -   [25/27] 采集 STX-USDT-SWAP...
2025-12-25 02:18:09,363 - INFO -     💰 当前价格: $0.2491
2025-12-25 02:18:09,363 - INFO -     📊 位置: 4h=65.38% | 12h=88.51% | 24h=92.81% | 48h=92.81%
2025-12-25 02:18:09,864 - INFO -   [26/27] 采集 LDO-USDT-SWAP...
2025-12-25 02:18:10,102 - INFO -     💰 当前价格: $0.5408
2025-12-25 02:18:10,102 - INFO -     📊 位置: 4h=87.23% | 12h=97.09% | 24h=97.79% | 48h=80.06%
2025-12-25 02:18:10,602 - INFO -   [27/27] 采集 TAO-USDT-SWAP...
2025-12-25 02:18:10,831 - INFO -     💰 当前价格: $218.7
2025-12-25 02:18:10,832 - INFO -     📊 位置: 4h=48.0% | 12h=84.88% | 24h=90.65% | 48h=79.75%
2025-12-25 02:18:11,336 - INFO - 💾 数据保存成功: 27 个币种
2025-12-25 02:18:11,340 - INFO - 📊 统计数据保存成功:
2025-12-25 02:18:11,340 - INFO -     4h低于1%: 0/27
2025-12-25 02:18:11,340 - INFO -    12h低于1%: 0/27
2025-12-25 02:18:11,340 - INFO -    24h低于1%: 0/27
2025-12-25 02:18:11,341 - INFO -    48h低于1%: 0/27
2025-12-25 02:18:11,341 - INFO - ✅ 数据采集完成: 成功 27/27
2025-12-25 02:18:11,341 - INFO - ⏳ 等待 300 秒后进行下一次采集...

2025-12-25 02:22:32,215 - INFO - ⛔ 收到停止信号，退出采集器
2025-12-25 02:22:32,539 - INFO - ✅ 数据库初始化完成
2025-12-25 02:22:32,539 - INFO - 📊 开始采集位置系统数据...
2025-12-25 02:22:32,539 - INFO - 📋 币种列表: 27 个币种
2025-12-25 02:22:32,550 - INFO -   [1/27] 采集 BTC-USDT-SWAP...
2025-12-25 02:22:32,784 - INFO -     💰 当前价格: $87703.1
2025-12-25 02:22:32,784 - INFO -     📊 位置: 4h=45.16% | 12h=77.91% | 24h=80.33% | 48h=68.23%
2025-12-25 02:22:33,285 - INFO -   [2/27] 采集 ETH-USDT-SWAP...
2025-12-25 02:22:33,531 - INFO -     💰 当前价格: $2946.07
2025-12-25 02:22:33,532 - INFO -     📊 位置: 4h=45.57% | 12h=72.72% | 24h=78.13% | 48h=53.11%
2025-12-25 02:22:34,032 - INFO -   [3/27] 采集 XRP-USDT-SWAP...
2025-12-25 02:22:34,264 - INFO -     💰 当前价格: $1.8661
2025-12-25 02:22:34,264 - INFO -     📊 位置: 4h=77.54% | 12h=78.07% | 24h=73.41% | 48h=44.07%
2025-12-25 02:22:34,764 - INFO -   [4/27] 采集 BNB-USDT-SWAP...
2025-12-25 02:22:35,001 - INFO -     💰 当前价格: $845.4
2025-12-25 02:22:35,001 - INFO -     📊 位置: 4h=22.73% | 12h=68.89% | 24h=72.0% | 48h=48.21%
2025-12-25 02:22:35,502 - INFO -   [5/27] 采集 SOL-USDT-SWAP...
2025-12-25 02:22:35,731 - INFO -     💰 当前价格: $122.72
2025-12-25 02:22:35,732 - INFO -     📊 位置: 4h=55.2% | 12h=67.87% | 24h=75.6% | 48h=39.43%
2025-12-25 02:22:36,232 - INFO -   [6/27] 采集 LTC-USDT-SWAP...
2025-12-25 02:22:36,471 - INFO -     💰 当前价格: $76.11
2025-12-25 02:22:36,471 - INFO -     📊 位置: 4h=96.92% | 12h=95.6% | 24h=56.47% | 48h=34.53%
2025-12-25 02:22:36,971 - INFO -   [7/27] 采集 DOGE-USDT-SWAP...
2025-12-25 02:22:37,200 - INFO -     💰 当前价格: $0.12864
2025-12-25 02:22:37,200 - INFO -     📊 位置: 4h=57.25% | 12h=69.44% | 24h=74.67% | 48h=34.24%
2025-12-25 02:22:37,701 - INFO -   [8/27] 采集 SUI-USDT-SWAP...
2025-12-25 02:22:37,936 - INFO -     💰 当前价格: $1.4139
2025-12-25 02:22:37,936 - INFO -     📊 位置: 4h=36.99% | 12h=50.18% | 24h=65.6% | 48h=38.31%
2025-12-25 02:22:38,437 - INFO -   [9/27] 采集 TRX-USDT-SWAP...
2025-12-25 02:22:38,674 - INFO -     💰 当前价格: $0.28024
2025-12-25 02:22:38,674 - INFO -     📊 位置: 4h=68.6% | 12h=37.08% | 24h=28.46% | 48h=24.11%
2025-12-25 02:22:39,174 - INFO -   [10/27] 采集 TON-USDT-SWAP...
2025-12-25 02:22:39,406 - INFO -     💰 当前价格: $1.504
2025-12-25 02:22:39,406 - INFO -     📊 位置: 4h=100.0% | 12h=100.0% | 24h=100.0% | 48h=100.0%
2025-12-25 02:22:39,907 - INFO -   [11/27] 采集 ETC-USDT-SWAP...
2025-12-25 02:22:40,144 - INFO -     💰 当前价格: $12.06
2025-12-25 02:22:40,144 - INFO -     📊 位置: 4h=100.0% | 12h=91.3% | 24h=93.33% | 48h=66.67%
2025-12-25 02:22:40,644 - INFO -   [12/27] 采集 BCH-USDT-SWAP...
2025-12-25 02:22:40,867 - INFO -     💰 当前价格: $571.3
2025-12-25 02:22:40,867 - INFO -     📊 位置: 4h=96.77% | 12h=87.23% | 24h=46.86% | 48h=30.04%
2025-12-25 02:22:41,367 - INFO -   [13/27] 采集 HBAR-USDT-SWAP...
2025-12-25 02:22:41,592 - INFO -     💰 当前价格: $0.10975
2025-12-25 02:22:41,592 - INFO -     📊 位置: 4h=68.92% | 12h=62.89% | 24h=58.16% | 48h=33.88%
2025-12-25 02:22:42,093 - INFO -   [14/27] 采集 XLM-USDT-SWAP...
2025-12-25 02:22:42,330 - INFO -     💰 当前价格: $0.21274
2025-12-25 02:22:42,330 - INFO -     📊 位置: 4h=59.82% | 12h=41.49% | 24h=28.21% | 48h=17.77%
2025-12-25 02:22:42,831 - INFO -   [15/27] 采集 FIL-USDT-SWAP...
2025-12-25 02:22:43,055 - INFO -     💰 当前价格: $1.274
2025-12-25 02:22:43,055 - INFO -     📊 位置: 4h=72.73% | 12h=50.0% | 24h=34.29% | 48h=13.33%
2025-12-25 02:22:43,555 - INFO -   [16/27] 采集 LINK-USDT-SWAP...
2025-12-25 02:22:43,787 - INFO -     💰 当前价格: $12.307
2025-12-25 02:22:43,788 - INFO -     📊 位置: 4h=56.49% | 12h=79.88% | 24h=82.37% | 48h=57.43%
2025-12-25 02:22:44,288 - INFO -   [17/27] 采集 CRO-USDT-SWAP...
2025-12-25 02:22:44,516 - INFO -     💰 当前价格: $0.09335
2025-12-25 02:22:44,517 - INFO -     📊 位置: 4h=76.0% | 12h=82.48% | 24h=61.08% | 48h=30.05%
2025-12-25 02:22:45,017 - INFO -   [18/27] 采集 DOT-USDT-SWAP...
2025-12-25 02:22:45,253 - INFO -     💰 当前价格: $1.743
2025-12-25 02:22:45,253 - INFO -     📊 位置: 4h=93.33% | 12h=94.12% | 24h=73.58% | 48h=47.56%
2025-12-25 02:22:45,753 - INFO -   [19/27] 采集 AAVE-USDT-SWAP...
2025-12-25 02:22:45,989 - INFO -     💰 当前价格: $149.68
2025-12-25 02:22:45,989 - INFO -     📊 位置: 4h=91.67% | 12h=89.62% | 24h=84.92% | 48h=36.62%
2025-12-25 02:22:46,490 - INFO -   [20/27] 采集 UNI-USDT-SWAP...
2025-12-25 02:22:46,725 - INFO -     💰 当前价格: $5.831
2025-12-25 02:22:46,725 - INFO -     📊 位置: 4h=79.12% | 12h=74.64% | 24h=82.21% | 48h=46.85%
2025-12-25 02:22:47,225 - INFO -   [21/27] 采集 NEAR-USDT-SWAP...
2025-12-25 02:22:47,463 - INFO -     💰 当前价格: $1.467
2025-12-25 02:22:47,463 - INFO -     📊 位置: 4h=89.47% | 12h=78.13% | 24h=75.56% | 48h=35.05%
2025-12-25 02:22:47,964 - INFO -   [22/27] 采集 APT-USDT-SWAP...
2025-12-25 02:22:48,208 - INFO -     💰 当前价格: $1.635
2025-12-25 02:22:48,208 - INFO -     📊 位置: 4h=69.23% | 12h=86.84% | 24h=89.25% | 48h=89.25%
2025-12-25 02:22:48,709 - INFO -   [23/27] 采集 CFX-USDT-SWAP...
2025-12-25 02:22:48,935 - INFO -     💰 当前价格: $0.07555
2025-12-25 02:22:48,935 - INFO -     📊 位置: 4h=49.83% | 12h=68.88% | 24h=71.9% | 48h=71.9%
2025-12-25 02:22:49,436 - INFO -   [24/27] 采集 CRV-USDT-SWAP...
2025-12-25 02:22:49,780 - INFO -     💰 当前价格: $0.382
2025-12-25 02:22:49,780 - INFO -     📊 位置: 4h=96.15% | 12h=77.78% | 24h=86.21% | 48h=86.67%
2025-12-25 02:22:50,280 - INFO -   [25/27] 采集 STX-USDT-SWAP...
2025-12-25 02:22:50,513 - INFO -     💰 当前价格: $0.2492
2025-12-25 02:22:50,513 - INFO -     📊 位置: 4h=69.23% | 12h=89.66% | 24h=93.53% | 48h=93.53%
2025-12-25 02:22:51,014 - INFO -   [26/27] 采集 LDO-USDT-SWAP...
2025-12-25 02:22:51,242 - INFO -     💰 当前价格: $0.5414
2025-12-25 02:22:51,242 - INFO -     📊 位置: 4h=92.16% | 12h=98.1% | 24h=98.55% | 48h=81.87%
2025-12-25 02:22:51,743 - INFO -   [27/27] 采集 TAO-USDT-SWAP...
2025-12-25 02:22:51,976 - INFO -     💰 当前价格: $219.0
2025-12-25 02:22:51,976 - INFO -     📊 位置: 4h=60.0% | 12h=88.37% | 24h=92.81% | 48h=81.65%
2025-12-25 02:22:52,481 - INFO - 💾 数据保存成功: 27 个币种
2025-12-25 02:22:52,485 - INFO - 📊 统计数据保存成功:
2025-12-25 02:22:52,485 - INFO -     4h低于1%: 0/27
2025-12-25 02:22:52,485 - INFO -    12h低于1%: 0/27
2025-12-25 02:22:52,486 - INFO -    24h低于1%: 0/27
2025-12-25 02:22:52,486 - INFO -    48h低于1%: 0/27
2025-12-25 02:22:52,486 - INFO - ✅ 数据采集完成: 成功 27/27
2025-12-25 02:22:52,486 - INFO - 🚀 位置系统采集器启动，采集间隔: 300秒
2025-12-25 02:22:52,486 - INFO - 📊 开始采集位置系统数据...
2025-12-25 02:22:52,486 - INFO - 📋 币种列表: 27 个币种
2025-12-25 02:22:52,487 - INFO -   [1/27] 采集 BTC-USDT-SWAP...
2025-12-25 02:22:52,726 - INFO -     💰 当前价格: $87707.8
2025-12-25 02:22:52,727 - INFO -     📊 位置: 4h=46.09% | 12h=78.22% | 24h=80.61% | 48h=68.47%
2025-12-25 02:22:53,227 - INFO -   [2/27] 采集 ETH-USDT-SWAP...
2025-12-25 02:22:53,453 - INFO -     💰 当前价格: $2946.06
2025-12-25 02:22:53,453 - INFO -     📊 位置: 4h=45.53% | 12h=72.71% | 24h=78.12% | 48h=53.1%
2025-12-25 02:22:53,953 - INFO -   [3/27] 采集 XRP-USDT-SWAP...
2025-12-25 02:22:54,183 - INFO -     💰 当前价格: $1.8661
2025-12-25 02:22:54,183 - INFO -     📊 位置: 4h=77.54% | 12h=78.07% | 24h=73.41% | 48h=44.07%
2025-12-25 02:22:54,683 - INFO -   [4/27] 采集 BNB-USDT-SWAP...
2025-12-25 02:22:54,911 - INFO -     💰 当前价格: $845.5
2025-12-25 02:22:54,911 - INFO -     📊 位置: 4h=25.0% | 12h=69.63% | 24h=72.67% | 48h=48.66%
2025-12-25 02:22:55,412 - INFO -   [5/27] 采集 SOL-USDT-SWAP...
2025-12-25 02:22:55,640 - INFO -     💰 当前价格: $122.72
2025-12-25 02:22:55,641 - INFO -     📊 位置: 4h=55.2% | 12h=67.87% | 24h=75.6% | 48h=39.43%
2025-12-25 02:22:56,141 - INFO -   [6/27] 采集 LTC-USDT-SWAP...
2025-12-25 02:22:56,383 - INFO -     💰 当前价格: $76.11
2025-12-25 02:22:56,383 - INFO -     📊 位置: 4h=96.92% | 12h=95.6% | 24h=56.47% | 48h=34.53%
2025-12-25 02:22:56,884 - INFO -   [7/27] 采集 DOGE-USDT-SWAP...
2025-12-25 02:22:57,119 - INFO -     💰 当前价格: $0.12861
2025-12-25 02:22:57,119 - INFO -     📊 位置: 4h=55.07% | 12h=68.25% | 24h=73.68% | 48h=33.79%
2025-12-25 02:22:57,620 - INFO -   [8/27] 采集 SUI-USDT-SWAP...
2025-12-25 02:22:57,846 - INFO -     💰 当前价格: $1.4139
2025-12-25 02:22:57,847 - INFO -     📊 位置: 4h=36.99% | 12h=50.18% | 24h=65.6% | 48h=38.31%
2025-12-25 02:22:58,347 - INFO -   [9/27] 采集 TRX-USDT-SWAP...
2025-12-25 02:22:58,595 - INFO -     💰 当前价格: $0.28024
2025-12-25 02:22:58,595 - INFO -     📊 位置: 4h=68.6% | 12h=37.08% | 24h=28.46% | 48h=24.11%
2025-12-25 02:22:59,095 - INFO -   [10/27] 采集 TON-USDT-SWAP...
2025-12-25 02:22:59,317 - INFO -     💰 当前价格: $1.504
2025-12-25 02:22:59,318 - INFO -     📊 位置: 4h=100.0% | 12h=100.0% | 24h=100.0% | 48h=100.0%
2025-12-25 02:22:59,818 - INFO -   [11/27] 采集 ETC-USDT-SWAP...
2025-12-25 02:23:00,049 - INFO -     💰 当前价格: $12.07
2025-12-25 02:23:00,049 - INFO -     📊 位置: 4h=100.0% | 12h=95.65% | 24h=96.67% | 48h=69.05%
2025-12-25 02:23:00,549 - INFO -   [12/27] 采集 BCH-USDT-SWAP...
2025-12-25 02:23:00,790 - INFO -     💰 当前价格: $571.0
2025-12-25 02:23:00,791 - INFO -     📊 位置: 4h=91.94% | 12h=84.04% | 24h=45.14% | 48h=28.94%
2025-12-25 02:23:01,291 - INFO -   [13/27] 采集 HBAR-USDT-SWAP...
2025-12-25 02:23:01,533 - INFO -     💰 当前价格: $0.10975
2025-12-25 02:23:01,533 - INFO -     📊 位置: 4h=68.92% | 12h=62.89% | 24h=58.16% | 48h=33.88%
2025-12-25 02:23:02,033 - INFO -   [14/27] 采集 XLM-USDT-SWAP...
2025-12-25 02:23:02,264 - INFO -     💰 当前价格: $0.21276
2025-12-25 02:23:02,265 - INFO -     📊 位置: 4h=60.73% | 12h=42.02% | 24h=28.57% | 48h=18.0%
2025-12-25 02:23:02,765 - INFO -   [15/27] 采集 FIL-USDT-SWAP...
2025-12-25 02:23:02,995 - INFO -     💰 当前价格: $1.274
2025-12-25 02:23:02,995 - INFO -     📊 位置: 4h=72.73% | 12h=50.0% | 24h=34.29% | 48h=13.33%
2025-12-25 02:23:03,496 - INFO -   [16/27] 采集 LINK-USDT-SWAP...
2025-12-25 02:23:03,744 - INFO -     💰 当前价格: $12.306
2025-12-25 02:23:03,744 - INFO -     📊 位置: 4h=55.84% | 12h=79.58% | 24h=82.11% | 48h=57.25%
2025-12-25 02:23:04,244 - INFO -   [17/27] 采集 CRO-USDT-SWAP...
2025-12-25 02:23:04,473 - INFO -     💰 当前价格: $0.09335
2025-12-25 02:23:04,473 - INFO -     📊 位置: 4h=76.0% | 12h=82.48% | 24h=61.08% | 48h=30.05%
2025-12-25 02:23:04,973 - INFO -   [18/27] 采集 DOT-USDT-SWAP...
2025-12-25 02:23:05,212 - INFO -     💰 当前价格: $1.743
2025-12-25 02:23:05,212 - INFO -     📊 位置: 4h=93.33% | 12h=94.12% | 24h=73.58% | 48h=47.56%
2025-12-25 02:23:05,713 - INFO -   [19/27] 采集 AAVE-USDT-SWAP...
2025-12-25 02:23:05,955 - INFO -     💰 当前价格: $149.76
2025-12-25 02:23:05,956 - INFO -     📊 位置: 4h=95.0% | 12h=92.69% | 24h=86.93% | 48h=37.49%
2025-12-25 02:23:06,456 - INFO -   [20/27] 采集 UNI-USDT-SWAP...
2025-12-25 02:23:06,685 - INFO -     💰 当前价格: $5.831
2025-12-25 02:23:06,685 - INFO -     📊 位置: 4h=79.12% | 12h=74.64% | 24h=82.21% | 48h=46.85%
2025-12-25 02:23:07,185 - INFO -   [21/27] 采集 NEAR-USDT-SWAP...
2025-12-25 02:23:07,425 - INFO -     💰 当前价格: $1.466
2025-12-25 02:23:07,426 - INFO -     📊 位置: 4h=84.21% | 12h=75.0% | 24h=73.33% | 48h=34.02%
2025-12-25 02:23:07,926 - INFO -   [22/27] 采集 APT-USDT-SWAP...
2025-12-25 02:23:08,152 - INFO -     💰 当前价格: $1.635
2025-12-25 02:23:08,153 - INFO -     📊 位置: 4h=69.23% | 12h=86.84% | 24h=89.25% | 48h=89.25%
2025-12-25 02:23:08,653 - INFO -   [23/27] 采集 CFX-USDT-SWAP...
2025-12-25 02:23:08,885 - INFO -     💰 当前价格: $0.07549
2025-12-25 02:23:08,885 - INFO -     📊 位置: 4h=48.84% | 12h=68.27% | 24h=71.35% | 48h=71.35%
2025-12-25 02:23:09,385 - INFO -   [24/27] 采集 CRV-USDT-SWAP...
2025-12-25 02:23:09,619 - INFO -     💰 当前价格: $0.3824
2025-12-25 02:23:09,620 - INFO -     📊 位置: 4h=98.75% | 12h=80.56% | 24h=87.93% | 48h=88.33%
2025-12-25 02:23:10,120 - INFO -   [25/27] 采集 STX-USDT-SWAP...
2025-12-25 02:23:10,350 - INFO -     💰 当前价格: $0.2492
2025-12-25 02:23:10,350 - INFO -     📊 位置: 4h=69.23% | 12h=89.66% | 24h=93.53% | 48h=93.53%
2025-12-25 02:23:10,850 - INFO -   [26/27] 采集 LDO-USDT-SWAP...
2025-12-25 02:23:11,082 - INFO -     💰 当前价格: $0.5414
2025-12-25 02:23:11,083 - INFO -     📊 位置: 4h=92.16% | 12h=98.1% | 24h=98.55% | 48h=81.87%
2025-12-25 02:23:11,583 - INFO -   [27/27] 采集 TAO-USDT-SWAP...
2025-12-25 02:23:11,819 - INFO -     💰 当前价格: $218.9
2025-12-25 02:23:11,820 - INFO -     📊 位置: 4h=56.0% | 12h=87.21% | 24h=92.09% | 48h=81.01%
2025-12-25 02:23:12,325 - INFO - 💾 数据保存成功: 27 个币种
2025-12-25 02:23:12,328 - INFO - 📊 统计数据保存成功:
2025-12-25 02:23:12,329 - INFO -     4h低于1%: 0/27
2025-12-25 02:23:12,329 - INFO -    12h低于1%: 0/27
2025-12-25 02:23:12,329 - INFO -    24h低于1%: 0/27
2025-12-25 02:23:12,329 - INFO -    48h低于1%: 0/27
2025-12-25 02:23:12,329 - INFO - ✅ 数据采集完成: 成功 27/27
2025-12-25 02:23:12,329 - INFO - ⏳ 等待 300 秒后进行下一次采集...

2025-12-25 02:27:33,057 - INFO - ⛔ 收到停止信号，退出采集器
2025-12-25 02:27:33,396 - INFO - ✅ 数据库初始化完成
2025-12-25 02:27:33,396 - INFO - 📊 开始采集位置系统数据...
2025-12-25 02:27:33,396 - INFO - 📋 币种列表: 27 个币种
2025-12-25 02:27:33,407 - INFO -   [1/27] 采集 BTC-USDT-SWAP...
2025-12-25 02:27:33,633 - INFO -     💰 当前价格: $87691.7
2025-12-25 02:27:33,633 - INFO -     📊 位置: 4h=42.9% | 12h=77.15% | 24h=79.65% | 48h=67.66%
2025-12-25 02:27:34,134 - INFO -   [2/27] 采集 ETH-USDT-SWAP...
2025-12-25 02:27:34,370 - INFO -     💰 当前价格: $2945.69
2025-12-25 02:27:34,370 - INFO -     📊 位置: 4h=43.99% | 12h=72.11% | 24h=77.63% | 48h=52.77%
2025-12-25 02:27:34,871 - INFO -   [3/27] 采集 XRP-USDT-SWAP...
2025-12-25 02:27:35,100 - INFO -     💰 当前价格: $1.8661
2025-12-25 02:27:35,100 - INFO -     📊 位置: 4h=77.54% | 12h=78.07% | 24h=73.41% | 48h=44.07%
2025-12-25 02:27:35,601 - INFO -   [4/27] 采集 BNB-USDT-SWAP...
2025-12-25 02:27:35,839 - INFO -     💰 当前价格: $845.6
2025-12-25 02:27:35,839 - INFO -     📊 位置: 4h=27.27% | 12h=70.37% | 24h=73.33% | 48h=49.11%
2025-12-25 02:27:36,340 - INFO -   [5/27] 采集 SOL-USDT-SWAP...
2025-12-25 02:27:36,569 - INFO -     💰 当前价格: $122.77
2025-12-25 02:27:36,570 - INFO -     📊 位置: 4h=59.2% | 12h=70.14% | 24h=77.32% | 48h=40.32%
2025-12-25 02:27:37,070 - INFO -   [6/27] 采集 LTC-USDT-SWAP...
2025-12-25 02:27:37,299 - INFO -     💰 当前价格: $76.08
2025-12-25 02:27:37,299 - INFO -     📊 位置: 4h=92.31% | 12h=92.31% | 24h=54.71% | 48h=33.45%
2025-12-25 02:27:37,799 - INFO -   [7/27] 采集 DOGE-USDT-SWAP...
2025-12-25 02:27:38,033 - INFO -     💰 当前价格: $0.12862
2025-12-25 02:27:38,034 - INFO -     📊 位置: 4h=55.8% | 12h=68.65% | 24h=74.01% | 48h=33.94%
2025-12-25 02:27:38,534 - INFO -   [8/27] 采集 SUI-USDT-SWAP...
2025-12-25 02:27:38,773 - INFO -     💰 当前价格: $1.414
2025-12-25 02:27:38,773 - INFO -     📊 位置: 4h=37.57% | 12h=50.53% | 24h=65.85% | 48h=38.45%
2025-12-25 02:27:39,274 - INFO -   [9/27] 采集 TRX-USDT-SWAP...
2025-12-25 02:27:39,514 - INFO -     💰 当前价格: $0.28016
2025-12-25 02:27:39,514 - INFO -     📊 位置: 4h=64.73% | 12h=34.99% | 24h=26.85% | 48h=22.75%
2025-12-25 02:27:40,015 - INFO -   [10/27] 采集 TON-USDT-SWAP...
2025-12-25 02:27:40,251 - INFO -     💰 当前价格: $1.509
2025-12-25 02:27:40,252 - INFO -     📊 位置: 4h=95.83% | 12h=97.92% | 24h=98.33% | 48h=98.55%
2025-12-25 02:27:40,752 - INFO -   [11/27] 采集 ETC-USDT-SWAP...
2025-12-25 02:27:40,995 - INFO -     💰 当前价格: $12.07
2025-12-25 02:27:40,995 - INFO -     📊 位置: 4h=100.0% | 12h=95.65% | 24h=96.67% | 48h=69.05%
2025-12-25 02:27:41,495 - INFO -   [12/27] 采集 BCH-USDT-SWAP...
2025-12-25 02:27:41,726 - INFO -     💰 当前价格: $571.7
2025-12-25 02:27:41,727 - INFO -     📊 位置: 4h=96.97% | 12h=91.49% | 24h=49.14% | 48h=31.5%
2025-12-25 02:27:42,227 - INFO -   [13/27] 采集 HBAR-USDT-SWAP...
2025-12-25 02:27:42,460 - INFO -     💰 当前价格: $0.10978
2025-12-25 02:27:42,460 - INFO -     📊 位置: 4h=70.95% | 12h=64.43% | 24h=59.22% | 48h=34.5%
2025-12-25 02:27:42,960 - INFO -   [14/27] 采集 XLM-USDT-SWAP...
2025-12-25 02:27:43,188 - INFO -     💰 当前价格: $0.21263
2025-12-25 02:27:43,188 - INFO -     📊 位置: 4h=54.79% | 12h=38.56% | 24h=26.22% | 48h=16.51%
2025-12-25 02:27:43,689 - INFO -   [15/27] 采集 FIL-USDT-SWAP...
2025-12-25 02:27:43,919 - INFO -     💰 当前价格: $1.279
2025-12-25 02:27:43,919 - INFO -     📊 位置: 4h=86.67% | 12h=75.0% | 24h=48.57% | 48h=18.89%
2025-12-25 02:27:44,419 - INFO -   [16/27] 采集 LINK-USDT-SWAP...
2025-12-25 02:27:44,660 - INFO -     💰 当前价格: $12.314
2025-12-25 02:27:44,660 - INFO -     📊 位置: 4h=61.04% | 12h=81.98% | 24h=84.21% | 48h=58.72%
2025-12-25 02:27:45,161 - INFO -   [17/27] 采集 CRO-USDT-SWAP...
2025-12-25 02:27:45,392 - INFO -     💰 当前价格: $0.09337
2025-12-25 02:27:45,393 - INFO -     📊 位置: 4h=78.0% | 12h=83.94% | 24h=62.16% | 48h=30.59%
2025-12-25 02:27:45,893 - INFO -   [18/27] 采集 DOT-USDT-SWAP...
2025-12-25 02:27:46,127 - INFO -     💰 当前价格: $1.745
2025-12-25 02:27:46,128 - INFO -     📊 位置: 4h=94.12% | 12h=97.14% | 24h=77.36% | 48h=50.0%
2025-12-25 02:27:46,628 - INFO -   [19/27] 采集 AAVE-USDT-SWAP...
2025-12-25 02:27:46,861 - INFO -     💰 当前价格: $149.84
2025-12-25 02:27:46,861 - INFO -     📊 位置: 4h=95.16% | 12h=95.4% | 24h=88.94% | 48h=38.35%
2025-12-25 02:27:47,361 - INFO -   [20/27] 采集 UNI-USDT-SWAP...
2025-12-25 02:27:47,600 - INFO -     💰 当前价格: $5.839
2025-12-25 02:27:47,600 - INFO -     📊 位置: 4h=87.91% | 12h=78.47% | 24h=84.9% | 48h=48.37%
2025-12-25 02:27:48,100 - INFO -   [21/27] 采集 NEAR-USDT-SWAP...
2025-12-25 02:27:48,329 - INFO -     💰 当前价格: $1.468
2025-12-25 02:27:48,329 - INFO -     📊 位置: 4h=94.74% | 12h=81.25% | 24h=77.78% | 48h=36.08%
2025-12-25 02:27:48,829 - INFO -   [22/27] 采集 APT-USDT-SWAP...
2025-12-25 02:27:49,061 - INFO -     💰 当前价格: $1.637
2025-12-25 02:27:49,062 - INFO -     📊 位置: 4h=76.92% | 12h=89.47% | 24h=91.4% | 48h=91.4%
2025-12-25 02:27:49,562 - INFO -   [23/27] 采集 CFX-USDT-SWAP...
2025-12-25 02:27:49,820 - INFO -     💰 当前价格: $0.07529
2025-12-25 02:27:49,821 - INFO -     📊 位置: 4h=45.54% | 12h=66.22% | 24h=69.5% | 48h=69.5%
2025-12-25 02:27:50,321 - INFO -   [24/27] 采集 CRV-USDT-SWAP...
2025-12-25 02:27:50,565 - INFO -     💰 当前价格: $0.383
2025-12-25 02:27:50,565 - INFO -     📊 位置: 4h=91.4% | 12h=84.72% | 24h=90.52% | 48h=90.83%
2025-12-25 02:27:51,065 - INFO -   [25/27] 采集 STX-USDT-SWAP...
2025-12-25 02:27:51,301 - INFO -     💰 当前价格: $0.2492
2025-12-25 02:27:51,301 - INFO -     📊 位置: 4h=69.23% | 12h=89.66% | 24h=93.53% | 48h=93.53%
2025-12-25 02:27:51,802 - INFO -   [26/27] 采集 LDO-USDT-SWAP...
2025-12-25 02:27:52,043 - INFO -     💰 当前价格: $0.5418
2025-12-25 02:27:52,043 - INFO -     📊 位置: 4h=98.08% | 12h=99.53% | 24h=99.64% | 48h=83.08%
2025-12-25 02:27:52,543 - INFO -   [27/27] 采集 TAO-USDT-SWAP...
2025-12-25 02:27:52,770 - INFO -     💰 当前价格: $219.7
2025-12-25 02:27:52,770 - INFO -     📊 位置: 4h=88.0% | 12h=96.51% | 24h=97.84% | 48h=86.08%
2025-12-25 02:27:53,277 - INFO - 💾 数据保存成功: 27 个币种
2025-12-25 02:27:53,283 - INFO - 📊 统计数据保存成功:
2025-12-25 02:27:53,283 - INFO -     4h低于1%: 0/27
2025-12-25 02:27:53,283 - INFO -    12h低于1%: 0/27
2025-12-25 02:27:53,283 - INFO -    24h低于1%: 0/27
2025-12-25 02:27:53,283 - INFO -    48h低于1%: 0/27
2025-12-25 02:27:53,283 - INFO - ✅ 数据采集完成: 成功 27/27
2025-12-25 02:27:53,283 - INFO - 🚀 位置系统采集器启动，采集间隔: 300秒
2025-12-25 02:27:53,284 - INFO - 📊 开始采集位置系统数据...
2025-12-25 02:27:53,284 - INFO - 📋 币种列表: 27 个币种
2025-12-25 02:27:53,284 - INFO -   [1/27] 采集 BTC-USDT-SWAP...
2025-12-25 02:27:53,517 - INFO -     💰 当前价格: $87691.7
2025-12-25 02:27:53,517 - INFO -     📊 位置: 4h=42.9% | 12h=77.15% | 24h=79.65% | 48h=67.66%
2025-12-25 02:27:54,017 - INFO -   [2/27] 采集 ETH-USDT-SWAP...
2025-12-25 02:27:54,245 - INFO -     💰 当前价格: $2945.88
2025-12-25 02:27:54,246 - INFO -     📊 位置: 4h=44.78% | 12h=72.42% | 24h=77.88% | 48h=52.94%
2025-12-25 02:27:54,746 - INFO -   [3/27] 采集 XRP-USDT-SWAP...
2025-12-25 02:27:54,976 - INFO -     💰 当前价格: $1.8661
2025-12-25 02:27:54,976 - INFO -     📊 位置: 4h=77.54% | 12h=78.07% | 24h=73.41% | 48h=44.07%
2025-12-25 02:27:55,477 - INFO -   [4/27] 采集 BNB-USDT-SWAP...
2025-12-25 02:27:55,712 - INFO -     💰 当前价格: $845.5
2025-12-25 02:27:55,712 - INFO -     📊 位置: 4h=25.0% | 12h=69.63% | 24h=72.67% | 48h=48.66%
2025-12-25 02:27:56,212 - INFO -   [5/27] 采集 SOL-USDT-SWAP...
2025-12-25 02:27:56,440 - INFO -     💰 当前价格: $122.77
2025-12-25 02:27:56,440 - INFO -     📊 位置: 4h=59.2% | 12h=70.14% | 24h=77.32% | 48h=40.32%
2025-12-25 02:27:56,940 - INFO -   [6/27] 采集 LTC-USDT-SWAP...
2025-12-25 02:27:57,166 - INFO -     💰 当前价格: $76.08
2025-12-25 02:27:57,166 - INFO -     📊 位置: 4h=92.31% | 12h=92.31% | 24h=54.71% | 48h=33.45%
2025-12-25 02:27:57,666 - INFO -   [7/27] 采集 DOGE-USDT-SWAP...
2025-12-25 02:27:57,928 - INFO -     💰 当前价格: $0.12863
2025-12-25 02:27:57,929 - INFO -     📊 位置: 4h=56.52% | 12h=69.05% | 24h=74.34% | 48h=34.09%
2025-12-25 02:27:58,429 - INFO -   [8/27] 采集 SUI-USDT-SWAP...
2025-12-25 02:27:58,661 - INFO -     💰 当前价格: $1.414
2025-12-25 02:27:58,661 - INFO -     📊 位置: 4h=37.57% | 12h=50.53% | 24h=65.85% | 48h=38.45%
2025-12-25 02:27:59,161 - INFO -   [9/27] 采集 TRX-USDT-SWAP...
2025-12-25 02:27:59,390 - INFO -     💰 当前价格: $0.28016
2025-12-25 02:27:59,390 - INFO -     📊 位置: 4h=64.73% | 12h=34.99% | 24h=26.85% | 48h=22.75%
2025-12-25 02:27:59,891 - INFO -   [10/27] 采集 TON-USDT-SWAP...
2025-12-25 02:28:00,122 - INFO -     💰 当前价格: $1.509
2025-12-25 02:28:00,122 - INFO -     📊 位置: 4h=95.83% | 12h=97.92% | 24h=98.33% | 48h=98.55%
2025-12-25 02:28:00,622 - INFO -   [11/27] 采集 ETC-USDT-SWAP...
2025-12-25 02:28:00,849 - INFO -     💰 当前价格: $12.07
2025-12-25 02:28:00,849 - INFO -     📊 位置: 4h=100.0% | 12h=95.65% | 24h=96.67% | 48h=69.05%
2025-12-25 02:28:01,350 - INFO -   [12/27] 采集 BCH-USDT-SWAP...
2025-12-25 02:28:01,579 - INFO -     💰 当前价格: $572.6
2025-12-25 02:28:01,580 - INFO -     📊 位置: 4h=92.41% | 12h=94.06% | 24h=54.29% | 48h=34.8%
2025-12-25 02:28:02,080 - INFO -   [13/27] 采集 HBAR-USDT-SWAP...
2025-12-25 02:28:02,322 - INFO -     💰 当前价格: $0.10991
2025-12-25 02:28:02,323 - INFO -     📊 位置: 4h=79.73% | 12h=71.13% | 24h=63.83% | 48h=37.19%
2025-12-25 02:28:02,823 - INFO -   [14/27] 采集 XLM-USDT-SWAP...
2025-12-25 02:28:03,052 - INFO -     💰 当前价格: $0.21266
2025-12-25 02:28:03,052 - INFO -     📊 位置: 4h=56.16% | 12h=39.36% | 24h=26.76% | 48h=16.86%
2025-12-25 02:28:03,552 - INFO -   [15/27] 采集 FIL-USDT-SWAP...
2025-12-25 02:28:03,783 - INFO -     💰 当前价格: $1.279
2025-12-25 02:28:03,783 - INFO -     📊 位置: 4h=86.67% | 12h=75.0% | 24h=48.57% | 48h=18.89%
2025-12-25 02:28:04,283 - INFO -   [16/27] 采集 LINK-USDT-SWAP...
2025-12-25 02:28:04,523 - INFO -     💰 当前价格: $12.313
2025-12-25 02:28:04,523 - INFO -     📊 位置: 4h=60.39% | 12h=81.68% | 24h=83.95% | 48h=58.53%
2025-12-25 02:28:05,023 - INFO -   [17/27] 采集 CRO-USDT-SWAP...
2025-12-25 02:28:05,265 - INFO -     💰 当前价格: $0.09339
2025-12-25 02:28:05,265 - INFO -     📊 位置: 4h=80.0% | 12h=85.4% | 24h=63.24% | 48h=31.12%
2025-12-25 02:28:05,765 - INFO -   [18/27] 采集 DOT-USDT-SWAP...
2025-12-25 02:28:06,005 - INFO -     💰 当前价格: $1.745
2025-12-25 02:28:06,005 - INFO -     📊 位置: 4h=94.12% | 12h=97.14% | 24h=77.36% | 48h=50.0%
2025-12-25 02:28:06,506 - INFO -   [19/27] 采集 AAVE-USDT-SWAP...
2025-12-25 02:28:06,849 - INFO -     💰 当前价格: $149.89
2025-12-25 02:28:06,850 - INFO -     📊 位置: 4h=97.18% | 12h=97.32% | 24h=90.2% | 48h=38.89%
2025-12-25 02:28:07,350 - INFO -   [20/27] 采集 UNI-USDT-SWAP...
2025-12-25 02:28:07,577 - INFO -     💰 当前价格: $5.839
2025-12-25 02:28:07,577 - INFO -     📊 位置: 4h=87.91% | 12h=78.47% | 24h=84.9% | 48h=48.37%
2025-12-25 02:28:08,077 - INFO -   [21/27] 采集 NEAR-USDT-SWAP...
2025-12-25 02:28:08,319 - INFO -     💰 当前价格: $1.468
2025-12-25 02:28:08,319 - INFO -     📊 位置: 4h=94.74% | 12h=81.25% | 24h=77.78% | 48h=36.08%
2025-12-25 02:28:08,819 - INFO -   [22/27] 采集 APT-USDT-SWAP...
2025-12-25 02:28:09,036 - INFO -     💰 当前价格: $1.637
2025-12-25 02:28:09,036 - INFO -     📊 位置: 4h=76.92% | 12h=89.47% | 24h=91.4% | 48h=91.4%
2025-12-25 02:28:09,537 - INFO -   [23/27] 采集 CFX-USDT-SWAP...
2025-12-25 02:28:09,774 - INFO -     💰 当前价格: $0.07532
2025-12-25 02:28:09,774 - INFO -     📊 位置: 4h=46.04% | 12h=66.53% | 24h=69.78% | 48h=69.78%
2025-12-25 02:28:10,274 - INFO -   [24/27] 采集 CRV-USDT-SWAP...
2025-12-25 02:28:10,505 - INFO -     💰 当前价格: $0.383
2025-12-25 02:28:10,506 - INFO -     📊 位置: 4h=91.4% | 12h=84.72% | 24h=90.52% | 48h=90.83%
2025-12-25 02:28:11,006 - INFO -   [25/27] 采集 STX-USDT-SWAP...
2025-12-25 02:28:11,231 - INFO -     💰 当前价格: $0.2492
2025-12-25 02:28:11,231 - INFO -     📊 位置: 4h=69.23% | 12h=89.66% | 24h=93.53% | 48h=93.53%
2025-12-25 02:28:11,731 - INFO -   [26/27] 采集 LDO-USDT-SWAP...
2025-12-25 02:28:11,973 - INFO -     💰 当前价格: $0.5418
2025-12-25 02:28:11,973 - INFO -     📊 位置: 4h=98.08% | 12h=99.53% | 24h=99.64% | 48h=83.08%
2025-12-25 02:28:12,473 - INFO -   [27/27] 采集 TAO-USDT-SWAP...
2025-12-25 02:28:12,713 - INFO -     💰 当前价格: $220.0
2025-12-25 02:28:12,714 - INFO -     📊 位置: 4h=89.29% | 12h=96.63% | 24h=97.89% | 48h=87.97%
2025-12-25 02:28:13,220 - INFO - 💾 数据保存成功: 27 个币种
2025-12-25 02:28:13,224 - INFO - 📊 统计数据保存成功:
2025-12-25 02:28:13,224 - INFO -     4h低于1%: 0/27
2025-12-25 02:28:13,224 - INFO -    12h低于1%: 0/27
2025-12-25 02:28:13,224 - INFO -    24h低于1%: 0/27
2025-12-25 02:28:13,224 - INFO -    48h低于1%: 0/27
2025-12-25 02:28:13,224 - INFO - ✅ 数据采集完成: 成功 27/27
2025-12-25 02:28:13,225 - INFO - ⏳ 等待 300 秒后进行下一次采集...

2025-12-25 02:32:33,950 - INFO - ⛔ 收到停止信号，退出采集器
2025-12-25 02:32:34,300 - INFO - ✅ 数据库初始化完成
2025-12-25 02:32:34,300 - INFO - 📊 开始采集位置系统数据...
2025-12-25 02:32:34,301 - INFO - 📋 币种列表: 27 个币种
2025-12-25 02:32:34,311 - INFO -   [1/27] 采集 BTC-USDT-SWAP...
2025-12-25 02:32:34,526 - INFO -     💰 当前价格: $87711.0
2025-12-25 02:32:34,526 - INFO -     📊 位置: 4h=46.72% | 12h=78.43% | 24h=80.8% | 48h=68.63%
2025-12-25 02:32:35,027 - INFO -   [2/27] 采集 ETH-USDT-SWAP...
2025-12-25 02:32:35,255 - INFO -     💰 当前价格: $2948.0
2025-12-25 02:32:35,255 - INFO -     📊 位置: 4h=53.56% | 12h=75.86% | 24h=80.64% | 48h=54.82%
2025-12-25 02:32:35,755 - INFO -   [3/27] 采集 XRP-USDT-SWAP...
2025-12-25 02:32:36,000 - INFO -     💰 当前价格: $1.8671
2025-12-25 02:32:36,000 - INFO -     📊 位置: 4h=84.78% | 12h=82.46% | 24h=75.85% | 48h=45.53%
2025-12-25 02:32:36,501 - INFO -   [4/27] 采集 BNB-USDT-SWAP...
2025-12-25 02:32:36,734 - INFO -     💰 当前价格: $845.8
2025-12-25 02:32:36,734 - INFO -     📊 位置: 4h=31.82% | 12h=71.85% | 24h=74.67% | 48h=50.0%
2025-12-25 02:32:37,235 - INFO -   [5/27] 采集 SOL-USDT-SWAP...
2025-12-25 02:32:37,456 - INFO -     💰 当前价格: $122.82
2025-12-25 02:32:37,456 - INFO -     📊 位置: 4h=63.2% | 12h=72.4% | 24h=79.04% | 48h=41.22%
2025-12-25 02:32:37,957 - INFO -   [6/27] 采集 LTC-USDT-SWAP...
2025-12-25 02:32:38,194 - INFO -     💰 当前价格: $76.15
2025-12-25 02:32:38,194 - INFO -     📊 位置: 4h=98.53% | 12h=98.91% | 24h=58.82% | 48h=35.97%
2025-12-25 02:32:38,695 - INFO -   [7/27] 采集 DOGE-USDT-SWAP...
2025-12-25 02:32:38,936 - INFO -     💰 当前价格: $0.12871
2025-12-25 02:32:38,936 - INFO -     📊 位置: 4h=62.32% | 12h=72.22% | 24h=76.97% | 48h=35.29%
2025-12-25 02:32:39,436 - INFO -   [8/27] 采集 SUI-USDT-SWAP...
2025-12-25 02:32:39,677 - INFO -     💰 当前价格: $1.4158
2025-12-25 02:32:39,677 - INFO -     📊 位置: 4h=47.98% | 12h=56.94% | 24h=70.27% | 48h=41.03%
2025-12-25 02:32:40,178 - INFO -   [9/27] 采集 TRX-USDT-SWAP...
2025-12-25 02:32:40,413 - INFO -     💰 当前价格: $0.28015
2025-12-25 02:32:40,413 - INFO -     📊 位置: 4h=64.25% | 12h=34.73% | 24h=26.65% | 48h=22.58%
2025-12-25 02:32:40,913 - INFO -   [10/27] 采集 TON-USDT-SWAP...
2025-12-25 02:32:41,160 - INFO -     💰 当前价格: $1.513
2025-12-25 02:32:41,161 - INFO -     📊 位置: 4h=100.0% | 12h=100.0% | 24h=100.0% | 48h=100.0%
2025-12-25 02:32:41,661 - INFO -   [11/27] 采集 ETC-USDT-SWAP...
2025-12-25 02:32:41,895 - INFO -     💰 当前价格: $12.08
2025-12-25 02:32:41,895 - INFO -     📊 位置: 4h=100.0% | 12h=100.0% | 24h=100.0% | 48h=71.43%
2025-12-25 02:32:42,395 - INFO -   [12/27] 采集 BCH-USDT-SWAP...
2025-12-25 02:32:42,632 - INFO -     💰 当前价格: $573.1
2025-12-25 02:32:42,632 - INFO -     📊 位置: 4h=98.73% | 12h=99.01% | 24h=57.14% | 48h=36.63%
2025-12-25 02:32:43,132 - INFO -   [13/27] 采集 HBAR-USDT-SWAP...
2025-12-25 02:32:43,364 - INFO -     💰 当前价格: $0.10999
2025-12-25 02:32:43,364 - INFO -     📊 位置: 4h=85.14% | 12h=75.26% | 24h=66.67% | 48h=38.84%
2025-12-25 02:32:43,864 - INFO -   [14/27] 采集 XLM-USDT-SWAP...
2025-12-25 02:32:44,094 - INFO -     💰 当前价格: $0.21299
2025-12-25 02:32:44,094 - INFO -     📊 位置: 4h=71.23% | 12h=48.14% | 24h=32.73% | 48h=20.62%
2025-12-25 02:32:44,594 - INFO -   [15/27] 采集 FIL-USDT-SWAP...
2025-12-25 02:32:44,830 - INFO -     💰 当前价格: $1.279
2025-12-25 02:32:44,830 - INFO -     📊 位置: 4h=86.67% | 12h=75.0% | 24h=48.57% | 48h=18.89%
2025-12-25 02:32:45,331 - INFO -   [16/27] 采集 LINK-USDT-SWAP...
2025-12-25 02:32:45,565 - INFO -     💰 当前价格: $12.325
2025-12-25 02:32:45,565 - INFO -     📊 位置: 4h=68.18% | 12h=85.29% | 24h=87.11% | 48h=60.73%
2025-12-25 02:32:46,065 - INFO -   [17/27] 采集 CRO-USDT-SWAP...
2025-12-25 02:32:46,299 - INFO -     💰 当前价格: $0.09347
2025-12-25 02:32:46,300 - INFO -     📊 位置: 4h=88.0% | 12h=91.24% | 24h=67.57% | 48h=33.24%
2025-12-25 02:32:46,800 - INFO -   [18/27] 采集 DOT-USDT-SWAP...
2025-12-25 02:32:47,036 - INFO -     💰 当前价格: $1.749
2025-12-25 02:32:47,036 - INFO -     📊 位置: 4h=95.24% | 12h=97.44% | 24h=84.91% | 48h=54.88%
2025-12-25 02:32:47,536 - INFO -   [19/27] 采集 AAVE-USDT-SWAP...
2025-12-25 02:32:47,759 - INFO -     💰 当前价格: $150.22
2025-12-25 02:32:47,759 - INFO -     📊 位置: 4h=94.81% | 12h=95.03% | 24h=96.31% | 48h=42.47%
2025-12-25 02:32:48,259 - INFO -   [20/27] 采集 UNI-USDT-SWAP...
2025-12-25 02:32:48,492 - INFO -     💰 当前价格: $5.836
2025-12-25 02:32:48,493 - INFO -     📊 位置: 4h=84.62% | 12h=77.03% | 24h=83.89% | 48h=47.8%
2025-12-25 02:32:48,993 - INFO -   [21/27] 采集 NEAR-USDT-SWAP...
2025-12-25 02:32:49,282 - INFO -     💰 当前价格: $1.472
2025-12-25 02:32:49,282 - INFO -     📊 位置: 4h=100.0% | 12h=93.75% | 24h=86.67% | 48h=40.21%
2025-12-25 02:32:49,783 - INFO -   [22/27] 采集 APT-USDT-SWAP...
2025-12-25 02:32:50,018 - INFO -     💰 当前价格: $1.639
2025-12-25 02:32:50,019 - INFO -     📊 位置: 4h=84.62% | 12h=92.11% | 24h=93.55% | 48h=93.55%
2025-12-25 02:32:50,519 - INFO -   [23/27] 采集 CFX-USDT-SWAP...
2025-12-25 02:32:50,763 - INFO -     💰 当前价格: $0.07535
2025-12-25 02:32:50,763 - INFO -     📊 位置: 4h=46.53% | 12h=66.84% | 24h=70.06% | 48h=70.06%
2025-12-25 02:32:51,263 - INFO -   [24/27] 采集 CRV-USDT-SWAP...
2025-12-25 02:32:51,504 - INFO -     💰 当前价格: $0.3838
2025-12-25 02:32:51,505 - INFO -     📊 位置: 4h=92.08% | 12h=90.28% | 24h=93.97% | 48h=94.17%
2025-12-25 02:32:52,005 - INFO -   [25/27] 采集 STX-USDT-SWAP...
2025-12-25 02:32:52,253 - INFO -     💰 当前价格: $0.2493
2025-12-25 02:32:52,253 - INFO -     📊 位置: 4h=73.08% | 12h=90.8% | 24h=94.24% | 48h=94.24%
2025-12-25 02:32:52,754 - INFO -   [26/27] 采集 LDO-USDT-SWAP...
2025-12-25 02:32:52,989 - INFO -     💰 当前价格: $0.5473
2025-12-25 02:32:52,989 - INFO -     📊 位置: 4h=72.11% | 12h=86.6% | 24h=88.95% | 48h=88.95%
2025-12-25 02:32:53,490 - INFO -   [27/27] 采集 TAO-USDT-SWAP...
2025-12-25 02:32:53,722 - INFO -     💰 当前价格: $221.3
2025-12-25 02:32:53,722 - INFO -     📊 位置: 4h=84.44% | 12h=93.4% | 24h=95.6% | 48h=95.6%
2025-12-25 02:32:54,227 - INFO - 💾 数据保存成功: 27 个币种
2025-12-25 02:32:54,231 - INFO - 📊 统计数据保存成功:
2025-12-25 02:32:54,231 - INFO -     4h低于1%: 0/27
2025-12-25 02:32:54,231 - INFO -    12h低于1%: 0/27
2025-12-25 02:32:54,232 - INFO -    24h低于1%: 0/27
2025-12-25 02:32:54,232 - INFO -    48h低于1%: 0/27
2025-12-25 02:32:54,232 - INFO - ✅ 数据采集完成: 成功 27/27
2025-12-25 02:32:54,232 - INFO - 🚀 位置系统采集器启动，采集间隔: 300秒
2025-12-25 02:32:54,232 - INFO - 📊 开始采集位置系统数据...
2025-12-25 02:32:54,232 - INFO - 📋 币种列表: 27 个币种
2025-12-25 02:32:54,232 - INFO -   [1/27] 采集 BTC-USDT-SWAP...
2025-12-25 02:32:54,467 - INFO -     💰 当前价格: $87711.0
2025-12-25 02:32:54,467 - INFO -     📊 位置: 4h=46.72% | 12h=78.43% | 24h=80.8% | 48h=68.63%
2025-12-25 02:32:54,967 - INFO -   [2/27] 采集 ETH-USDT-SWAP...
2025-12-25 02:32:55,198 - INFO -     💰 当前价格: $2947.71
2025-12-25 02:32:55,198 - INFO -     📊 位置: 4h=52.36% | 12h=75.39% | 24h=80.27% | 48h=54.56%
2025-12-25 02:32:55,698 - INFO -   [3/27] 采集 XRP-USDT-SWAP...
2025-12-25 02:32:55,931 - INFO -     💰 当前价格: $1.8671
2025-12-25 02:32:55,931 - INFO -     📊 位置: 4h=84.78% | 12h=82.46% | 24h=75.85% | 48h=45.53%
2025-12-25 02:32:56,431 - INFO -   [4/27] 采集 BNB-USDT-SWAP...
2025-12-25 02:32:56,834 - INFO -     💰 当前价格: $845.8
2025-12-25 02:32:56,834 - INFO -     📊 位置: 4h=31.82% | 12h=71.85% | 24h=74.67% | 48h=50.0%
2025-12-25 02:32:57,334 - INFO -   [5/27] 采集 SOL-USDT-SWAP...
2025-12-25 02:32:57,568 - INFO -     💰 当前价格: $122.82
2025-12-25 02:32:57,568 - INFO -     📊 位置: 4h=63.2% | 12h=72.4% | 24h=79.04% | 48h=41.22%
2025-12-25 02:32:58,068 - INFO -   [6/27] 采集 LTC-USDT-SWAP...
2025-12-25 02:32:58,298 - INFO -     💰 当前价格: $76.19
2025-12-25 02:32:58,298 - INFO -     📊 位置: 4h=98.61% | 12h=98.96% | 24h=61.18% | 48h=37.41%
2025-12-25 02:32:58,799 - INFO -   [7/27] 采集 DOGE-USDT-SWAP...
2025-12-25 02:32:59,034 - INFO -     💰 当前价格: $0.12871
2025-12-25 02:32:59,034 - INFO -     📊 位置: 4h=62.32% | 12h=72.22% | 24h=76.97% | 48h=35.29%
2025-12-25 02:32:59,534 - INFO -   [8/27] 采集 SUI-USDT-SWAP...
2025-12-25 02:32:59,769 - INFO -     💰 当前价格: $1.4159
2025-12-25 02:32:59,770 - INFO -     📊 位置: 4h=48.55% | 12h=57.3% | 24h=70.52% | 48h=41.18%
2025-12-25 02:33:00,270 - INFO -   [9/27] 采集 TRX-USDT-SWAP...
2025-12-25 02:33:00,497 - INFO -     💰 当前价格: $0.28015
2025-12-25 02:33:00,497 - INFO -     📊 位置: 4h=64.25% | 12h=34.73% | 24h=26.65% | 48h=22.58%
2025-12-25 02:33:00,998 - INFO -   [10/27] 采集 TON-USDT-SWAP...
2025-12-25 02:33:01,223 - INFO -     💰 当前价格: $1.513
2025-12-25 02:33:01,223 - INFO -     📊 位置: 4h=100.0% | 12h=100.0% | 24h=100.0% | 48h=100.0%
2025-12-25 02:33:01,724 - INFO -   [11/27] 采集 ETC-USDT-SWAP...
2025-12-25 02:33:01,955 - INFO -     💰 当前价格: $12.08
2025-12-25 02:33:01,956 - INFO -     📊 位置: 4h=100.0% | 12h=100.0% | 24h=100.0% | 48h=71.43%
2025-12-25 02:33:02,456 - INFO -   [12/27] 采集 BCH-USDT-SWAP...
2025-12-25 02:33:02,690 - INFO -     💰 当前价格: $572.9
2025-12-25 02:33:02,690 - INFO -     📊 位置: 4h=96.2% | 12h=97.03% | 24h=56.0% | 48h=35.9%
2025-12-25 02:33:03,191 - INFO -   [13/27] 采集 HBAR-USDT-SWAP...
2025-12-25 02:33:03,425 - INFO -     💰 当前价格: $0.11
2025-12-25 02:33:03,425 - INFO -     📊 位置: 4h=85.81% | 12h=75.77% | 24h=67.02% | 48h=39.05%
2025-12-25 02:33:03,926 - INFO -   [14/27] 采集 XLM-USDT-SWAP...
2025-12-25 02:33:04,168 - INFO -     💰 当前价格: $0.21303
2025-12-25 02:33:04,169 - INFO -     📊 位置: 4h=73.06% | 12h=49.2% | 24h=33.45% | 48h=21.07%
2025-12-25 02:33:04,669 - INFO -   [15/27] 采集 FIL-USDT-SWAP...
2025-12-25 02:33:04,895 - INFO -     💰 当前价格: $1.28
2025-12-25 02:33:04,896 - INFO -     📊 位置: 4h=93.33% | 12h=80.0% | 24h=51.43% | 48h=20.0%
2025-12-25 02:33:05,396 - INFO -   [16/27] 采集 LINK-USDT-SWAP...
2025-12-25 02:33:05,630 - INFO -     💰 当前价格: $12.325
2025-12-25 02:33:05,630 - INFO -     📊 位置: 4h=68.18% | 12h=85.29% | 24h=87.11% | 48h=60.73%
2025-12-25 02:33:06,131 - INFO -   [17/27] 采集 CRO-USDT-SWAP...
2025-12-25 02:33:06,360 - INFO -     💰 当前价格: $0.09347
2025-12-25 02:33:06,360 - INFO -     📊 位置: 4h=88.0% | 12h=91.24% | 24h=67.57% | 48h=33.24%
2025-12-25 02:33:06,860 - INFO -   [18/27] 采集 DOT-USDT-SWAP...
2025-12-25 02:33:07,094 - INFO -     💰 当前价格: $1.749
2025-12-25 02:33:07,094 - INFO -     📊 位置: 4h=95.24% | 12h=97.44% | 24h=84.91% | 48h=54.88%
2025-12-25 02:33:07,595 - INFO -   [19/27] 采集 AAVE-USDT-SWAP...
2025-12-25 02:33:07,824 - INFO -     💰 当前价格: $150.18
2025-12-25 02:33:07,824 - INFO -     📊 位置: 4h=93.43% | 12h=93.71% | 24h=95.33% | 48h=42.04%
2025-12-25 02:33:08,324 - INFO -   [20/27] 采集 UNI-USDT-SWAP...
2025-12-25 02:33:08,551 - INFO -     💰 当前价格: $5.835
2025-12-25 02:33:08,552 - INFO -     📊 位置: 4h=83.52% | 12h=76.56% | 24h=83.56% | 48h=47.61%
2025-12-25 02:33:09,052 - INFO -   [21/27] 采集 NEAR-USDT-SWAP...
2025-12-25 02:33:09,286 - INFO -     💰 当前价格: $1.472
2025-12-25 02:33:09,286 - INFO -     📊 位置: 4h=100.0% | 12h=93.75% | 24h=86.67% | 48h=40.21%
2025-12-25 02:33:09,787 - INFO -   [22/27] 采集 APT-USDT-SWAP...
2025-12-25 02:33:10,016 - INFO -     💰 当前价格: $1.639
2025-12-25 02:33:10,016 - INFO -     📊 位置: 4h=84.62% | 12h=92.11% | 24h=93.55% | 48h=93.55%
2025-12-25 02:33:10,517 - INFO -   [23/27] 采集 CFX-USDT-SWAP...
2025-12-25 02:33:10,763 - INFO -     💰 当前价格: $0.07537
2025-12-25 02:33:10,763 - INFO -     📊 位置: 4h=46.86% | 12h=67.04% | 24h=70.24% | 48h=70.24%
2025-12-25 02:33:11,264 - INFO -   [24/27] 采集 CRV-USDT-SWAP...
2025-12-25 02:33:11,491 - INFO -     💰 当前价格: $0.3839
2025-12-25 02:33:11,492 - INFO -     📊 位置: 4h=93.07% | 12h=90.97% | 24h=94.4% | 48h=94.58%
2025-12-25 02:33:11,992 - INFO -   [25/27] 采集 STX-USDT-SWAP...
2025-12-25 02:33:12,230 - INFO -     💰 当前价格: $0.2493
2025-12-25 02:33:12,230 - INFO -     📊 位置: 4h=73.08% | 12h=90.8% | 24h=94.24% | 48h=94.24%
2025-12-25 02:33:12,731 - INFO -   [26/27] 采集 LDO-USDT-SWAP...
2025-12-25 02:33:12,966 - INFO -     💰 当前价格: $0.5477
2025-12-25 02:33:12,966 - INFO -     📊 位置: 4h=74.83% | 12h=87.91% | 24h=90.03% | 48h=90.03%
2025-12-25 02:33:13,466 - INFO -   [27/27] 采集 TAO-USDT-SWAP...
2025-12-25 02:33:13,705 - INFO -     💰 当前价格: $221.2
2025-12-25 02:33:13,706 - INFO -     📊 位置: 4h=82.22% | 12h=92.45% | 24h=94.97% | 48h=94.97%
2025-12-25 02:33:14,213 - INFO - 💾 数据保存成功: 27 个币种
2025-12-25 02:33:14,218 - INFO - 📊 统计数据保存成功:
2025-12-25 02:33:14,218 - INFO -     4h低于1%: 0/27
2025-12-25 02:33:14,218 - INFO -    12h低于1%: 0/27
2025-12-25 02:33:14,218 - INFO -    24h低于1%: 0/27
2025-12-25 02:33:14,219 - INFO -    48h低于1%: 0/27
2025-12-25 02:33:14,219 - INFO - ✅ 数据采集完成: 成功 27/27
2025-12-25 02:33:14,219 - INFO - ⏳ 等待 300 秒后进行下一次采集...

2025-12-25 02:37:34,845 - INFO - ⛔ 收到停止信号，退出采集器
2025-12-25 02:37:35,182 - INFO - ✅ 数据库初始化完成
2025-12-25 02:37:35,182 - INFO - 📊 开始采集位置系统数据...
2025-12-25 02:37:35,182 - INFO - 📋 币种列表: 27 个币种
2025-12-25 02:37:35,193 - INFO -   [1/27] 采集 BTC-USDT-SWAP...
2025-12-25 02:37:35,418 - INFO -     💰 当前价格: $87727.5
2025-12-25 02:37:35,419 - INFO -     📊 位置: 4h=49.99% | 12h=79.53% | 24h=81.78% | 48h=69.47%
2025-12-25 02:37:35,919 - INFO -   [2/27] 采集 ETH-USDT-SWAP...
2025-12-25 02:37:36,165 - INFO -     💰 当前价格: $2949.0
2025-12-25 02:37:36,165 - INFO -     📊 位置: 4h=57.71% | 12h=77.49% | 24h=81.95% | 48h=55.7%
2025-12-25 02:37:36,665 - INFO -   [3/27] 采集 XRP-USDT-SWAP...
2025-12-25 02:37:36,898 - INFO -     💰 当前价格: $1.8666
2025-12-25 02:37:36,899 - INFO -     📊 位置: 4h=81.16% | 12h=80.26% | 24h=74.63% | 48h=44.8%
2025-12-25 02:37:37,399 - INFO -   [4/27] 采集 BNB-USDT-SWAP...
2025-12-25 02:37:37,641 - INFO -     💰 当前价格: $846.0
2025-12-25 02:37:37,642 - INFO -     📊 位置: 4h=36.36% | 12h=73.33% | 24h=76.0% | 48h=50.89%
2025-12-25 02:37:38,142 - INFO -   [5/27] 采集 SOL-USDT-SWAP...
2025-12-25 02:37:38,381 - INFO -     💰 当前价格: $122.76
2025-12-25 02:37:38,382 - INFO -     📊 位置: 4h=58.4% | 12h=69.68% | 24h=76.98% | 48h=40.14%
2025-12-25 02:37:38,882 - INFO -   [6/27] 采集 LTC-USDT-SWAP...
2025-12-25 02:37:39,111 - INFO -     💰 当前价格: $76.15
2025-12-25 02:37:39,112 - INFO -     📊 位置: 4h=93.06% | 12h=94.79% | 24h=58.82% | 48h=35.97%
2025-12-25 02:37:39,612 - INFO -   [7/27] 采集 DOGE-USDT-SWAP...
2025-12-25 02:37:39,958 - INFO -     💰 当前价格: $0.12872
2025-12-25 02:37:39,958 - INFO -     📊 位置: 4h=63.04% | 12h=72.62% | 24h=77.3% | 48h=35.44%
2025-12-25 02:37:40,458 - INFO -   [8/27] 采集 SUI-USDT-SWAP...
2025-12-25 02:37:40,695 - INFO -     💰 当前价格: $1.4158
2025-12-25 02:37:40,695 - INFO -     📊 位置: 4h=47.98% | 12h=56.94% | 24h=70.27% | 48h=41.03%
2025-12-25 02:37:41,195 - INFO -   [9/27] 采集 TRX-USDT-SWAP...
2025-12-25 02:37:41,431 - INFO -     💰 当前价格: $0.28005
2025-12-25 02:37:41,431 - INFO -     📊 位置: 4h=59.42% | 12h=32.11% | 24h=24.65% | 48h=20.88%
2025-12-25 02:37:41,931 - INFO -   [10/27] 采集 TON-USDT-SWAP...
2025-12-25 02:37:42,156 - INFO -     💰 当前价格: $1.514
2025-12-25 02:37:42,156 - INFO -     📊 位置: 4h=96.55% | 12h=98.11% | 24h=98.46% | 48h=98.65%
2025-12-25 02:37:42,657 - INFO -   [11/27] 采集 ETC-USDT-SWAP...
2025-12-25 02:37:42,887 - INFO -     💰 当前价格: $12.08
2025-12-25 02:37:42,887 - INFO -     📊 位置: 4h=100.0% | 12h=100.0% | 24h=100.0% | 48h=71.43%
2025-12-25 02:37:43,387 - INFO -   [12/27] 采集 BCH-USDT-SWAP...
2025-12-25 02:37:43,619 - INFO -     💰 当前价格: $572.1
2025-12-25 02:37:43,619 - INFO -     📊 位置: 4h=86.08% | 12h=89.11% | 24h=51.43% | 48h=32.97%
2025-12-25 02:37:44,120 - INFO -   [13/27] 采集 HBAR-USDT-SWAP...
2025-12-25 02:37:44,343 - INFO -     💰 当前价格: $0.11005
2025-12-25 02:37:44,344 - INFO -     📊 位置: 4h=89.19% | 12h=78.35% | 24h=68.79% | 48h=40.08%
2025-12-25 02:37:44,844 - INFO -   [14/27] 采集 XLM-USDT-SWAP...
2025-12-25 02:37:45,076 - INFO -     💰 当前价格: $0.21345
2025-12-25 02:37:45,076 - INFO -     📊 位置: 4h=92.24% | 12h=60.37% | 24h=41.05% | 48h=25.85%
2025-12-25 02:37:45,577 - INFO -   [15/27] 采集 FIL-USDT-SWAP...
2025-12-25 02:37:45,805 - INFO -     💰 当前价格: $1.278
2025-12-25 02:37:45,805 - INFO -     📊 位置: 4h=80.0% | 12h=70.0% | 24h=45.71% | 48h=17.78%
2025-12-25 02:37:46,306 - INFO -   [16/27] 采集 LINK-USDT-SWAP...
2025-12-25 02:37:46,546 - INFO -     💰 当前价格: $12.324
2025-12-25 02:37:46,546 - INFO -     📊 位置: 4h=67.53% | 12h=84.98% | 24h=86.84% | 48h=60.55%
2025-12-25 02:37:47,046 - INFO -   [17/27] 采集 CRO-USDT-SWAP...
2025-12-25 02:37:47,276 - INFO -     💰 当前价格: $0.09373
2025-12-25 02:37:47,276 - INFO -     📊 位置: 4h=99.13% | 12h=99.34% | 24h=81.62% | 48h=40.16%
2025-12-25 02:37:47,777 - INFO -   [18/27] 采集 DOT-USDT-SWAP...
2025-12-25 02:37:48,006 - INFO -     💰 当前价格: $1.745
2025-12-25 02:37:48,006 - INFO -     📊 位置: 4h=76.19% | 12h=87.18% | 24h=77.36% | 48h=50.0%
2025-12-25 02:37:48,507 - INFO -   [19/27] 采集 AAVE-USDT-SWAP...
2025-12-25 02:37:48,735 - INFO -     💰 当前价格: $150.85
2025-12-25 02:37:48,736 - INFO -     📊 位置: 4h=96.01% | 12h=96.15% | 24h=97.01% | 48h=49.3%
2025-12-25 02:37:49,236 - INFO -   [20/27] 采集 UNI-USDT-SWAP...
2025-12-25 02:37:49,463 - INFO -     💰 当前价格: $5.837
2025-12-25 02:37:49,463 - INFO -     📊 位置: 4h=85.71% | 12h=77.51% | 24h=84.23% | 48h=47.99%
2025-12-25 02:37:49,963 - INFO -   [21/27] 采集 NEAR-USDT-SWAP...
2025-12-25 02:37:50,188 - INFO -     💰 当前价格: $1.472
2025-12-25 02:37:50,188 - INFO -     📊 位置: 4h=100.0% | 12h=93.75% | 24h=86.67% | 48h=40.21%
2025-12-25 02:37:50,689 - INFO -   [22/27] 采集 APT-USDT-SWAP...
2025-12-25 02:37:50,924 - INFO -     💰 当前价格: $1.639
2025-12-25 02:37:50,924 - INFO -     📊 位置: 4h=84.62% | 12h=92.11% | 24h=93.55% | 48h=93.55%
2025-12-25 02:37:51,425 - INFO -   [23/27] 采集 CFX-USDT-SWAP...
2025-12-25 02:37:51,662 - INFO -     💰 当前价格: $0.0753
2025-12-25 02:37:51,662 - INFO -     📊 位置: 4h=45.71% | 12h=66.33% | 24h=69.59% | 48h=69.59%
2025-12-25 02:37:52,163 - INFO -   [24/27] 采集 CRV-USDT-SWAP...
2025-12-25 02:37:52,404 - INFO -     💰 当前价格: $0.3829
2025-12-25 02:37:52,404 - INFO -     📊 位置: 4h=83.17% | 12h=84.03% | 24h=90.09% | 48h=90.42%
2025-12-25 02:37:52,904 - INFO -   [25/27] 采集 STX-USDT-SWAP...
2025-12-25 02:37:53,136 - INFO -     💰 当前价格: $0.2494
2025-12-25 02:37:53,136 - INFO -     📊 位置: 4h=76.92% | 12h=91.95% | 24h=94.96% | 48h=94.96%
2025-12-25 02:37:53,636 - INFO -   [26/27] 采集 LDO-USDT-SWAP...
2025-12-25 02:37:53,874 - INFO -     💰 当前价格: $0.5478
2025-12-25 02:37:53,875 - INFO -     📊 位置: 4h=75.51% | 12h=88.24% | 24h=90.3% | 48h=90.3%
2025-12-25 02:37:54,375 - INFO -   [27/27] 采集 TAO-USDT-SWAP...
2025-12-25 02:37:54,610 - INFO -     💰 当前价格: $220.8
2025-12-25 02:37:54,610 - INFO -     📊 位置: 4h=73.33% | 12h=88.68% | 24h=92.45% | 48h=92.45%
2025-12-25 02:37:55,117 - INFO - 💾 数据保存成功: 27 个币种
2025-12-25 02:37:55,121 - INFO - 📊 统计数据保存成功:
2025-12-25 02:37:55,122 - INFO -     4h低于1%: 0/27
2025-12-25 02:37:55,122 - INFO -    12h低于1%: 0/27
2025-12-25 02:37:55,122 - INFO -    24h低于1%: 0/27
2025-12-25 02:37:55,123 - INFO -    48h低于1%: 0/27
2025-12-25 02:37:55,123 - INFO - ✅ 数据采集完成: 成功 27/27
2025-12-25 02:37:55,123 - INFO - 🚀 位置系统采集器启动，采集间隔: 300秒
2025-12-25 02:37:55,123 - INFO - 📊 开始采集位置系统数据...
2025-12-25 02:37:55,123 - INFO - 📋 币种列表: 27 个币种
2025-12-25 02:37:55,123 - INFO -   [1/27] 采集 BTC-USDT-SWAP...
2025-12-25 02:37:55,361 - INFO -     💰 当前价格: $87714.3
2025-12-25 02:37:55,362 - INFO -     📊 位置: 4h=47.38% | 12h=78.65% | 24h=81.0% | 48h=68.8%
2025-12-25 02:37:55,862 - INFO -   [2/27] 采集 ETH-USDT-SWAP...
2025-12-25 02:37:56,100 - INFO -     💰 当前价格: $2949.4
2025-12-25 02:37:56,101 - INFO -     📊 位置: 4h=59.36% | 12h=78.14% | 24h=82.47% | 48h=56.06%
2025-12-25 02:37:56,601 - INFO -   [3/27] 采集 XRP-USDT-SWAP...
2025-12-25 02:37:56,841 - INFO -     💰 当前价格: $1.866
2025-12-25 02:37:56,841 - INFO -     📊 位置: 4h=76.81% | 12h=77.63% | 24h=73.17% | 48h=43.92%
2025-12-25 02:37:57,342 - INFO -   [4/27] 采集 BNB-USDT-SWAP...
2025-12-25 02:37:57,577 - INFO -     💰 当前价格: $846.0
2025-12-25 02:37:57,577 - INFO -     📊 位置: 4h=36.36% | 12h=73.33% | 24h=76.0% | 48h=50.89%
2025-12-25 02:37:58,077 - INFO -   [5/27] 采集 SOL-USDT-SWAP...
2025-12-25 02:37:58,314 - INFO -     💰 当前价格: $122.77
2025-12-25 02:37:58,315 - INFO -     📊 位置: 4h=59.2% | 12h=70.14% | 24h=77.32% | 48h=40.32%
2025-12-25 02:37:58,815 - INFO -   [6/27] 采集 LTC-USDT-SWAP...
2025-12-25 02:37:59,046 - INFO -     💰 当前价格: $76.14
2025-12-25 02:37:59,046 - INFO -     📊 位置: 4h=91.67% | 12h=93.75% | 24h=58.24% | 48h=35.61%
2025-12-25 02:37:59,546 - INFO -   [7/27] 采集 DOGE-USDT-SWAP...
2025-12-25 02:37:59,787 - INFO -     💰 当前价格: $0.12869
2025-12-25 02:37:59,787 - INFO -     📊 位置: 4h=60.87% | 12h=71.43% | 24h=76.32% | 48h=34.99%
2025-12-25 02:38:00,288 - INFO -   [8/27] 采集 SUI-USDT-SWAP...
2025-12-25 02:38:00,514 - INFO -     💰 当前价格: $1.4159
2025-12-25 02:38:00,515 - INFO -     📊 位置: 4h=48.55% | 12h=57.3% | 24h=70.52% | 48h=41.18%
2025-12-25 02:38:01,015 - INFO -   [9/27] 采集 TRX-USDT-SWAP...
2025-12-25 02:38:01,245 - INFO -     💰 当前价格: $0.28009
2025-12-25 02:38:01,246 - INFO -     📊 位置: 4h=61.35% | 12h=33.16% | 24h=25.45% | 48h=21.56%
2025-12-25 02:38:01,746 - INFO -   [10/27] 采集 TON-USDT-SWAP...
2025-12-25 02:38:01,974 - INFO -     💰 当前价格: $1.513
2025-12-25 02:38:01,974 - INFO -     📊 位置: 4h=93.1% | 12h=96.23% | 24h=96.92% | 48h=97.3%
2025-12-25 02:38:02,475 - INFO -   [11/27] 采集 ETC-USDT-SWAP...
2025-12-25 02:38:02,702 - INFO -     💰 当前价格: $12.08
2025-12-25 02:38:02,702 - INFO -     📊 位置: 4h=100.0% | 12h=100.0% | 24h=100.0% | 48h=71.43%
2025-12-25 02:38:03,203 - INFO -   [12/27] 采集 BCH-USDT-SWAP...
2025-12-25 02:38:03,437 - INFO -     💰 当前价格: $572.4
2025-12-25 02:38:03,437 - INFO -     📊 位置: 4h=89.87% | 12h=92.08% | 24h=53.14% | 48h=34.07%
2025-12-25 02:38:03,938 - INFO -   [13/27] 采集 HBAR-USDT-SWAP...
2025-12-25 02:38:04,180 - INFO -     💰 当前价格: $0.11005
2025-12-25 02:38:04,180 - INFO -     📊 位置: 4h=89.19% | 12h=78.35% | 24h=68.79% | 48h=40.08%
2025-12-25 02:38:04,680 - INFO -   [14/27] 采集 XLM-USDT-SWAP...
2025-12-25 02:38:04,912 - INFO -     💰 当前价格: $0.21327
2025-12-25 02:38:04,913 - INFO -     📊 位置: 4h=84.02% | 12h=55.59% | 24h=37.79% | 48h=23.8%
2025-12-25 02:38:05,413 - INFO -   [15/27] 采集 FIL-USDT-SWAP...
2025-12-25 02:38:05,641 - INFO -     💰 当前价格: $1.278
2025-12-25 02:38:05,642 - INFO -     📊 位置: 4h=80.0% | 12h=70.0% | 24h=45.71% | 48h=17.78%
2025-12-25 02:38:06,142 - INFO -   [16/27] 采集 LINK-USDT-SWAP...
2025-12-25 02:38:06,376 - INFO -     💰 当前价格: $12.324
2025-12-25 02:38:06,377 - INFO -     📊 位置: 4h=67.53% | 12h=84.98% | 24h=86.84% | 48h=60.55%
2025-12-25 02:38:06,877 - INFO -   [17/27] 采集 CRO-USDT-SWAP...
2025-12-25 02:38:07,113 - INFO -     💰 当前价格: $0.09375
2025-12-25 02:38:07,114 - INFO -     📊 位置: 4h=100.0% | 12h=100.0% | 24h=82.7% | 48h=40.69%
2025-12-25 02:38:07,614 - INFO -   [18/27] 采集 DOT-USDT-SWAP...
2025-12-25 02:38:07,846 - INFO -     💰 当前价格: $1.746
2025-12-25 02:38:07,846 - INFO -     📊 位置: 4h=80.95% | 12h=89.74% | 24h=79.25% | 48h=51.22%
2025-12-25 02:38:08,347 - INFO -   [19/27] 采集 AAVE-USDT-SWAP...
2025-12-25 02:38:08,584 - INFO -     💰 当前价格: $150.88
2025-12-25 02:38:08,584 - INFO -     📊 位置: 4h=96.87% | 12h=96.98% | 24h=97.65% | 48h=49.62%
2025-12-25 02:38:09,085 - INFO -   [20/27] 采集 UNI-USDT-SWAP...
2025-12-25 02:38:09,321 - INFO -     💰 当前价格: $5.837
2025-12-25 02:38:09,321 - INFO -     📊 位置: 4h=85.71% | 12h=77.51% | 24h=84.23% | 48h=47.99%
2025-12-25 02:38:09,821 - INFO -   [21/27] 采集 NEAR-USDT-SWAP...
2025-12-25 02:38:10,060 - INFO -     💰 当前价格: $1.47
2025-12-25 02:38:10,060 - INFO -     📊 位置: 4h=90.91% | 12h=87.5% | 24h=82.22% | 48h=38.14%
2025-12-25 02:38:10,561 - INFO -   [22/27] 采集 APT-USDT-SWAP...
2025-12-25 02:38:10,827 - INFO -     💰 当前价格: $1.639
2025-12-25 02:38:10,827 - INFO -     📊 位置: 4h=84.62% | 12h=92.11% | 24h=93.55% | 48h=93.55%
2025-12-25 02:38:11,327 - INFO -   [23/27] 采集 CFX-USDT-SWAP...
2025-12-25 02:38:11,559 - INFO -     💰 当前价格: $0.07534
2025-12-25 02:38:11,560 - INFO -     📊 位置: 4h=46.37% | 12h=66.73% | 24h=69.96% | 48h=69.96%
2025-12-25 02:38:12,060 - INFO -   [24/27] 采集 CRV-USDT-SWAP...
2025-12-25 02:38:12,302 - INFO -     💰 当前价格: $0.3829
2025-12-25 02:38:12,302 - INFO -     📊 位置: 4h=83.17% | 12h=84.03% | 24h=90.09% | 48h=90.42%
2025-12-25 02:38:12,802 - INFO -   [25/27] 采集 STX-USDT-SWAP...
2025-12-25 02:38:13,025 - INFO -     💰 当前价格: $0.2494
2025-12-25 02:38:13,026 - INFO -     📊 位置: 4h=76.92% | 12h=91.95% | 24h=94.96% | 48h=94.96%
2025-12-25 02:38:13,526 - INFO -   [26/27] 采集 LDO-USDT-SWAP...
2025-12-25 02:38:13,756 - INFO -     💰 当前价格: $0.5478
2025-12-25 02:38:13,756 - INFO -     📊 位置: 4h=75.51% | 12h=88.24% | 24h=90.3% | 48h=90.3%
2025-12-25 02:38:14,257 - INFO -   [27/27] 采集 TAO-USDT-SWAP...
2025-12-25 02:38:14,479 - INFO -     💰 当前价格: $221.0
2025-12-25 02:38:14,480 - INFO -     📊 位置: 4h=77.78% | 12h=90.57% | 24h=93.71% | 48h=93.71%
2025-12-25 02:38:14,987 - INFO - 💾 数据保存成功: 27 个币种
2025-12-25 02:38:14,992 - INFO - 📊 统计数据保存成功:
2025-12-25 02:38:14,992 - INFO -     4h低于1%: 0/27
2025-12-25 02:38:14,993 - INFO -    12h低于1%: 0/27
2025-12-25 02:38:14,993 - INFO -    24h低于1%: 0/27
2025-12-25 02:38:14,993 - INFO -    48h低于1%: 0/27
2025-12-25 02:38:14,993 - INFO - ✅ 数据采集完成: 成功 27/27
2025-12-25 02:38:14,993 - INFO - ⏳ 等待 300 秒后进行下一次采集...

2025-12-25 02:42:35,712 - INFO - ⛔ 收到停止信号，退出采集器
2025-12-25 02:42:36,049 - INFO - ✅ 数据库初始化完成
2025-12-25 02:42:36,050 - INFO - 📊 开始采集位置系统数据...
2025-12-25 02:42:36,050 - INFO - 📋 币种列表: 27 个币种
2025-12-25 02:42:36,060 - INFO -   [1/27] 采集 BTC-USDT-SWAP...
2025-12-25 02:42:36,302 - INFO -     💰 当前价格: $87799.9
2025-12-25 02:42:36,302 - INFO -     📊 位置: 4h=64.33% | 12h=84.36% | 24h=86.08% | 48h=73.12%
2025-12-25 02:42:36,802 - INFO -   [2/27] 采集 ETH-USDT-SWAP...
2025-12-25 02:42:37,047 - INFO -     💰 当前价格: $2953.45
2025-12-25 02:42:37,048 - INFO -     📊 位置: 4h=76.14% | 12h=84.72% | 24h=87.75% | 48h=59.64%
2025-12-25 02:42:37,548 - INFO -   [3/27] 采集 XRP-USDT-SWAP...
2025-12-25 02:42:37,788 - INFO -     💰 当前价格: $1.8687
2025-12-25 02:42:37,788 - INFO -     📊 位置: 4h=96.38% | 12h=89.47% | 24h=79.76% | 48h=47.88%
2025-12-25 02:42:38,289 - INFO -   [4/27] 采集 BNB-USDT-SWAP...
2025-12-25 02:42:38,513 - INFO -     💰 当前价格: $846.8
2025-12-25 02:42:38,513 - INFO -     📊 位置: 4h=54.55% | 12h=79.26% | 24h=81.33% | 48h=54.46%
2025-12-25 02:42:39,013 - INFO -   [5/27] 采集 SOL-USDT-SWAP...
2025-12-25 02:42:39,247 - INFO -     💰 当前价格: $122.94
2025-12-25 02:42:39,247 - INFO -     📊 位置: 4h=72.8% | 12h=77.83% | 24h=83.16% | 48h=43.37%
2025-12-25 02:42:39,747 - INFO -   [6/27] 采集 LTC-USDT-SWAP...
2025-12-25 02:42:39,979 - INFO -     💰 当前价格: $76.19
2025-12-25 02:42:39,979 - INFO -     📊 位置: 4h=98.61% | 12h=98.96% | 24h=61.18% | 48h=37.41%
2025-12-25 02:42:40,480 - INFO -   [7/27] 采集 DOGE-USDT-SWAP...
2025-12-25 02:42:40,716 - INFO -     💰 当前价格: $0.12885
2025-12-25 02:42:40,717 - INFO -     📊 位置: 4h=72.46% | 12h=77.78% | 24h=81.58% | 48h=37.41%
2025-12-25 02:42:41,217 - INFO -   [8/27] 采集 SUI-USDT-SWAP...
2025-12-25 02:42:41,452 - INFO -     💰 当前价格: $1.4183
2025-12-25 02:42:41,452 - INFO -     📊 位置: 4h=62.43% | 12h=65.84% | 24h=76.41% | 48h=44.62%
2025-12-25 02:42:41,952 - INFO -   [9/27] 采集 TRX-USDT-SWAP...
2025-12-25 02:42:42,178 - INFO -     💰 当前价格: $0.28017
2025-12-25 02:42:42,178 - INFO -     📊 位置: 4h=65.22% | 12h=35.25% | 24h=27.05% | 48h=22.92%
2025-12-25 02:42:42,678 - INFO -   [10/27] 采集 TON-USDT-SWAP...
2025-12-25 02:42:42,911 - INFO -     💰 当前价格: $1.514
2025-12-25 02:42:42,912 - INFO -     📊 位置: 4h=96.55% | 12h=98.11% | 24h=98.46% | 48h=98.65%
2025-12-25 02:42:43,412 - INFO -   [11/27] 采集 ETC-USDT-SWAP...
2025-12-25 02:42:43,640 - INFO -     💰 当前价格: $12.09
2025-12-25 02:42:43,640 - INFO -     📊 位置: 4h=100.0% | 12h=100.0% | 24h=100.0% | 48h=73.81%
2025-12-25 02:42:44,141 - INFO -   [12/27] 采集 BCH-USDT-SWAP...
2025-12-25 02:42:44,366 - INFO -     💰 当前价格: $573.1
2025-12-25 02:42:44,366 - INFO -     📊 位置: 4h=98.73% | 12h=99.01% | 24h=57.14% | 48h=36.63%
2025-12-25 02:42:44,866 - INFO -   [13/27] 采集 HBAR-USDT-SWAP...
2025-12-25 02:42:45,101 - INFO -     💰 当前价格: $0.11036
2025-12-25 02:42:45,101 - INFO -     📊 位置: 4h=97.6% | 12h=94.33% | 24h=79.79% | 48h=46.49%
2025-12-25 02:42:45,601 - INFO -   [14/27] 采集 XLM-USDT-SWAP...
2025-12-25 02:42:45,828 - INFO -     💰 当前价格: $0.21362
2025-12-25 02:42:45,828 - INFO -     📊 位置: 4h=100.0% | 12h=64.89% | 24h=44.12% | 48h=27.79%
2025-12-25 02:42:46,328 - INFO -   [15/27] 采集 FIL-USDT-SWAP...
2025-12-25 02:42:46,563 - INFO -     💰 当前价格: $1.28
2025-12-25 02:42:46,563 - INFO -     📊 位置: 4h=93.33% | 12h=80.0% | 24h=51.43% | 48h=20.0%
2025-12-25 02:42:47,063 - INFO -   [16/27] 采集 LINK-USDT-SWAP...
2025-12-25 02:42:47,295 - INFO -     💰 当前价格: $12.348
2025-12-25 02:42:47,295 - INFO -     📊 位置: 4h=83.12% | 12h=92.19% | 24h=93.16% | 48h=64.95%
2025-12-25 02:42:47,795 - INFO -   [17/27] 采集 CRO-USDT-SWAP...
2025-12-25 02:42:48,028 - INFO -     💰 当前价格: $0.09395
2025-12-25 02:42:48,028 - INFO -     📊 位置: 4h=100.0% | 12h=100.0% | 24h=93.51% | 48h=46.01%
2025-12-25 02:42:48,529 - INFO -   [18/27] 采集 DOT-USDT-SWAP...
2025-12-25 02:42:48,755 - INFO -     💰 当前价格: $1.749
2025-12-25 02:42:48,755 - INFO -     📊 位置: 4h=95.24% | 12h=97.44% | 24h=84.91% | 48h=54.88%
2025-12-25 02:42:49,255 - INFO -   [19/27] 采集 AAVE-USDT-SWAP...
2025-12-25 02:42:49,495 - INFO -     💰 当前价格: $151.24
2025-12-25 02:42:49,495 - INFO -     📊 位置: 4h=99.47% | 12h=99.49% | 24h=99.6% | 48h=53.52%
2025-12-25 02:42:49,996 - INFO -   [20/27] 采集 UNI-USDT-SWAP...
2025-12-25 02:42:50,230 - INFO -     💰 当前价格: $5.846
2025-12-25 02:42:50,230 - INFO -     📊 位置: 4h=95.6% | 12h=81.82% | 24h=87.25% | 48h=49.71%
2025-12-25 02:42:50,731 - INFO -   [21/27] 采集 NEAR-USDT-SWAP...
2025-12-25 02:42:50,972 - INFO -     💰 当前价格: $1.476
2025-12-25 02:42:50,973 - INFO -     📊 位置: 4h=100.0% | 12h=100.0% | 24h=95.56% | 48h=44.33%
2025-12-25 02:42:51,473 - INFO -   [22/27] 采集 APT-USDT-SWAP...
2025-12-25 02:42:51,712 - INFO -     💰 当前价格: $1.645
2025-12-25 02:42:51,712 - INFO -     📊 位置: 4h=100.0% | 12h=100.0% | 24h=100.0% | 48h=100.0%
2025-12-25 02:42:52,212 - INFO -   [23/27] 采集 CFX-USDT-SWAP...
2025-12-25 02:42:52,454 - INFO -     💰 当前价格: $0.07569
2025-12-25 02:42:52,454 - INFO -     📊 位置: 4h=52.15% | 12h=70.32% | 24h=73.2% | 48h=73.2%
2025-12-25 02:42:52,955 - INFO -   [24/27] 采集 CRV-USDT-SWAP...
2025-12-25 02:42:53,189 - INFO -     💰 当前价格: $0.3834
2025-12-25 02:42:53,189 - INFO -     📊 位置: 4h=88.12% | 12h=87.5% | 24h=92.24% | 48h=92.5%
2025-12-25 02:42:53,690 - INFO -   [25/27] 采集 STX-USDT-SWAP...
2025-12-25 02:42:53,927 - INFO -     💰 当前价格: $0.2495
2025-12-25 02:42:53,928 - INFO -     📊 位置: 4h=80.77% | 12h=93.1% | 24h=95.68% | 48h=95.68%
2025-12-25 02:42:54,428 - INFO -   [26/27] 采集 LDO-USDT-SWAP...
2025-12-25 02:42:54,661 - INFO -     💰 当前价格: $0.5501
2025-12-25 02:42:54,661 - INFO -     📊 位置: 4h=91.16% | 12h=95.75% | 24h=96.5% | 48h=96.5%
2025-12-25 02:42:55,162 - INFO -   [27/27] 采集 TAO-USDT-SWAP...
2025-12-25 02:42:55,394 - INFO -     💰 当前价格: $222.7
2025-12-25 02:42:55,395 - INFO -     📊 位置: 4h=98.11% | 12h=99.12% | 24h=99.4% | 48h=99.4%
2025-12-25 02:42:55,901 - INFO - 💾 数据保存成功: 27 个币种
2025-12-25 02:42:55,906 - INFO - 📊 统计数据保存成功:
2025-12-25 02:42:55,906 - INFO -     4h低于1%: 0/27
2025-12-25 02:42:55,907 - INFO -    12h低于1%: 0/27
2025-12-25 02:42:55,907 - INFO -    24h低于1%: 0/27
2025-12-25 02:42:55,907 - INFO -    48h低于1%: 0/27
2025-12-25 02:42:55,907 - INFO - ✅ 数据采集完成: 成功 27/27
2025-12-25 02:42:55,907 - INFO - 🚀 位置系统采集器启动，采集间隔: 300秒
2025-12-25 02:42:55,907 - INFO - 📊 开始采集位置系统数据...
2025-12-25 02:42:55,907 - INFO - 📋 币种列表: 27 个币种
2025-12-25 02:42:55,907 - INFO -   [1/27] 采集 BTC-USDT-SWAP...
2025-12-25 02:42:56,140 - INFO -     💰 当前价格: $87844.6
2025-12-25 02:42:56,140 - INFO -     📊 位置: 4h=73.18% | 12h=87.34% | 24h=88.73% | 48h=75.37%
2025-12-25 02:42:56,640 - INFO -   [2/27] 采集 ETH-USDT-SWAP...
2025-12-25 02:42:56,871 - INFO -     💰 当前价格: $2955.59
2025-12-25 02:42:56,871 - INFO -     📊 位置: 4h=85.0% | 12h=88.2% | 24h=90.54% | 48h=61.54%
2025-12-25 02:42:57,371 - INFO -   [3/27] 采集 XRP-USDT-SWAP...
2025-12-25 02:42:57,606 - INFO -     💰 当前价格: $1.871
2025-12-25 02:42:57,606 - INFO -     📊 位置: 4h=99.36% | 12h=99.56% | 24h=85.37% | 48h=51.24%
2025-12-25 02:42:58,107 - INFO -   [4/27] 采集 BNB-USDT-SWAP...
2025-12-25 02:42:58,335 - INFO -     💰 当前价格: $847.2
2025-12-25 02:42:58,335 - INFO -     📊 位置: 4h=63.64% | 12h=82.22% | 24h=84.0% | 48h=56.25%
2025-12-25 02:42:58,836 - INFO -   [5/27] 采集 SOL-USDT-SWAP...
2025-12-25 02:42:59,062 - INFO -     💰 当前价格: $123.02
2025-12-25 02:42:59,062 - INFO -     📊 位置: 4h=79.2% | 12h=81.45% | 24h=85.91% | 48h=44.8%
2025-12-25 02:42:59,563 - INFO -   [6/27] 采集 LTC-USDT-SWAP...
2025-12-25 02:42:59,796 - INFO -     💰 当前价格: $76.2
2025-12-25 02:42:59,796 - INFO -     📊 位置: 4h=100.0% | 12h=100.0% | 24h=61.76% | 48h=37.77%
2025-12-25 02:43:00,297 - INFO -   [7/27] 采集 DOGE-USDT-SWAP...
2025-12-25 02:43:00,531 - INFO -     💰 当前价格: $0.12896
2025-12-25 02:43:00,532 - INFO -     📊 位置: 4h=80.43% | 12h=82.14% | 24h=85.2% | 48h=39.06%
2025-12-25 02:43:01,032 - INFO -   [8/27] 采集 SUI-USDT-SWAP...
2025-12-25 02:43:01,262 - INFO -     💰 当前价格: $1.4197
2025-12-25 02:43:01,262 - INFO -     📊 位置: 4h=70.52% | 12h=70.82% | 24h=79.85% | 48h=46.63%
2025-12-25 02:43:01,763 - INFO -   [9/27] 采集 TRX-USDT-SWAP...
2025-12-25 02:43:02,004 - INFO -     💰 当前价格: $0.28022
2025-12-25 02:43:02,004 - INFO -     📊 位置: 4h=67.63% | 12h=36.55% | 24h=28.06% | 48h=23.77%
2025-12-25 02:43:02,504 - INFO -   [10/27] 采集 TON-USDT-SWAP...
2025-12-25 02:43:02,740 - INFO -     💰 当前价格: $1.514
2025-12-25 02:43:02,741 - INFO -     📊 位置: 4h=96.55% | 12h=98.11% | 24h=98.46% | 48h=98.65%
2025-12-25 02:43:03,241 - INFO -   [11/27] 采集 ETC-USDT-SWAP...
2025-12-25 02:43:03,477 - INFO -     💰 当前价格: $12.09
2025-12-25 02:43:03,478 - INFO -     📊 位置: 4h=92.31% | 12h=96.0% | 24h=96.88% | 48h=73.81%
2025-12-25 02:43:03,978 - INFO -   [12/27] 采集 BCH-USDT-SWAP...
2025-12-25 02:43:04,208 - INFO -     💰 当前价格: $573.5
2025-12-25 02:43:04,209 - INFO -     📊 位置: 4h=98.8% | 12h=99.05% | 24h=59.43% | 48h=38.1%
2025-12-25 02:43:04,709 - INFO -   [13/27] 采集 HBAR-USDT-SWAP...
2025-12-25 02:43:04,946 - INFO -     💰 当前价格: $0.11049
2025-12-25 02:43:04,946 - INFO -     📊 位置: 4h=100.0% | 12h=100.0% | 24h=84.4% | 48h=49.17%
2025-12-25 02:43:05,446 - INFO -   [14/27] 采集 XLM-USDT-SWAP...
2025-12-25 02:43:05,668 - INFO -     💰 当前价格: $0.21381
2025-12-25 02:43:05,668 - INFO -     📊 位置: 4h=100.0% | 12h=69.95% | 24h=47.56% | 48h=29.95%
2025-12-25 02:43:06,169 - INFO -   [15/27] 采集 FIL-USDT-SWAP...
2025-12-25 02:43:06,405 - INFO -     💰 当前价格: $1.283
2025-12-25 02:43:06,406 - INFO -     📊 位置: 4h=100.0% | 12h=95.0% | 24h=60.0% | 48h=23.33%
2025-12-25 02:43:06,906 - INFO -   [16/27] 采集 LINK-USDT-SWAP...
2025-12-25 02:43:07,130 - INFO -     💰 当前价格: $12.348
2025-12-25 02:43:07,130 - INFO -     📊 位置: 4h=83.12% | 12h=92.19% | 24h=93.16% | 48h=64.95%
2025-12-25 02:43:07,631 - INFO -   [17/27] 采集 CRO-USDT-SWAP...
2025-12-25 02:43:07,860 - INFO -     💰 当前价格: $0.09394
2025-12-25 02:43:07,861 - INFO -     📊 位置: 4h=100.0% | 12h=100.0% | 24h=92.97% | 48h=45.74%
2025-12-25 02:43:08,361 - INFO -   [18/27] 采集 DOT-USDT-SWAP...
2025-12-25 02:43:08,590 - INFO -     💰 当前价格: $1.748
2025-12-25 02:43:08,590 - INFO -     📊 位置: 4h=90.48% | 12h=94.87% | 24h=83.02% | 48h=53.66%
2025-12-25 02:43:09,090 - INFO -   [19/27] 采集 AAVE-USDT-SWAP...
2025-12-25 02:43:09,327 - INFO -     💰 当前价格: $151.18
2025-12-25 02:43:09,327 - INFO -     📊 位置: 4h=96.61% | 12h=96.72% | 24h=97.41% | 48h=52.87%
2025-12-25 02:43:09,828 - INFO -   [20/27] 采集 UNI-USDT-SWAP...
2025-12-25 02:43:10,063 - INFO -     💰 当前价格: $5.85
2025-12-25 02:43:10,063 - INFO -     📊 位置: 4h=97.85% | 12h=83.73% | 24h=88.59% | 48h=50.48%
2025-12-25 02:43:10,563 - INFO -   [21/27] 采集 NEAR-USDT-SWAP...
2025-12-25 02:43:10,799 - INFO -     💰 当前价格: $1.476
2025-12-25 02:43:10,799 - INFO -     📊 位置: 4h=100.0% | 12h=100.0% | 24h=95.56% | 48h=44.33%
2025-12-25 02:43:11,300 - INFO -   [22/27] 采集 APT-USDT-SWAP...
2025-12-25 02:43:11,534 - INFO -     💰 当前价格: $1.643
2025-12-25 02:43:11,534 - INFO -     📊 位置: 4h=92.86% | 12h=97.37% | 24h=97.85% | 48h=97.85%
2025-12-25 02:43:12,034 - INFO -   [23/27] 采集 CFX-USDT-SWAP...
2025-12-25 02:43:12,270 - INFO -     💰 当前价格: $0.07569
2025-12-25 02:43:12,270 - INFO -     📊 位置: 4h=52.15% | 12h=70.32% | 24h=73.2% | 48h=73.2%
2025-12-25 02:43:12,771 - INFO -   [24/27] 采集 CRV-USDT-SWAP...
2025-12-25 02:43:13,155 - INFO -     💰 当前价格: $0.3833
2025-12-25 02:43:13,155 - INFO -     📊 位置: 4h=87.13% | 12h=86.81% | 24h=91.81% | 48h=92.08%
2025-12-25 02:43:13,655 - INFO -   [25/27] 采集 STX-USDT-SWAP...
2025-12-25 02:43:13,995 - INFO -     💰 当前价格: $0.2492
2025-12-25 02:43:13,995 - INFO -     📊 位置: 4h=69.23% | 12h=89.66% | 24h=93.53% | 48h=93.53%
2025-12-25 02:43:14,495 - INFO -   [26/27] 采集 LDO-USDT-SWAP...
2025-12-25 02:43:14,726 - INFO -     💰 当前价格: $0.5496
2025-12-25 02:43:14,727 - INFO -     📊 位置: 4h=87.76% | 12h=94.12% | 24h=95.15% | 48h=95.15%
2025-12-25 02:43:15,227 - INFO -   [27/27] 采集 TAO-USDT-SWAP...
2025-12-25 02:43:15,459 - INFO -     💰 当前价格: $222.7
2025-12-25 02:43:15,459 - INFO -     📊 位置: 4h=98.11% | 12h=99.12% | 24h=99.4% | 48h=99.4%
2025-12-25 02:43:15,965 - INFO - 💾 数据保存成功: 27 个币种
2025-12-25 02:43:15,970 - INFO - 📊 统计数据保存成功:
2025-12-25 02:43:15,970 - INFO -     4h低于1%: 0/27
2025-12-25 02:43:15,971 - INFO -    12h低于1%: 0/27
2025-12-25 02:43:15,971 - INFO -    24h低于1%: 0/27
2025-12-25 02:43:15,971 - INFO -    48h低于1%: 0/27
2025-12-25 02:43:15,971 - INFO - ✅ 数据采集完成: 成功 27/27
2025-12-25 02:43:15,971 - INFO - ⏳ 等待 300 秒后进行下一次采集...

2025-12-25 02:47:36,594 - INFO - ⛔ 收到停止信号，退出采集器
2025-12-25 02:47:36,948 - INFO - ✅ 数据库初始化完成
2025-12-25 02:47:36,948 - INFO - 📊 开始采集位置系统数据...
2025-12-25 02:47:36,948 - INFO - 📋 币种列表: 27 个币种
2025-12-25 02:47:36,959 - INFO -   [1/27] 采集 BTC-USDT-SWAP...
2025-12-25 02:47:37,189 - INFO -     💰 当前价格: $87838.6
2025-12-25 02:47:37,189 - INFO -     📊 位置: 4h=71.99% | 12h=86.94% | 24h=88.38% | 48h=75.07%
2025-12-25 02:47:37,690 - INFO -   [2/27] 采集 ETH-USDT-SWAP...
2025-12-25 02:47:37,929 - INFO -     💰 当前价格: $2952.68
2025-12-25 02:47:37,929 - INFO -     📊 位置: 4h=72.95% | 12h=83.47% | 24h=86.74% | 48h=58.96%
2025-12-25 02:47:38,429 - INFO -   [3/27] 采集 XRP-USDT-SWAP...
2025-12-25 02:47:38,662 - INFO -     💰 当前价格: $1.8706
2025-12-25 02:47:38,662 - INFO -     📊 位置: 4h=93.83% | 12h=95.71% | 24h=84.39% | 48h=50.66%
2025-12-25 02:47:39,162 - INFO -   [4/27] 采集 BNB-USDT-SWAP...
2025-12-25 02:47:39,401 - INFO -     💰 当前价格: $846.8
2025-12-25 02:47:39,401 - INFO -     📊 位置: 4h=54.55% | 12h=79.26% | 24h=81.33% | 48h=54.46%
2025-12-25 02:47:39,901 - INFO -   [5/27] 采集 SOL-USDT-SWAP...
2025-12-25 02:47:40,140 - INFO -     💰 当前价格: $122.95
2025-12-25 02:47:40,140 - INFO -     📊 位置: 4h=73.6% | 12h=78.28% | 24h=83.51% | 48h=43.55%
2025-12-25 02:47:40,640 - INFO -   [6/27] 采集 LTC-USDT-SWAP...
2025-12-25 02:47:40,871 - INFO -     💰 当前价格: $76.25
2025-12-25 02:47:40,871 - INFO -     📊 位置: 4h=96.25% | 12h=97.12% | 24h=64.71% | 48h=39.57%
2025-12-25 02:47:41,372 - INFO -   [7/27] 采集 DOGE-USDT-SWAP...
2025-12-25 02:47:41,610 - INFO -     💰 当前价格: $0.12886
2025-12-25 02:47:41,611 - INFO -     📊 位置: 4h=73.19% | 12h=78.17% | 24h=81.91% | 48h=37.56%
2025-12-25 02:47:42,111 - INFO -   [8/27] 采集 SUI-USDT-SWAP...
2025-12-25 02:47:42,363 - INFO -     💰 当前价格: $1.4198
2025-12-25 02:47:42,363 - INFO -     📊 位置: 4h=71.1% | 12h=71.17% | 24h=80.1% | 48h=46.77%
2025-12-25 02:47:42,864 - INFO -   [9/27] 采集 TRX-USDT-SWAP...
2025-12-25 02:47:43,103 - INFO -     💰 当前价格: $0.28036
2025-12-25 02:47:43,103 - INFO -     📊 位置: 4h=74.4% | 12h=40.21% | 24h=30.86% | 48h=26.15%
2025-12-25 02:47:43,603 - INFO -   [10/27] 采集 TON-USDT-SWAP...
2025-12-25 02:47:43,849 - INFO -     💰 当前价格: $1.513
2025-12-25 02:47:43,849 - INFO -     📊 位置: 4h=93.1% | 12h=96.23% | 24h=96.92% | 48h=97.3%
2025-12-25 02:47:44,350 - INFO -   [11/27] 采集 ETC-USDT-SWAP...
2025-12-25 02:47:44,580 - INFO -     💰 当前价格: $12.11
2025-12-25 02:47:44,580 - INFO -     📊 位置: 4h=93.33% | 12h=96.3% | 24h=97.06% | 48h=78.57%
2025-12-25 02:47:45,080 - INFO -   [12/27] 采集 BCH-USDT-SWAP...
2025-12-25 02:47:45,320 - INFO -     💰 当前价格: $573.8
2025-12-25 02:47:45,320 - INFO -     📊 位置: 4h=97.7% | 12h=98.17% | 24h=61.14% | 48h=39.19%
2025-12-25 02:47:45,821 - INFO -   [13/27] 采集 HBAR-USDT-SWAP...
2025-12-25 02:47:46,059 - INFO -     💰 当前价格: $0.11063
2025-12-25 02:47:46,059 - INFO -     📊 位置: 4h=99.48% | 12h=99.53% | 24h=89.36% | 48h=52.07%
2025-12-25 02:47:46,560 - INFO -   [14/27] 采集 XLM-USDT-SWAP...
2025-12-25 02:47:46,785 - INFO -     💰 当前价格: $0.21393
2025-12-25 02:47:46,786 - INFO -     📊 位置: 4h=99.6% | 12h=73.14% | 24h=49.73% | 48h=31.32%
2025-12-25 02:47:47,286 - INFO -   [15/27] 采集 FIL-USDT-SWAP...
2025-12-25 02:47:47,523 - INFO -     💰 当前价格: $1.283
2025-12-25 02:47:47,524 - INFO -     📊 位置: 4h=89.47% | 12h=90.48% | 24h=60.0% | 48h=23.33%
2025-12-25 02:47:48,024 - INFO -   [16/27] 采集 LINK-USDT-SWAP...
2025-12-25 02:47:48,262 - INFO -     💰 当前价格: $12.348
2025-12-25 02:47:48,262 - INFO -     📊 位置: 4h=83.12% | 12h=92.19% | 24h=93.16% | 48h=64.95%
2025-12-25 02:47:48,763 - INFO -   [17/27] 采集 CRO-USDT-SWAP...
2025-12-25 02:47:48,993 - INFO -     💰 当前价格: $0.09399
2025-12-25 02:47:48,993 - INFO -     📊 位置: 4h=95.24% | 12h=96.2% | 24h=95.68% | 48h=47.07%
2025-12-25 02:47:49,493 - INFO -   [18/27] 采集 DOT-USDT-SWAP...
2025-12-25 02:47:49,732 - INFO -     💰 当前价格: $1.75
2025-12-25 02:47:49,732 - INFO -     📊 位置: 4h=100.0% | 12h=100.0% | 24h=86.79% | 48h=56.1%
2025-12-25 02:47:50,232 - INFO -   [19/27] 采集 AAVE-USDT-SWAP...
2025-12-25 02:47:50,459 - INFO -     💰 当前价格: $150.78
2025-12-25 02:47:50,459 - INFO -     📊 位置: 4h=86.16% | 12h=86.62% | 24h=89.42% | 48h=48.54%
2025-12-25 02:47:50,959 - INFO -   [20/27] 采集 UNI-USDT-SWAP...
2025-12-25 02:47:51,191 - INFO -     💰 当前价格: $5.843
2025-12-25 02:47:51,192 - INFO -     📊 位置: 4h=84.85% | 12h=80.38% | 24h=86.24% | 48h=49.14%
2025-12-25 02:47:51,692 - INFO -   [21/27] 采集 NEAR-USDT-SWAP...
2025-12-25 02:47:51,941 - INFO -     💰 当前价格: $1.487
2025-12-25 02:47:51,941 - INFO -     📊 位置: 4h=100.0% | 12h=100.0% | 24h=100.0% | 48h=55.67%
2025-12-25 02:47:52,442 - INFO -   [22/27] 采集 APT-USDT-SWAP...
2025-12-25 02:47:52,679 - INFO -     💰 当前价格: $1.644
2025-12-25 02:47:52,679 - INFO -     📊 位置: 4h=96.43% | 12h=98.68% | 24h=98.92% | 48h=98.92%
2025-12-25 02:47:53,180 - INFO -   [23/27] 采集 CFX-USDT-SWAP...
2025-12-25 02:47:53,419 - INFO -     💰 当前价格: $0.07603
2025-12-25 02:47:53,419 - INFO -     📊 位置: 4h=57.76% | 12h=73.8% | 24h=76.34% | 48h=76.34%
2025-12-25 02:47:53,919 - INFO -   [24/27] 采集 CRV-USDT-SWAP...
2025-12-25 02:47:54,160 - INFO -     💰 当前价格: $0.3845
2025-12-25 02:47:54,160 - INFO -     📊 位置: 4h=99.01% | 12h=95.14% | 24h=96.98% | 48h=97.08%
2025-12-25 02:47:54,660 - INFO -   [25/27] 采集 STX-USDT-SWAP...
2025-12-25 02:47:54,887 - INFO -     💰 当前价格: $0.2498
2025-12-25 02:47:54,888 - INFO -     📊 位置: 4h=85.71% | 12h=95.45% | 24h=97.14% | 48h=97.14%
2025-12-25 02:47:55,388 - INFO -   [26/27] 采集 LDO-USDT-SWAP...
2025-12-25 02:47:55,619 - INFO -     💰 当前价格: $0.55
2025-12-25 02:47:55,619 - INFO -     📊 位置: 4h=90.48% | 12h=95.42% | 24h=96.23% | 48h=96.23%
2025-12-25 02:47:56,119 - INFO -   [27/27] 采集 TAO-USDT-SWAP...
2025-12-25 02:47:56,353 - INFO -     💰 当前价格: $222.9
2025-12-25 02:47:56,353 - INFO -     📊 位置: 4h=91.53% | 12h=95.83% | 24h=97.11% | 48h=97.11%
2025-12-25 02:47:56,860 - INFO - 💾 数据保存成功: 27 个币种
2025-12-25 02:47:56,865 - INFO - 📊 统计数据保存成功:
2025-12-25 02:47:56,865 - INFO -     4h低于1%: 0/27
2025-12-25 02:47:56,865 - INFO -    12h低于1%: 0/27
2025-12-25 02:47:56,865 - INFO -    24h低于1%: 0/27
2025-12-25 02:47:56,865 - INFO -    48h低于1%: 0/27
2025-12-25 02:47:56,865 - INFO - ✅ 数据采集完成: 成功 27/27
2025-12-25 02:47:56,866 - INFO - 🚀 位置系统采集器启动，采集间隔: 300秒
2025-12-25 02:47:56,866 - INFO - 📊 开始采集位置系统数据...
2025-12-25 02:47:56,866 - INFO - 📋 币种列表: 27 个币种
2025-12-25 02:47:56,866 - INFO -   [1/27] 采集 BTC-USDT-SWAP...
2025-12-25 02:47:57,101 - INFO -     💰 当前价格: $87838.6
2025-12-25 02:47:57,101 - INFO -     📊 位置: 4h=71.99% | 12h=86.94% | 24h=88.38% | 48h=75.07%
2025-12-25 02:47:57,601 - INFO -   [2/27] 采集 ETH-USDT-SWAP...
2025-12-25 02:47:57,842 - INFO -     💰 当前价格: $2952.68
2025-12-25 02:47:57,842 - INFO -     📊 位置: 4h=72.95% | 12h=83.47% | 24h=86.74% | 48h=58.96%
2025-12-25 02:47:58,342 - INFO -   [3/27] 采集 XRP-USDT-SWAP...
2025-12-25 02:47:58,571 - INFO -     💰 当前价格: $1.8706
2025-12-25 02:47:58,571 - INFO -     📊 位置: 4h=93.83% | 12h=95.71% | 24h=84.39% | 48h=50.66%
2025-12-25 02:47:59,071 - INFO -   [4/27] 采集 BNB-USDT-SWAP...
2025-12-25 02:47:59,298 - INFO -     💰 当前价格: $846.8
2025-12-25 02:47:59,298 - INFO -     📊 位置: 4h=54.55% | 12h=79.26% | 24h=81.33% | 48h=54.46%
2025-12-25 02:47:59,798 - INFO -   [5/27] 采集 SOL-USDT-SWAP...
2025-12-25 02:48:00,034 - INFO -     💰 当前价格: $122.95
2025-12-25 02:48:00,035 - INFO -     📊 位置: 4h=73.6% | 12h=78.28% | 24h=83.51% | 48h=43.55%
2025-12-25 02:48:00,535 - INFO -   [6/27] 采集 LTC-USDT-SWAP...
2025-12-25 02:48:00,761 - INFO -     💰 当前价格: $76.25
2025-12-25 02:48:00,762 - INFO -     📊 位置: 4h=96.25% | 12h=97.12% | 24h=64.71% | 48h=39.57%
2025-12-25 02:48:01,262 - INFO -   [7/27] 采集 DOGE-USDT-SWAP...
2025-12-25 02:48:01,490 - INFO -     💰 当前价格: $0.12887
2025-12-25 02:48:01,490 - INFO -     📊 位置: 4h=73.91% | 12h=78.57% | 24h=82.24% | 48h=37.71%
2025-12-25 02:48:01,991 - INFO -   [8/27] 采集 SUI-USDT-SWAP...
2025-12-25 02:48:02,221 - INFO -     💰 当前价格: $1.4196
2025-12-25 02:48:02,221 - INFO -     📊 位置: 4h=69.94% | 12h=70.46% | 24h=79.61% | 48h=46.48%
2025-12-25 02:48:02,722 - INFO -   [9/27] 采集 TRX-USDT-SWAP...
2025-12-25 02:48:02,959 - INFO -     💰 当前价格: $0.28035
2025-12-25 02:48:02,959 - INFO -     📊 位置: 4h=73.91% | 12h=39.95% | 24h=30.66% | 48h=25.98%
2025-12-25 02:48:03,460 - INFO -   [10/27] 采集 TON-USDT-SWAP...
2025-12-25 02:48:03,694 - INFO -     💰 当前价格: $1.513
2025-12-25 02:48:03,695 - INFO -     📊 位置: 4h=93.1% | 12h=96.23% | 24h=96.92% | 48h=97.3%
2025-12-25 02:48:04,195 - INFO -   [11/27] 采集 ETC-USDT-SWAP...
2025-12-25 02:48:04,433 - INFO -     💰 当前价格: $12.11
2025-12-25 02:48:04,434 - INFO -     📊 位置: 4h=93.33% | 12h=96.3% | 24h=97.06% | 48h=78.57%
2025-12-25 02:48:04,934 - INFO -   [12/27] 采集 BCH-USDT-SWAP...
2025-12-25 02:48:05,182 - INFO -     💰 当前价格: $573.9
2025-12-25 02:48:05,182 - INFO -     📊 位置: 4h=98.85% | 12h=99.08% | 24h=61.71% | 48h=39.56%
2025-12-25 02:48:05,683 - INFO -   [13/27] 采集 HBAR-USDT-SWAP...
2025-12-25 02:48:05,910 - INFO -     💰 当前价格: $0.11063
2025-12-25 02:48:05,910 - INFO -     📊 位置: 4h=99.48% | 12h=99.53% | 24h=89.36% | 48h=52.07%
2025-12-25 02:48:06,411 - INFO -   [14/27] 采集 XLM-USDT-SWAP...
2025-12-25 02:48:06,649 - INFO -     💰 当前价格: $0.21398
2025-12-25 02:48:06,650 - INFO -     📊 位置: 4h=100.0% | 12h=74.47% | 24h=50.63% | 48h=31.89%
2025-12-25 02:48:07,150 - INFO -   [15/27] 采集 FIL-USDT-SWAP...
2025-12-25 02:48:07,385 - INFO -     💰 当前价格: $1.283
2025-12-25 02:48:07,385 - INFO -     📊 位置: 4h=89.47% | 12h=90.48% | 24h=60.0% | 48h=23.33%
2025-12-25 02:48:07,886 - INFO -   [16/27] 采集 LINK-USDT-SWAP...
2025-12-25 02:48:08,113 - INFO -     💰 当前价格: $12.346
2025-12-25 02:48:08,113 - INFO -     📊 位置: 4h=81.82% | 12h=91.59% | 24h=92.63% | 48h=64.59%
2025-12-25 02:48:08,614 - INFO -   [17/27] 采集 CRO-USDT-SWAP...
2025-12-25 02:48:08,850 - INFO -     💰 当前价格: $0.09399
2025-12-25 02:48:08,851 - INFO -     📊 位置: 4h=95.24% | 12h=96.2% | 24h=95.68% | 48h=47.07%
2025-12-25 02:48:09,351 - INFO -   [18/27] 采集 DOT-USDT-SWAP...
2025-12-25 02:48:09,588 - INFO -     💰 当前价格: $1.75
2025-12-25 02:48:09,588 - INFO -     📊 位置: 4h=100.0% | 12h=100.0% | 24h=86.79% | 48h=56.1%
2025-12-25 02:48:10,088 - INFO -   [19/27] 采集 AAVE-USDT-SWAP...
2025-12-25 02:48:10,311 - INFO -     💰 当前价格: $150.83
2025-12-25 02:48:10,311 - INFO -     📊 位置: 4h=87.47% | 12h=87.88% | 24h=90.42% | 48h=49.08%
2025-12-25 02:48:10,811 - INFO -   [20/27] 采集 UNI-USDT-SWAP...
2025-12-25 02:48:11,052 - INFO -     💰 当前价格: $5.842
2025-12-25 02:48:11,052 - INFO -     📊 位置: 4h=83.84% | 12h=79.9% | 24h=85.91% | 48h=48.95%
2025-12-25 02:48:11,552 - INFO -   [21/27] 采集 NEAR-USDT-SWAP...
2025-12-25 02:48:11,777 - INFO -     💰 当前价格: $1.486
2025-12-25 02:48:11,778 - INFO -     📊 位置: 4h=94.74% | 12h=95.65% | 24h=96.36% | 48h=54.64%
2025-12-25 02:48:12,278 - INFO -   [22/27] 采集 APT-USDT-SWAP...
2025-12-25 02:48:12,513 - INFO -     💰 当前价格: $1.645
2025-12-25 02:48:12,513 - INFO -     📊 位置: 4h=100.0% | 12h=100.0% | 24h=100.0% | 48h=100.0%
2025-12-25 02:48:13,013 - INFO -   [23/27] 采集 CFX-USDT-SWAP...
2025-12-25 02:48:13,240 - INFO -     💰 当前价格: $0.07607
2025-12-25 02:48:13,240 - INFO -     📊 位置: 4h=58.42% | 12h=74.21% | 24h=76.71% | 48h=76.71%
2025-12-25 02:48:13,740 - INFO -   [24/27] 采集 CRV-USDT-SWAP...
2025-12-25 02:48:13,971 - INFO -     💰 当前价格: $0.3845
2025-12-25 02:48:13,972 - INFO -     📊 位置: 4h=99.01% | 12h=95.14% | 24h=96.98% | 48h=97.08%
2025-12-25 02:48:14,472 - INFO -   [25/27] 采集 STX-USDT-SWAP...
2025-12-25 02:48:14,707 - INFO -     💰 当前价格: $0.2498
2025-12-25 02:48:14,707 - INFO -     📊 位置: 4h=85.71% | 12h=95.45% | 24h=97.14% | 48h=97.14%
2025-12-25 02:48:15,207 - INFO -   [26/27] 采集 LDO-USDT-SWAP...
2025-12-25 02:48:15,442 - INFO -     💰 当前价格: $0.5499
2025-12-25 02:48:15,443 - INFO -     📊 位置: 4h=89.8% | 12h=95.1% | 24h=95.96% | 48h=95.96%
2025-12-25 02:48:15,943 - INFO -   [27/27] 采集 TAO-USDT-SWAP...
2025-12-25 02:48:16,184 - INFO -     💰 当前价格: $222.7
2025-12-25 02:48:16,184 - INFO -     📊 位置: 4h=88.14% | 12h=94.17% | 24h=95.95% | 48h=95.95%
2025-12-25 02:48:16,691 - INFO - 💾 数据保存成功: 27 个币种
2025-12-25 02:48:16,695 - INFO - 📊 统计数据保存成功:
2025-12-25 02:48:16,696 - INFO -     4h低于1%: 0/27
2025-12-25 02:48:16,696 - INFO -    12h低于1%: 0/27
2025-12-25 02:48:16,696 - INFO -    24h低于1%: 0/27
2025-12-25 02:48:16,696 - INFO -    48h低于1%: 0/27
2025-12-25 02:48:16,696 - INFO - ✅ 数据采集完成: 成功 27/27
2025-12-25 02:48:16,696 - INFO - ⏳ 等待 300 秒后进行下一次采集...

2025-12-25 02:52:37,492 - INFO - ⛔ 收到停止信号，退出采集器
2025-12-25 02:52:37,830 - INFO - ✅ 数据库初始化完成
2025-12-25 02:52:37,830 - INFO - 📊 开始采集位置系统数据...
2025-12-25 02:52:37,830 - INFO - 📋 币种列表: 27 个币种
2025-12-25 02:52:37,841 - INFO -   [1/27] 采集 BTC-USDT-SWAP...
2025-12-25 02:52:38,085 - INFO -     💰 当前价格: $87898.6
2025-12-25 02:52:38,085 - INFO -     📊 位置: 4h=83.88% | 12h=90.94% | 24h=91.94% | 48h=78.09%
2025-12-25 02:52:38,586 - INFO -   [2/27] 采集 ETH-USDT-SWAP...
2025-12-25 02:52:38,837 - INFO -     💰 当前价格: $2953.58
2025-12-25 02:52:38,837 - INFO -     📊 位置: 4h=76.68% | 12h=84.93% | 24h=87.92% | 48h=59.76%
2025-12-25 02:52:39,337 - INFO -   [3/27] 采集 XRP-USDT-SWAP...
2025-12-25 02:52:39,564 - INFO -     💰 当前价格: $1.8711
2025-12-25 02:52:39,565 - INFO -     📊 位置: 4h=96.32% | 12h=97.44% | 24h=85.61% | 48h=51.39%
2025-12-25 02:52:40,065 - INFO -   [4/27] 采集 BNB-USDT-SWAP...
2025-12-25 02:52:40,299 - INFO -     💰 当前价格: $846.5
2025-12-25 02:52:40,299 - INFO -     📊 位置: 4h=47.73% | 12h=77.04% | 24h=79.33% | 48h=53.12%
2025-12-25 02:52:40,800 - INFO -   [5/27] 采集 SOL-USDT-SWAP...
2025-12-25 02:52:41,039 - INFO -     💰 当前价格: $122.99
2025-12-25 02:52:41,040 - INFO -     📊 位置: 4h=76.8% | 12h=80.09% | 24h=84.88% | 48h=44.27%
2025-12-25 02:52:41,540 - INFO -   [6/27] 采集 LTC-USDT-SWAP...
2025-12-25 02:52:41,775 - INFO -     💰 当前价格: $76.25
2025-12-25 02:52:41,775 - INFO -     📊 位置: 4h=96.25% | 12h=97.12% | 24h=64.71% | 48h=39.57%
2025-12-25 02:52:42,276 - INFO -   [7/27] 采集 DOGE-USDT-SWAP...
2025-12-25 02:52:42,509 - INFO -     💰 当前价格: $0.12889
2025-12-25 02:52:42,509 - INFO -     📊 位置: 4h=75.36% | 12h=79.37% | 24h=82.89% | 48h=38.01%
2025-12-25 02:52:43,010 - INFO -   [8/27] 采集 SUI-USDT-SWAP...
2025-12-25 02:52:43,237 - INFO -     💰 当前价格: $1.4202
2025-12-25 02:52:43,237 - INFO -     📊 位置: 4h=73.41% | 12h=72.6% | 24h=81.08% | 48h=47.35%
2025-12-25 02:52:43,738 - INFO -   [9/27] 采集 TRX-USDT-SWAP...
2025-12-25 02:52:43,974 - INFO -     💰 当前价格: $0.28049
2025-12-25 02:52:43,974 - INFO -     📊 位置: 4h=80.68% | 12h=43.6% | 24h=33.47% | 48h=28.35%
2025-12-25 02:52:44,475 - INFO -   [10/27] 采集 TON-USDT-SWAP...
2025-12-25 02:52:44,711 - INFO -     💰 当前价格: $1.514
2025-12-25 02:52:44,712 - INFO -     📊 位置: 4h=96.55% | 12h=98.11% | 24h=98.46% | 48h=98.65%
2025-12-25 02:52:45,212 - INFO -   [11/27] 采集 ETC-USDT-SWAP...
2025-12-25 02:52:45,440 - INFO -     💰 当前价格: $12.12
2025-12-25 02:52:45,441 - INFO -     📊 位置: 4h=100.0% | 12h=100.0% | 24h=100.0% | 48h=80.95%
2025-12-25 02:52:45,941 - INFO -   [12/27] 采集 BCH-USDT-SWAP...
2025-12-25 02:52:46,169 - INFO -     💰 当前价格: $573.2
2025-12-25 02:52:46,170 - INFO -     📊 位置: 4h=90.8% | 12h=92.66% | 24h=57.71% | 48h=37.0%
2025-12-25 02:52:46,670 - INFO -   [13/27] 采集 HBAR-USDT-SWAP...
2025-12-25 02:52:46,906 - INFO -     💰 当前价格: $0.11073
2025-12-25 02:52:46,907 - INFO -     📊 位置: 4h=98.52% | 12h=98.65% | 24h=92.91% | 48h=54.13%
2025-12-25 02:52:47,407 - INFO -   [14/27] 采集 XLM-USDT-SWAP...
2025-12-25 02:52:47,644 - INFO -     💰 当前价格: $0.21396
2025-12-25 02:52:47,645 - INFO -     📊 位置: 4h=98.44% | 12h=73.94% | 24h=50.27% | 48h=31.66%
2025-12-25 02:52:48,145 - INFO -   [15/27] 采集 FIL-USDT-SWAP...
2025-12-25 02:52:48,386 - INFO -     💰 当前价格: $1.284
2025-12-25 02:52:48,387 - INFO -     📊 位置: 4h=94.74% | 12h=95.24% | 24h=62.86% | 48h=24.44%
2025-12-25 02:52:48,887 - INFO -   [16/27] 采集 LINK-USDT-SWAP...
2025-12-25 02:52:49,121 - INFO -     💰 当前价格: $12.352
2025-12-25 02:52:49,121 - INFO -     📊 位置: 4h=85.71% | 12h=93.39% | 24h=94.21% | 48h=65.69%
2025-12-25 02:52:49,622 - INFO -   [17/27] 采集 CRO-USDT-SWAP...
2025-12-25 02:52:50,044 - INFO -     💰 当前价格: $0.09406
2025-12-25 02:52:50,044 - INFO -     📊 位置: 4h=99.32% | 12h=99.46% | 24h=99.46% | 48h=48.94%
2025-12-25 02:52:50,545 - INFO -   [18/27] 采集 DOT-USDT-SWAP...
2025-12-25 02:52:50,774 - INFO -     💰 当前价格: $1.749
2025-12-25 02:52:50,774 - INFO -     📊 位置: 4h=90.91% | 12h=95.0% | 24h=84.91% | 48h=54.88%
2025-12-25 02:52:51,275 - INFO -   [19/27] 采集 AAVE-USDT-SWAP...
2025-12-25 02:52:51,502 - INFO -     💰 当前价格: $151.09
2025-12-25 02:52:51,503 - INFO -     📊 位置: 4h=94.26% | 12h=94.44% | 24h=95.61% | 48h=51.9%
2025-12-25 02:52:52,003 - INFO -   [20/27] 采集 UNI-USDT-SWAP...
2025-12-25 02:52:52,243 - INFO -     💰 当前价格: $5.847
2025-12-25 02:52:52,243 - INFO -     📊 位置: 4h=88.89% | 12h=82.3% | 24h=87.58% | 48h=49.9%
2025-12-25 02:52:52,743 - INFO -   [21/27] 采集 NEAR-USDT-SWAP...
2025-12-25 02:52:52,974 - INFO -     💰 当前价格: $1.494
2025-12-25 02:52:52,974 - INFO -     📊 位置: 4h=91.67% | 12h=92.86% | 24h=93.85% | 48h=62.89%
2025-12-25 02:52:53,475 - INFO -   [22/27] 采集 APT-USDT-SWAP...
2025-12-25 02:52:53,708 - INFO -     💰 当前价格: $1.656
2025-12-25 02:52:53,709 - INFO -     📊 位置: 4h=92.86% | 12h=96.67% | 24h=97.2% | 48h=97.2%
2025-12-25 02:52:54,209 - INFO -   [23/27] 采集 CFX-USDT-SWAP...
2025-12-25 02:52:54,442 - INFO -     💰 当前价格: $0.0764
2025-12-25 02:52:54,442 - INFO -     📊 位置: 4h=63.86% | 12h=77.58% | 24h=79.76% | 48h=79.76%
2025-12-25 02:52:54,942 - INFO -   [24/27] 采集 CRV-USDT-SWAP...
2025-12-25 02:52:55,178 - INFO -     💰 当前价格: $0.3841
2025-12-25 02:52:55,178 - INFO -     📊 位置: 4h=95.05% | 12h=92.36% | 24h=95.26% | 48h=95.42%
2025-12-25 02:52:55,679 - INFO -   [25/27] 采集 STX-USDT-SWAP...
2025-12-25 02:52:55,914 - INFO -     💰 当前价格: $0.25
2025-12-25 02:52:55,914 - INFO -     📊 位置: 4h=92.86% | 12h=97.73% | 24h=98.57% | 48h=98.57%
2025-12-25 02:52:56,415 - INFO -   [26/27] 采集 LDO-USDT-SWAP...
2025-12-25 02:52:56,644 - INFO -     💰 当前价格: $0.5496
2025-12-25 02:52:56,644 - INFO -     📊 位置: 4h=87.76% | 12h=94.12% | 24h=95.15% | 48h=95.15%
2025-12-25 02:52:57,144 - INFO -   [27/27] 采集 TAO-USDT-SWAP...
2025-12-25 02:52:57,376 - INFO -     💰 当前价格: $222.5
2025-12-25 02:52:57,376 - INFO -     📊 位置: 4h=84.75% | 12h=92.5% | 24h=94.8% | 48h=94.8%
2025-12-25 02:52:57,882 - INFO - 💾 数据保存成功: 27 个币种
2025-12-25 02:52:57,887 - INFO - 📊 统计数据保存成功:
2025-12-25 02:52:57,888 - INFO -     4h低于1%: 0/27
2025-12-25 02:52:57,888 - INFO -    12h低于1%: 0/27
2025-12-25 02:52:57,888 - INFO -    24h低于1%: 0/27
2025-12-25 02:52:57,888 - INFO -    48h低于1%: 0/27
2025-12-25 02:52:57,888 - INFO - ✅ 数据采集完成: 成功 27/27
2025-12-25 02:52:57,888 - INFO - 🚀 位置系统采集器启动，采集间隔: 300秒
2025-12-25 02:52:57,889 - INFO - 📊 开始采集位置系统数据...
2025-12-25 02:52:57,889 - INFO - 📋 币种列表: 27 个币种
2025-12-25 02:52:57,889 - INFO -   [1/27] 采集 BTC-USDT-SWAP...
2025-12-25 02:52:58,112 - INFO -     💰 当前价格: $87892.8
2025-12-25 02:52:58,112 - INFO -     📊 位置: 4h=82.73% | 12h=90.56% | 24h=91.59% | 48h=77.8%
2025-12-25 02:52:58,612 - INFO -   [2/27] 采集 ETH-USDT-SWAP...
2025-12-25 02:52:58,846 - INFO -     💰 当前价格: $2953.9
2025-12-25 02:52:58,846 - INFO -     📊 位置: 4h=78.0% | 12h=85.45% | 24h=88.33% | 48h=60.04%
2025-12-25 02:52:59,347 - INFO -   [3/27] 采集 XRP-USDT-SWAP...
2025-12-25 02:52:59,586 - INFO -     💰 当前价格: $1.8714
2025-12-25 02:52:59,586 - INFO -     📊 位置: 4h=98.16% | 12h=98.72% | 24h=86.34% | 48h=51.83%
2025-12-25 02:53:00,086 - INFO -   [4/27] 采集 BNB-USDT-SWAP...
2025-12-25 02:53:00,319 - INFO -     💰 当前价格: $846.5
2025-12-25 02:53:00,319 - INFO -     📊 位置: 4h=47.73% | 12h=77.04% | 24h=79.33% | 48h=53.12%
2025-12-25 02:53:00,819 - INFO -   [5/27] 采集 SOL-USDT-SWAP...
2025-12-25 02:53:01,055 - INFO -     💰 当前价格: $123.0
2025-12-25 02:53:01,055 - INFO -     📊 位置: 4h=77.6% | 12h=80.54% | 24h=85.22% | 48h=44.44%
2025-12-25 02:53:01,556 - INFO -   [6/27] 采集 LTC-USDT-SWAP...
2025-12-25 02:53:01,792 - INFO -     💰 当前价格: $76.27
2025-12-25 02:53:01,792 - INFO -     📊 位置: 4h=98.75% | 12h=99.04% | 24h=65.88% | 48h=40.29%
2025-12-25 02:53:02,292 - INFO -   [7/27] 采集 DOGE-USDT-SWAP...
2025-12-25 02:53:02,541 - INFO -     💰 当前价格: $0.1289
2025-12-25 02:53:02,541 - INFO -     📊 位置: 4h=76.09% | 12h=79.76% | 24h=83.22% | 48h=38.16%
2025-12-25 02:53:03,041 - INFO -   [8/27] 采集 SUI-USDT-SWAP...
2025-12-25 02:53:03,282 - INFO -     💰 当前价格: $1.4202
2025-12-25 02:53:03,283 - INFO -     📊 位置: 4h=73.41% | 12h=72.6% | 24h=81.08% | 48h=47.35%
2025-12-25 02:53:03,783 - INFO -   [9/27] 采集 TRX-USDT-SWAP...
2025-12-25 02:53:04,011 - INFO -     💰 当前价格: $0.28049
2025-12-25 02:53:04,011 - INFO -     📊 位置: 4h=80.68% | 12h=43.6% | 24h=33.47% | 48h=28.35%
2025-12-25 02:53:04,511 - INFO -   [10/27] 采集 TON-USDT-SWAP...
2025-12-25 02:53:04,741 - INFO -     💰 当前价格: $1.514
2025-12-25 02:53:04,741 - INFO -     📊 位置: 4h=96.55% | 12h=98.11% | 24h=98.46% | 48h=98.65%
2025-12-25 02:53:05,242 - INFO -   [11/27] 采集 ETC-USDT-SWAP...
2025-12-25 02:53:05,482 - INFO -     💰 当前价格: $12.12
2025-12-25 02:53:05,482 - INFO -     📊 位置: 4h=100.0% | 12h=100.0% | 24h=100.0% | 48h=80.95%
2025-12-25 02:53:05,983 - INFO -   [12/27] 采集 BCH-USDT-SWAP...
2025-12-25 02:53:06,362 - INFO -     💰 当前价格: $573.1
2025-12-25 02:53:06,363 - INFO -     📊 位置: 4h=89.66% | 12h=91.74% | 24h=57.14% | 48h=36.63%
2025-12-25 02:53:06,863 - INFO -   [13/27] 采集 HBAR-USDT-SWAP...
2025-12-25 02:53:07,109 - INFO -     💰 当前价格: $0.11073
2025-12-25 02:53:07,110 - INFO -     📊 位置: 4h=98.52% | 12h=98.65% | 24h=92.91% | 48h=54.13%
2025-12-25 02:53:07,610 - INFO -   [14/27] 采集 XLM-USDT-SWAP...
2025-12-25 02:53:07,841 - INFO -     💰 当前价格: $0.21395
2025-12-25 02:53:07,841 - INFO -     📊 位置: 4h=98.05% | 12h=73.67% | 24h=50.09% | 48h=31.55%
2025-12-25 02:53:08,342 - INFO -   [15/27] 采集 FIL-USDT-SWAP...
2025-12-25 02:53:08,577 - INFO -     💰 当前价格: $1.284
2025-12-25 02:53:08,578 - INFO -     📊 位置: 4h=94.74% | 12h=95.24% | 24h=62.86% | 48h=24.44%
2025-12-25 02:53:09,078 - INFO -   [16/27] 采集 LINK-USDT-SWAP...
2025-12-25 02:53:09,306 - INFO -     💰 当前价格: $12.352
2025-12-25 02:53:09,306 - INFO -     📊 位置: 4h=85.71% | 12h=93.39% | 24h=94.21% | 48h=65.69%
2025-12-25 02:53:09,807 - INFO -   [17/27] 采集 CRO-USDT-SWAP...
2025-12-25 02:53:10,042 - INFO -     💰 当前价格: $0.09406
2025-12-25 02:53:10,043 - INFO -     📊 位置: 4h=99.32% | 12h=99.46% | 24h=99.46% | 48h=48.94%
2025-12-25 02:53:10,543 - INFO -   [18/27] 采集 DOT-USDT-SWAP...
2025-12-25 02:53:10,768 - INFO -     💰 当前价格: $1.749
2025-12-25 02:53:10,769 - INFO -     📊 位置: 4h=90.91% | 12h=95.0% | 24h=84.91% | 48h=54.88%
2025-12-25 02:53:11,269 - INFO -   [19/27] 采集 AAVE-USDT-SWAP...
2025-12-25 02:53:11,499 - INFO -     💰 当前价格: $151.3
2025-12-25 02:53:11,499 - INFO -     📊 位置: 4h=98.96% | 12h=99.0% | 24h=99.21% | 48h=54.17%
2025-12-25 02:53:11,999 - INFO -   [20/27] 采集 UNI-USDT-SWAP...
2025-12-25 02:53:12,225 - INFO -     💰 当前价格: $5.85
2025-12-25 02:53:12,225 - INFO -     📊 位置: 4h=91.92% | 12h=83.73% | 24h=88.59% | 48h=50.48%
2025-12-25 02:53:12,725 - INFO -   [21/27] 采集 NEAR-USDT-SWAP...
2025-12-25 02:53:12,962 - INFO -     💰 当前价格: $1.492
2025-12-25 02:53:12,962 - INFO -     📊 位置: 4h=87.5% | 12h=89.29% | 24h=90.77% | 48h=60.82%
2025-12-25 02:53:13,462 - INFO -   [22/27] 采集 APT-USDT-SWAP...
2025-12-25 02:53:13,702 - INFO -     💰 当前价格: $1.656
2025-12-25 02:53:13,702 - INFO -     📊 位置: 4h=92.86% | 12h=96.67% | 24h=97.2% | 48h=97.2%
2025-12-25 02:53:14,203 - INFO -   [23/27] 采集 CFX-USDT-SWAP...
2025-12-25 02:53:14,433 - INFO -     💰 当前价格: $0.07651
2025-12-25 02:53:14,434 - INFO -     📊 位置: 4h=65.68% | 12h=78.71% | 24h=80.78% | 48h=80.78%
2025-12-25 02:53:14,934 - INFO -   [24/27] 采集 CRV-USDT-SWAP...
2025-12-25 02:53:15,166 - INFO -     💰 当前价格: $0.3841
2025-12-25 02:53:15,166 - INFO -     📊 位置: 4h=95.05% | 12h=92.36% | 24h=95.26% | 48h=95.42%
2025-12-25 02:53:15,667 - INFO -   [25/27] 采集 STX-USDT-SWAP...
2025-12-25 02:53:15,897 - INFO -     💰 当前价格: $0.25
2025-12-25 02:53:15,897 - INFO -     📊 位置: 4h=92.86% | 12h=97.73% | 24h=98.57% | 48h=98.57%
2025-12-25 02:53:16,397 - INFO -   [26/27] 采集 LDO-USDT-SWAP...
2025-12-25 02:53:16,627 - INFO -     💰 当前价格: $0.5496
2025-12-25 02:53:16,627 - INFO -     📊 位置: 4h=87.76% | 12h=94.12% | 24h=95.15% | 48h=95.15%
2025-12-25 02:53:17,127 - INFO -   [27/27] 采集 TAO-USDT-SWAP...
2025-12-25 02:53:17,364 - INFO -     💰 当前价格: $222.5
2025-12-25 02:53:17,364 - INFO -     📊 位置: 4h=84.75% | 12h=92.5% | 24h=94.8% | 48h=94.8%
2025-12-25 02:53:17,872 - INFO - 💾 数据保存成功: 27 个币种
2025-12-25 02:53:17,877 - INFO - 📊 统计数据保存成功:
2025-12-25 02:53:17,877 - INFO -     4h低于1%: 0/27
2025-12-25 02:53:17,877 - INFO -    12h低于1%: 0/27
2025-12-25 02:53:17,877 - INFO -    24h低于1%: 0/27
2025-12-25 02:53:17,878 - INFO -    48h低于1%: 0/27
2025-12-25 02:53:17,878 - INFO - ✅ 数据采集完成: 成功 27/27
2025-12-25 02:53:17,878 - INFO - ⏳ 等待 300 秒后进行下一次采集...

2025-12-25 02:57:38,431 - INFO - ⛔ 收到停止信号，退出采集器
2025-12-25 02:57:38,762 - INFO - ✅ 数据库初始化完成
2025-12-25 02:57:38,762 - INFO - 📊 开始采集位置系统数据...
2025-12-25 02:57:38,762 - INFO - 📋 币种列表: 27 个币种
2025-12-25 02:57:38,773 - INFO -   [1/27] 采集 BTC-USDT-SWAP...
2025-12-25 02:57:39,011 - INFO -     💰 当前价格: $87846.7
2025-12-25 02:57:39,012 - INFO -     📊 位置: 4h=73.6% | 12h=87.48% | 24h=88.86% | 48h=75.48%
2025-12-25 02:57:39,512 - INFO -   [2/27] 采集 ETH-USDT-SWAP...
2025-12-25 02:57:39,750 - INFO -     💰 当前价格: $2951.01
2025-12-25 02:57:39,750 - INFO -     📊 位置: 4h=66.03% | 12h=80.75% | 24h=84.57% | 48h=57.48%
2025-12-25 02:57:40,251 - INFO -   [3/27] 采集 XRP-USDT-SWAP...
2025-12-25 02:57:40,479 - INFO -     💰 当前价格: $1.87
2025-12-25 02:57:40,479 - INFO -     📊 位置: 4h=89.02% | 12h=92.34% | 24h=82.93% | 48h=49.78%
2025-12-25 02:57:40,979 - INFO -   [4/27] 采集 BNB-USDT-SWAP...
2025-12-25 02:57:41,212 - INFO -     💰 当前价格: $845.7
2025-12-25 02:57:41,212 - INFO -     📊 位置: 4h=29.55% | 12h=71.11% | 24h=74.0% | 48h=49.55%
2025-12-25 02:57:41,713 - INFO -   [5/27] 采集 SOL-USDT-SWAP...
2025-12-25 02:57:41,948 - INFO -     💰 当前价格: $122.97
2025-12-25 02:57:41,948 - INFO -     📊 位置: 4h=75.2% | 12h=79.19% | 24h=84.19% | 48h=43.91%
2025-12-25 02:57:42,449 - INFO -   [6/27] 采集 LTC-USDT-SWAP...
2025-12-25 02:57:42,689 - INFO -     💰 当前价格: $76.13
2025-12-25 02:57:42,689 - INFO -     📊 位置: 4h=81.25% | 12h=85.58% | 24h=57.65% | 48h=35.25%
2025-12-25 02:57:43,190 - INFO -   [7/27] 采集 DOGE-USDT-SWAP...
2025-12-25 02:57:43,417 - INFO -     💰 当前价格: $0.12865
2025-12-25 02:57:43,417 - INFO -     📊 位置: 4h=57.97% | 12h=69.84% | 24h=75.0% | 48h=34.39%
2025-12-25 02:57:43,917 - INFO -   [8/27] 采集 SUI-USDT-SWAP...
2025-12-25 02:57:44,148 - INFO -     💰 当前价格: $1.4176
2025-12-25 02:57:44,149 - INFO -     📊 位置: 4h=58.38% | 12h=63.35% | 24h=74.69% | 48h=43.62%
2025-12-25 02:57:44,649 - INFO -   [9/27] 采集 TRX-USDT-SWAP...
2025-12-25 02:57:44,889 - INFO -     💰 当前价格: $0.28044
2025-12-25 02:57:44,889 - INFO -     📊 位置: 4h=78.26% | 12h=42.3% | 24h=32.46% | 48h=27.5%
2025-12-25 02:57:45,389 - INFO -   [10/27] 采集 TON-USDT-SWAP...
2025-12-25 02:57:45,659 - INFO -     💰 当前价格: $1.514
2025-12-25 02:57:45,659 - INFO -     📊 位置: 4h=96.55% | 12h=98.11% | 24h=98.46% | 48h=98.65%
2025-12-25 02:57:46,160 - INFO -   [11/27] 采集 ETC-USDT-SWAP...
2025-12-25 02:57:46,397 - INFO -     💰 当前价格: $12.11
2025-12-25 02:57:46,398 - INFO -     📊 位置: 4h=93.33% | 12h=96.3% | 24h=97.06% | 48h=78.57%
2025-12-25 02:57:46,898 - INFO -   [12/27] 采集 BCH-USDT-SWAP...
2025-12-25 02:57:47,133 - INFO -     💰 当前价格: $572.6
2025-12-25 02:57:47,133 - INFO -     📊 位置: 4h=83.91% | 12h=87.16% | 24h=54.29% | 48h=34.8%
2025-12-25 02:57:47,633 - INFO -   [13/27] 采集 HBAR-USDT-SWAP...
2025-12-25 02:57:47,869 - INFO -     💰 当前价格: $0.11055
2025-12-25 02:57:47,869 - INFO -     📊 位置: 4h=89.66% | 12h=90.58% | 24h=86.52% | 48h=50.41%
2025-12-25 02:57:48,369 - INFO -   [14/27] 采集 XLM-USDT-SWAP...
2025-12-25 02:57:48,602 - INFO -     💰 当前价格: $0.21393
2025-12-25 02:57:48,602 - INFO -     📊 位置: 4h=95.79% | 12h=73.14% | 24h=49.73% | 48h=31.32%
2025-12-25 02:57:49,103 - INFO -   [15/27] 采集 FIL-USDT-SWAP...
2025-12-25 02:57:49,331 - INFO -     💰 当前价格: $1.282
2025-12-25 02:57:49,331 - INFO -     📊 位置: 4h=84.21% | 12h=85.71% | 24h=57.14% | 48h=22.22%
2025-12-25 02:57:49,832 - INFO -   [16/27] 采集 LINK-USDT-SWAP...
2025-12-25 02:57:50,067 - INFO -     💰 当前价格: $12.344
2025-12-25 02:57:50,068 - INFO -     📊 位置: 4h=80.52% | 12h=90.99% | 24h=92.11% | 48h=64.22%
2025-12-25 02:57:50,568 - INFO -   [17/27] 采集 CRO-USDT-SWAP...
2025-12-25 02:57:50,805 - INFO -     💰 当前价格: $0.09404
2025-12-25 02:57:50,806 - INFO -     📊 位置: 4h=96.03% | 12h=96.81% | 24h=96.81% | 48h=48.4%
2025-12-25 02:57:51,306 - INFO -   [18/27] 采集 DOT-USDT-SWAP...
2025-12-25 02:57:51,540 - INFO -     💰 当前价格: $1.748
2025-12-25 02:57:51,540 - INFO -     📊 位置: 4h=86.36% | 12h=92.5% | 24h=83.02% | 48h=53.66%
2025-12-25 02:57:52,040 - INFO -   [19/27] 采集 AAVE-USDT-SWAP...
2025-12-25 02:57:52,269 - INFO -     💰 当前价格: $150.77
2025-12-25 02:57:52,269 - INFO -     📊 位置: 4h=85.23% | 12h=85.71% | 24h=88.69% | 48h=48.43%
2025-12-25 02:57:52,769 - INFO -   [20/27] 采集 UNI-USDT-SWAP...
2025-12-25 02:57:53,012 - INFO -     💰 当前价格: $5.841
2025-12-25 02:57:53,013 - INFO -     📊 位置: 4h=82.83% | 12h=79.43% | 24h=85.57% | 48h=48.76%
2025-12-25 02:57:53,513 - INFO -   [21/27] 采集 NEAR-USDT-SWAP...
2025-12-25 02:57:53,751 - INFO -     💰 当前价格: $1.497
2025-12-25 02:57:53,751 - INFO -     📊 位置: 4h=97.92% | 12h=98.21% | 24h=98.46% | 48h=65.98%
2025-12-25 02:57:54,251 - INFO -   [22/27] 采集 APT-USDT-SWAP...
2025-12-25 02:57:54,478 - INFO -     💰 当前价格: $1.654
2025-12-25 02:57:54,478 - INFO -     📊 位置: 4h=88.1% | 12h=94.44% | 24h=95.33% | 48h=95.33%
2025-12-25 02:57:54,978 - INFO -   [23/27] 采集 CFX-USDT-SWAP...
2025-12-25 02:57:55,201 - INFO -     💰 当前价格: $0.07638
2025-12-25 02:57:55,201 - INFO -     📊 位置: 4h=63.53% | 12h=77.38% | 24h=79.57% | 48h=79.57%
2025-12-25 02:57:55,702 - INFO -   [24/27] 采集 CRV-USDT-SWAP...
2025-12-25 02:57:55,935 - INFO -     💰 当前价格: $0.3828
2025-12-25 02:57:55,935 - INFO -     📊 位置: 4h=82.18% | 12h=83.33% | 24h=89.66% | 48h=90.0%
2025-12-25 02:57:56,436 - INFO -   [25/27] 采集 STX-USDT-SWAP...
2025-12-25 02:57:56,667 - INFO -     💰 当前价格: $0.2502
2025-12-25 02:57:56,667 - INFO -     📊 位置: 4h=100.0% | 12h=100.0% | 24h=100.0% | 48h=100.0%
2025-12-25 02:57:57,167 - INFO -   [26/27] 采集 LDO-USDT-SWAP...
2025-12-25 02:57:57,401 - INFO -     💰 当前价格: $0.55
2025-12-25 02:57:57,401 - INFO -     📊 位置: 4h=90.48% | 12h=95.42% | 24h=96.23% | 48h=96.23%
2025-12-25 02:57:57,902 - INFO -   [27/27] 采集 TAO-USDT-SWAP...
2025-12-25 02:57:58,143 - INFO -     💰 当前价格: $222.0
2025-12-25 02:57:58,143 - INFO -     📊 位置: 4h=76.27% | 12h=88.33% | 24h=91.91% | 48h=91.91%
2025-12-25 02:57:58,650 - INFO - 💾 数据保存成功: 27 个币种
2025-12-25 02:57:58,655 - INFO - 📊 统计数据保存成功:
2025-12-25 02:57:58,655 - INFO -     4h低于1%: 0/27
2025-12-25 02:57:58,655 - INFO -    12h低于1%: 0/27
2025-12-25 02:57:58,655 - INFO -    24h低于1%: 0/27
2025-12-25 02:57:58,655 - INFO -    48h低于1%: 0/27
2025-12-25 02:57:58,655 - INFO - ✅ 数据采集完成: 成功 27/27
2025-12-25 02:57:58,656 - INFO - 🚀 位置系统采集器启动，采集间隔: 300秒
2025-12-25 02:57:58,656 - INFO - 📊 开始采集位置系统数据...
2025-12-25 02:57:58,656 - INFO - 📋 币种列表: 27 个币种
2025-12-25 02:57:58,656 - INFO -   [1/27] 采集 BTC-USDT-SWAP...
2025-12-25 02:57:58,882 - INFO -     💰 当前价格: $87843.1
2025-12-25 02:57:58,883 - INFO -     📊 位置: 4h=72.89% | 12h=87.24% | 24h=88.64% | 48h=75.3%
2025-12-25 02:57:59,383 - INFO -   [2/27] 采集 ETH-USDT-SWAP...
2025-12-25 02:57:59,618 - INFO -     💰 当前价格: $2951.4
2025-12-25 02:57:59,619 - INFO -     📊 位置: 4h=67.65% | 12h=81.39% | 24h=85.08% | 48h=57.83%
2025-12-25 02:58:00,119 - INFO -   [3/27] 采集 XRP-USDT-SWAP...
2025-12-25 02:58:00,347 - INFO -     💰 当前价格: $1.8695
2025-12-25 02:58:00,347 - INFO -     📊 位置: 4h=85.98% | 12h=90.21% | 24h=81.71% | 48h=49.05%
2025-12-25 02:58:00,847 - INFO -   [4/27] 采集 BNB-USDT-SWAP...
2025-12-25 02:58:01,081 - INFO -     💰 当前价格: $845.7
2025-12-25 02:58:01,081 - INFO -     📊 位置: 4h=29.55% | 12h=71.11% | 24h=74.0% | 48h=49.55%
2025-12-25 02:58:01,581 - INFO -   [5/27] 采集 SOL-USDT-SWAP...
2025-12-25 02:58:01,813 - INFO -     💰 当前价格: $122.98
2025-12-25 02:58:01,813 - INFO -     📊 位置: 4h=76.0% | 12h=79.64% | 24h=84.54% | 48h=44.09%
2025-12-25 02:58:02,313 - INFO -   [6/27] 采集 LTC-USDT-SWAP...
2025-12-25 02:58:02,547 - INFO -     💰 当前价格: $76.1
2025-12-25 02:58:02,547 - INFO -     📊 位置: 4h=77.5% | 12h=82.69% | 24h=55.88% | 48h=34.17%
2025-12-25 02:58:03,048 - INFO -   [7/27] 采集 DOGE-USDT-SWAP...
2025-12-25 02:58:03,290 - INFO -     💰 当前价格: $0.12866
2025-12-25 02:58:03,291 - INFO -     📊 位置: 4h=58.7% | 12h=70.24% | 24h=75.33% | 48h=34.54%
2025-12-25 02:58:03,791 - INFO -   [8/27] 采集 SUI-USDT-SWAP...
2025-12-25 02:58:04,031 - INFO -     💰 当前价格: $1.4176
2025-12-25 02:58:04,031 - INFO -     📊 位置: 4h=58.38% | 12h=63.35% | 24h=74.69% | 48h=43.62%
2025-12-25 02:58:04,531 - INFO -   [9/27] 采集 TRX-USDT-SWAP...
2025-12-25 02:58:04,770 - INFO -     💰 当前价格: $0.28044
2025-12-25 02:58:04,770 - INFO -     📊 位置: 4h=78.26% | 12h=42.3% | 24h=32.46% | 48h=27.5%
2025-12-25 02:58:05,270 - INFO -   [10/27] 采集 TON-USDT-SWAP...
2025-12-25 02:58:05,504 - INFO -     💰 当前价格: $1.514
2025-12-25 02:58:05,504 - INFO -     📊 位置: 4h=96.55% | 12h=98.11% | 24h=98.46% | 48h=98.65%
2025-12-25 02:58:06,004 - INFO -   [11/27] 采集 ETC-USDT-SWAP...
2025-12-25 02:58:06,255 - INFO -     💰 当前价格: $12.11
2025-12-25 02:58:06,255 - INFO -     📊 位置: 4h=93.33% | 12h=96.3% | 24h=97.06% | 48h=78.57%
2025-12-25 02:58:06,756 - INFO -   [12/27] 采集 BCH-USDT-SWAP...
2025-12-25 02:58:06,988 - INFO -     💰 当前价格: $572.6
2025-12-25 02:58:06,988 - INFO -     📊 位置: 4h=83.91% | 12h=87.16% | 24h=54.29% | 48h=34.8%
2025-12-25 02:58:07,488 - INFO -   [13/27] 采集 HBAR-USDT-SWAP...
2025-12-25 02:58:07,724 - INFO -     💰 当前价格: $0.11055
2025-12-25 02:58:07,725 - INFO -     📊 位置: 4h=89.66% | 12h=90.58% | 24h=86.52% | 48h=50.41%
2025-12-25 02:58:08,225 - INFO -   [14/27] 采集 XLM-USDT-SWAP...
2025-12-25 02:58:08,466 - INFO -     💰 当前价格: $0.21393
2025-12-25 02:58:08,466 - INFO -     📊 位置: 4h=95.79% | 12h=73.14% | 24h=49.73% | 48h=31.32%
2025-12-25 02:58:08,967 - INFO -   [15/27] 采集 FIL-USDT-SWAP...
2025-12-25 02:58:09,199 - INFO -     💰 当前价格: $1.282
2025-12-25 02:58:09,199 - INFO -     📊 位置: 4h=84.21% | 12h=85.71% | 24h=57.14% | 48h=22.22%
2025-12-25 02:58:09,700 - INFO -   [16/27] 采集 LINK-USDT-SWAP...
2025-12-25 02:58:09,929 - INFO -     💰 当前价格: $12.344
2025-12-25 02:58:09,930 - INFO -     📊 位置: 4h=80.52% | 12h=90.99% | 24h=92.11% | 48h=64.22%
2025-12-25 02:58:10,430 - INFO -   [17/27] 采集 CRO-USDT-SWAP...
2025-12-25 02:58:10,661 - INFO -     💰 当前价格: $0.09404
2025-12-25 02:58:10,661 - INFO -     📊 位置: 4h=96.03% | 12h=96.81% | 24h=96.81% | 48h=48.4%
2025-12-25 02:58:11,161 - INFO -   [18/27] 采集 DOT-USDT-SWAP...
2025-12-25 02:58:11,391 - INFO -     💰 当前价格: $1.749
2025-12-25 02:58:11,391 - INFO -     📊 位置: 4h=90.91% | 12h=95.0% | 24h=84.91% | 48h=54.88%
2025-12-25 02:58:11,892 - INFO -   [19/27] 采集 AAVE-USDT-SWAP...
2025-12-25 02:58:12,125 - INFO -     💰 当前价格: $150.78
2025-12-25 02:58:12,125 - INFO -     📊 位置: 4h=85.49% | 12h=85.96% | 24h=88.89% | 48h=48.54%
2025-12-25 02:58:12,626 - INFO -   [20/27] 采集 UNI-USDT-SWAP...
2025-12-25 02:58:12,860 - INFO -     💰 当前价格: $5.84
2025-12-25 02:58:12,860 - INFO -     📊 位置: 4h=81.82% | 12h=78.95% | 24h=85.23% | 48h=48.57%
2025-12-25 02:58:13,361 - INFO -   [21/27] 采集 NEAR-USDT-SWAP...
2025-12-25 02:58:13,592 - INFO -     💰 当前价格: $1.497
2025-12-25 02:58:13,592 - INFO -     📊 位置: 4h=97.92% | 12h=98.21% | 24h=98.46% | 48h=65.98%
2025-12-25 02:58:14,092 - INFO -   [22/27] 采集 APT-USDT-SWAP...
2025-12-25 02:58:14,324 - INFO -     💰 当前价格: $1.655
2025-12-25 02:58:14,325 - INFO -     📊 位置: 4h=90.48% | 12h=95.56% | 24h=96.26% | 48h=96.26%
2025-12-25 02:58:14,825 - INFO -   [23/27] 采集 CFX-USDT-SWAP...
2025-12-25 02:58:15,083 - INFO -     💰 当前价格: $0.07645
2025-12-25 02:58:15,083 - INFO -     📊 位置: 4h=64.69% | 12h=78.1% | 24h=80.22% | 48h=80.22%
2025-12-25 02:58:15,583 - INFO -   [24/27] 采集 CRV-USDT-SWAP...
2025-12-25 02:58:15,814 - INFO -     💰 当前价格: $0.3829
2025-12-25 02:58:15,814 - INFO -     📊 位置: 4h=83.17% | 12h=84.03% | 24h=90.09% | 48h=90.42%
2025-12-25 02:58:16,315 - INFO -   [25/27] 采集 STX-USDT-SWAP...
2025-12-25 02:58:16,556 - INFO -     💰 当前价格: $0.2506
2025-12-25 02:58:16,557 - INFO -     📊 位置: 4h=100.0% | 12h=100.0% | 24h=100.0% | 48h=100.0%
2025-12-25 02:58:17,057 - INFO -   [26/27] 采集 LDO-USDT-SWAP...
2025-12-25 02:58:17,300 - INFO -     💰 当前价格: $0.5502
2025-12-25 02:58:17,300 - INFO -     📊 位置: 4h=91.84% | 12h=96.08% | 24h=96.77% | 48h=96.77%
2025-12-25 02:58:17,800 - INFO -   [27/27] 采集 TAO-USDT-SWAP...
2025-12-25 02:58:18,032 - INFO -     💰 当前价格: $222.1
2025-12-25 02:58:18,032 - INFO -     📊 位置: 4h=77.97% | 12h=89.17% | 24h=92.49% | 48h=92.49%
2025-12-25 02:58:18,539 - INFO - 💾 数据保存成功: 27 个币种
2025-12-25 02:58:18,545 - INFO - 📊 统计数据保存成功:
2025-12-25 02:58:18,545 - INFO -     4h低于1%: 0/27
2025-12-25 02:58:18,545 - INFO -    12h低于1%: 0/27
2025-12-25 02:58:18,545 - INFO -    24h低于1%: 0/27
2025-12-25 02:58:18,545 - INFO -    48h低于1%: 0/27
2025-12-25 02:58:18,545 - INFO - ✅ 数据采集完成: 成功 27/27
2025-12-25 02:58:18,546 - INFO - ⏳ 等待 300 秒后进行下一次采集...

2025-12-25 03:02:39,245 - INFO - ⛔ 收到停止信号，退出采集器
2025-12-25 03:02:39,629 - INFO - ✅ 数据库初始化完成
2025-12-25 03:02:39,629 - INFO - 📊 开始采集位置系统数据...
2025-12-25 03:02:39,629 - INFO - 📋 币种列表: 27 个币种
2025-12-25 03:02:39,640 - INFO -   [1/27] 采集 BTC-USDT-SWAP...
2025-12-25 03:02:39,874 - INFO -     💰 当前价格: $87850.1
2025-12-25 03:02:39,875 - INFO -     📊 位置: 4h=80.7% | 12h=84.17% | 24h=89.06% | 48h=75.65%
2025-12-25 03:02:40,375 - INFO -   [2/27] 采集 ETH-USDT-SWAP...
2025-12-25 03:02:40,614 - INFO -     💰 当前价格: $2950.91
2025-12-25 03:02:40,615 - INFO -     📊 位置: 4h=75.68% | 12h=72.18% | 24h=84.44% | 48h=57.39%
2025-12-25 03:02:41,115 - INFO -   [3/27] 采集 XRP-USDT-SWAP...
2025-12-25 03:02:41,346 - INFO -     💰 当前价格: $1.8694
2025-12-25 03:02:41,347 - INFO -     📊 位置: 4h=85.37% | 12h=89.79% | 24h=81.46% | 48h=48.9%
2025-12-25 03:02:41,847 - INFO -   [4/27] 采集 BNB-USDT-SWAP...
2025-12-25 03:02:42,185 - INFO -     💰 当前价格: $845.7
2025-12-25 03:02:42,185 - INFO -     📊 位置: 4h=43.33% | 12h=62.14% | 24h=74.0% | 48h=49.55%
2025-12-25 03:02:42,686 - INFO -   [5/27] 采集 SOL-USDT-SWAP...
2025-12-25 03:02:42,921 - INFO -     💰 当前价格: $122.88
2025-12-25 03:02:42,921 - INFO -     📊 位置: 4h=80.19% | 12h=68.02% | 24h=81.1% | 48h=42.83%
2025-12-25 03:02:43,421 - INFO -   [6/27] 采集 LTC-USDT-SWAP...
2025-12-25 03:02:43,645 - INFO -     💰 当前价格: $76.12
2025-12-25 03:02:43,646 - INFO -     📊 位置: 4h=80.0% | 12h=82.98% | 24h=57.06% | 48h=34.89%
2025-12-25 03:02:44,146 - INFO -   [7/27] 采集 DOGE-USDT-SWAP...
2025-12-25 03:02:44,407 - INFO -     💰 当前价格: $0.12875
2025-12-25 03:02:44,407 - INFO -     📊 位置: 4h=78.26% | 12h=64.13% | 24h=78.29% | 48h=35.9%
2025-12-25 03:02:44,907 - INFO -   [8/27] 采集 SUI-USDT-SWAP...
2025-12-25 03:02:45,139 - INFO -     💰 当前价格: $1.4186
2025-12-25 03:02:45,139 - INFO -     📊 位置: 4h=81.02% | 12h=56.94% | 24h=77.15% | 48h=45.05%
2025-12-25 03:02:45,640 - INFO -   [9/27] 采集 TRX-USDT-SWAP...
2025-12-25 03:02:45,876 - INFO -     💰 当前价格: $0.28047
2025-12-25 03:02:45,877 - INFO -     📊 位置: 4h=61.47% | 12h=48.53% | 24h=33.07% | 48h=28.01%
2025-12-25 03:02:46,377 - INFO -   [10/27] 采集 TON-USDT-SWAP...
2025-12-25 03:02:46,607 - INFO -     💰 当前价格: $1.515
2025-12-25 03:02:46,607 - INFO -     📊 位置: 4h=100.0% | 12h=100.0% | 24h=100.0% | 48h=100.0%
2025-12-25 03:02:47,107 - INFO -   [11/27] 采集 ETC-USDT-SWAP...
2025-12-25 03:02:47,349 - INFO -     💰 当前价格: $12.12
2025-12-25 03:02:47,349 - INFO -     📊 位置: 4h=93.75% | 12h=95.83% | 24h=97.14% | 48h=80.95%
2025-12-25 03:02:47,849 - INFO -   [12/27] 采集 BCH-USDT-SWAP...
2025-12-25 03:02:48,089 - INFO -     💰 当前价格: $572.7
2025-12-25 03:02:48,089 - INFO -     📊 位置: 4h=83.54% | 12h=88.07% | 24h=54.86% | 48h=35.96%
2025-12-25 03:02:48,590 - INFO -   [13/27] 采集 HBAR-USDT-SWAP...
2025-12-25 03:02:48,830 - INFO -     💰 当前价格: $0.11065
2025-12-25 03:02:48,830 - INFO -     📊 位置: 4h=94.58% | 12h=95.07% | 24h=90.07% | 48h=54.27%
2025-12-25 03:02:49,331 - INFO -   [14/27] 采集 XLM-USDT-SWAP...
2025-12-25 03:02:49,563 - INFO -     💰 当前价格: $0.214
2025-12-25 03:02:49,563 - INFO -     📊 位置: 4h=94.49% | 12h=75.0% | 24h=50.99% | 48h=32.75%
2025-12-25 03:02:50,064 - INFO -   [15/27] 采集 FIL-USDT-SWAP...
2025-12-25 03:02:50,294 - INFO -     💰 当前价格: $1.286
2025-12-25 03:02:50,294 - INFO -     📊 位置: 4h=95.24% | 12h=95.65% | 24h=68.57% | 48h=26.67%
2025-12-25 03:02:50,794 - INFO -   [16/27] 采集 LINK-USDT-SWAP...
2025-12-25 03:02:51,029 - INFO -     💰 当前价格: $12.336
2025-12-25 03:02:51,031 - INFO -     📊 位置: 4h=84.67% | 12h=85.38% | 24h=90.0% | 48h=64.77%
2025-12-25 03:02:51,531 - INFO -   [17/27] 采集 CRO-USDT-SWAP...
2025-12-25 03:02:51,770 - INFO -     💰 当前价格: $0.09406
2025-12-25 03:02:51,770 - INFO -     📊 位置: 4h=96.71% | 12h=97.35% | 24h=97.35% | 48h=51.11%
2025-12-25 03:02:52,271 - INFO -   [18/27] 采集 DOT-USDT-SWAP...
2025-12-25 03:02:52,509 - INFO -     💰 当前价格: $1.749
2025-12-25 03:02:52,509 - INFO -     📊 位置: 4h=90.91% | 12h=94.59% | 24h=84.91% | 48h=54.88%
2025-12-25 03:02:53,009 - INFO -   [19/27] 采集 AAVE-USDT-SWAP...
2025-12-25 03:02:53,243 - INFO -     💰 当前价格: $150.75
2025-12-25 03:02:53,244 - INFO -     📊 位置: 4h=82.7% | 12h=84.72% | 24h=88.29% | 48h=48.21%
2025-12-25 03:02:53,744 - INFO -   [20/27] 采集 UNI-USDT-SWAP...
2025-12-25 03:02:53,978 - INFO -     💰 当前价格: $5.838
2025-12-25 03:02:53,978 - INFO -     📊 位置: 4h=79.8% | 12h=66.18% | 24h=84.56% | 48h=48.18%
2025-12-25 03:02:54,478 - INFO -   [21/27] 采集 NEAR-USDT-SWAP...
2025-12-25 03:02:54,729 - INFO -     💰 当前价格: $1.488
2025-12-25 03:02:54,730 - INFO -     📊 位置: 4h=73.47% | 12h=77.97% | 24h=80.88% | 48h=56.7%
2025-12-25 03:02:55,230 - INFO -   [22/27] 采集 APT-USDT-SWAP...
2025-12-25 03:02:55,457 - INFO -     💰 当前价格: $1.656
2025-12-25 03:02:55,458 - INFO -     📊 位置: 4h=92.86% | 12h=96.2% | 24h=97.2% | 48h=97.2%
2025-12-25 03:02:55,958 - INFO -   [23/27] 采集 CFX-USDT-SWAP...
2025-12-25 03:02:56,193 - INFO -     💰 当前价格: $0.07611
2025-12-25 03:02:56,194 - INFO -     📊 位置: 4h=48.23% | 12h=70.44% | 24h=77.08% | 48h=77.08%
2025-12-25 03:02:56,694 - INFO -   [24/27] 采集 CRV-USDT-SWAP...
2025-12-25 03:02:56,934 - INFO -     💰 当前价格: $0.3831
2025-12-25 03:02:56,935 - INFO -     📊 位置: 4h=85.15% | 12h=81.74% | 24h=90.95% | 48h=91.25%
2025-12-25 03:02:57,435 - INFO -   [25/27] 采集 STX-USDT-SWAP...
2025-12-25 03:02:57,665 - INFO -     💰 当前价格: $0.251
2025-12-25 03:02:57,665 - INFO -     📊 位置: 4h=90.0% | 12h=94.81% | 24h=97.37% | 48h=97.37%
2025-12-25 03:02:58,165 - INFO -   [26/27] 采集 LDO-USDT-SWAP...
2025-12-25 03:02:58,397 - INFO -     💰 当前价格: $0.5488
2025-12-25 03:02:58,397 - INFO -     📊 位置: 4h=82.31% | 12h=89.6% | 24h=92.99% | 48h=92.99%
2025-12-25 03:02:58,898 - INFO -   [27/27] 采集 TAO-USDT-SWAP...
2025-12-25 03:02:59,125 - INFO -     💰 当前价格: $221.9
2025-12-25 03:02:59,126 - INFO -     📊 位置: 4h=74.58% | 12h=85.44% | 24h=91.33% | 48h=91.33%
2025-12-25 03:02:59,633 - INFO - 💾 数据保存成功: 27 个币种
2025-12-25 03:02:59,638 - INFO - 📊 统计数据保存成功:
2025-12-25 03:02:59,638 - INFO -     4h低于1%: 0/27
2025-12-25 03:02:59,638 - INFO -    12h低于1%: 0/27
2025-12-25 03:02:59,639 - INFO -    24h低于1%: 0/27
2025-12-25 03:02:59,639 - INFO -    48h低于1%: 0/27
2025-12-25 03:02:59,639 - INFO - ✅ 数据采集完成: 成功 27/27
2025-12-25 03:02:59,639 - INFO - 🚀 位置系统采集器启动，采集间隔: 300秒
2025-12-25 03:02:59,639 - INFO - 📊 开始采集位置系统数据...
2025-12-25 03:02:59,639 - INFO - 📋 币种列表: 27 个币种
2025-12-25 03:02:59,639 - INFO -   [1/27] 采集 BTC-USDT-SWAP...
2025-12-25 03:02:59,877 - INFO -     💰 当前价格: $87836.1
2025-12-25 03:02:59,878 - INFO -     📊 位置: 4h=77.68% | 12h=82.97% | 24h=88.23% | 48h=74.94%
2025-12-25 03:03:00,378 - INFO -   [2/27] 采集 ETH-USDT-SWAP...
2025-12-25 03:03:00,612 - INFO -     💰 当前价格: $2950.8
2025-12-25 03:03:00,613 - INFO -     📊 位置: 4h=75.16% | 12h=71.92% | 24h=84.29% | 48h=57.3%
2025-12-25 03:03:01,113 - INFO -   [3/27] 采集 XRP-USDT-SWAP...
2025-12-25 03:03:01,347 - INFO -     💰 当前价格: $1.8694
2025-12-25 03:03:01,347 - INFO -     📊 位置: 4h=85.37% | 12h=89.79% | 24h=81.46% | 48h=48.9%
2025-12-25 03:03:01,847 - INFO -   [4/27] 采集 BNB-USDT-SWAP...
2025-12-25 03:03:02,085 - INFO -     💰 当前价格: $845.6
2025-12-25 03:03:02,085 - INFO -     📊 位置: 4h=40.0% | 12h=61.17% | 24h=73.33% | 48h=49.11%
2025-12-25 03:03:02,585 - INFO -   [5/27] 采集 SOL-USDT-SWAP...
2025-12-25 03:03:02,816 - INFO -     💰 当前价格: $122.91
2025-12-25 03:03:02,816 - INFO -     📊 位置: 4h=83.02% | 12h=69.77% | 24h=82.13% | 48h=43.38%
2025-12-25 03:03:03,316 - INFO -   [6/27] 采集 LTC-USDT-SWAP...
2025-12-25 03:03:03,564 - INFO -     💰 当前价格: $76.11
2025-12-25 03:03:03,564 - INFO -     📊 位置: 4h=78.75% | 12h=81.91% | 24h=56.47% | 48h=34.53%
2025-12-25 03:03:04,064 - INFO -   [7/27] 采集 DOGE-USDT-SWAP...
2025-12-25 03:03:04,301 - INFO -     💰 当前价格: $0.1288
2025-12-25 03:03:04,301 - INFO -     📊 位置: 4h=82.61% | 12h=66.85% | 24h=79.93% | 48h=36.65%
2025-12-25 03:03:04,801 - INFO -   [8/27] 采集 SUI-USDT-SWAP...
2025-12-25 03:03:05,039 - INFO -     💰 当前价格: $1.4188
2025-12-25 03:03:05,039 - INFO -     📊 位置: 4h=82.48% | 12h=57.87% | 24h=77.64% | 48h=45.34%
2025-12-25 03:03:05,540 - INFO -   [9/27] 采集 TRX-USDT-SWAP...
2025-12-25 03:03:05,769 - INFO -     💰 当前价格: $0.28046
2025-12-25 03:03:05,769 - INFO -     📊 位置: 4h=60.55% | 12h=48.24% | 24h=32.87% | 48h=27.84%
2025-12-25 03:03:06,269 - INFO -   [10/27] 采集 TON-USDT-SWAP...
2025-12-25 03:03:06,508 - INFO -     💰 当前价格: $1.515
2025-12-25 03:03:06,508 - INFO -     📊 位置: 4h=100.0% | 12h=100.0% | 24h=100.0% | 48h=100.0%
2025-12-25 03:03:07,009 - INFO -   [11/27] 采集 ETC-USDT-SWAP...
2025-12-25 03:03:07,240 - INFO -     💰 当前价格: $12.12
2025-12-25 03:03:07,240 - INFO -     📊 位置: 4h=93.75% | 12h=95.83% | 24h=97.14% | 48h=80.95%
2025-12-25 03:03:07,741 - INFO -   [12/27] 采集 BCH-USDT-SWAP...
2025-12-25 03:03:07,982 - INFO -     💰 当前价格: $573.3
2025-12-25 03:03:07,982 - INFO -     📊 位置: 4h=91.14% | 12h=93.58% | 24h=58.29% | 48h=38.2%
2025-12-25 03:03:08,482 - INFO -   [13/27] 采集 HBAR-USDT-SWAP...
2025-12-25 03:03:08,724 - INFO -     💰 当前价格: $0.11067
2025-12-25 03:03:08,724 - INFO -     📊 位置: 4h=95.57% | 12h=95.96% | 24h=90.78% | 48h=54.7%
2025-12-25 03:03:09,224 - INFO -   [14/27] 采集 XLM-USDT-SWAP...
2025-12-25 03:03:09,459 - INFO -     💰 当前价格: $0.21401
2025-12-25 03:03:09,459 - INFO -     📊 位置: 4h=94.85% | 12h=75.27% | 24h=51.18% | 48h=32.87%
2025-12-25 03:03:09,959 - INFO -   [15/27] 采集 FIL-USDT-SWAP...
2025-12-25 03:03:10,202 - INFO -     💰 当前价格: $1.286
2025-12-25 03:03:10,203 - INFO -     📊 位置: 4h=95.24% | 12h=95.65% | 24h=68.57% | 48h=26.67%
2025-12-25 03:03:10,703 - INFO -   [16/27] 采集 LINK-USDT-SWAP...
2025-12-25 03:03:10,943 - INFO -     💰 当前价格: $12.339
2025-12-25 03:03:10,943 - INFO -     📊 位置: 4h=86.86% | 12h=86.54% | 24h=90.79% | 48h=65.34%
2025-12-25 03:03:11,444 - INFO -   [17/27] 采集 CRO-USDT-SWAP...
2025-12-25 03:03:11,677 - INFO -     💰 当前价格: $0.09413
2025-12-25 03:03:11,677 - INFO -     📊 位置: 4h=100.0% | 12h=100.0% | 24h=100.0% | 48h=53.06%
2025-12-25 03:03:12,178 - INFO -   [18/27] 采集 DOT-USDT-SWAP...
2025-12-25 03:03:12,413 - INFO -     💰 当前价格: $1.749
2025-12-25 03:03:12,413 - INFO -     📊 位置: 4h=90.91% | 12h=94.59% | 24h=84.91% | 48h=54.88%
2025-12-25 03:03:12,913 - INFO -   [19/27] 采集 AAVE-USDT-SWAP...
2025-12-25 03:03:13,151 - INFO -     💰 当前价格: $150.76
2025-12-25 03:03:13,151 - INFO -     📊 位置: 4h=82.99% | 12h=84.97% | 24h=88.49% | 48h=48.32%
2025-12-25 03:03:13,651 - INFO -   [20/27] 采集 UNI-USDT-SWAP...
2025-12-25 03:03:13,877 - INFO -     💰 当前价格: $5.835
2025-12-25 03:03:13,877 - INFO -     📊 位置: 4h=76.77% | 12h=63.97% | 24h=83.56% | 48h=47.61%
2025-12-25 03:03:14,378 - INFO -   [21/27] 采集 NEAR-USDT-SWAP...
2025-12-25 03:03:14,618 - INFO -     💰 当前价格: $1.488
2025-12-25 03:03:14,618 - INFO -     📊 位置: 4h=73.47% | 12h=77.97% | 24h=80.88% | 48h=56.7%
2025-12-25 03:03:15,119 - INFO -   [22/27] 采集 APT-USDT-SWAP...
2025-12-25 03:03:15,351 - INFO -     💰 当前价格: $1.656
2025-12-25 03:03:15,351 - INFO -     📊 位置: 4h=92.86% | 12h=96.2% | 24h=97.2% | 48h=97.2%
2025-12-25 03:03:15,852 - INFO -   [23/27] 采集 CFX-USDT-SWAP...
2025-12-25 03:03:16,081 - INFO -     💰 当前价格: $0.07618
2025-12-25 03:03:16,082 - INFO -     📊 位置: 4h=49.69% | 12h=71.28% | 24h=77.73% | 48h=77.73%
2025-12-25 03:03:16,582 - INFO -   [24/27] 采集 CRV-USDT-SWAP...
2025-12-25 03:03:16,812 - INFO -     💰 当前价格: $0.383
2025-12-25 03:03:16,812 - INFO -     📊 位置: 4h=84.16% | 12h=80.87% | 24h=90.52% | 48h=90.83%
2025-12-25 03:03:17,313 - INFO -   [25/27] 采集 STX-USDT-SWAP...
2025-12-25 03:03:17,542 - INFO -     💰 当前价格: $0.251
2025-12-25 03:03:17,543 - INFO -     📊 位置: 4h=90.0% | 12h=94.81% | 24h=97.37% | 48h=97.37%
2025-12-25 03:03:18,043 - INFO -   [26/27] 采集 LDO-USDT-SWAP...
2025-12-25 03:03:18,274 - INFO -     💰 当前价格: $0.5487
2025-12-25 03:03:18,274 - INFO -     📊 位置: 4h=81.63% | 12h=89.2% | 24h=92.72% | 48h=92.72%
2025-12-25 03:03:18,774 - INFO -   [27/27] 采集 TAO-USDT-SWAP...
2025-12-25 03:03:19,010 - INFO -     💰 当前价格: $222.0
2025-12-25 03:03:19,010 - INFO -     📊 位置: 4h=76.27% | 12h=86.41% | 24h=91.91% | 48h=91.91%
2025-12-25 03:03:19,517 - INFO - 💾 数据保存成功: 27 个币种
2025-12-25 03:03:19,522 - INFO - 📊 统计数据保存成功:
2025-12-25 03:03:19,523 - INFO -     4h低于1%: 0/27
2025-12-25 03:03:19,523 - INFO -    12h低于1%: 0/27
2025-12-25 03:03:19,523 - INFO -    24h低于1%: 0/27
2025-12-25 03:03:19,523 - INFO -    48h低于1%: 0/27
2025-12-25 03:03:19,523 - INFO - ✅ 数据采集完成: 成功 27/27
2025-12-25 03:03:19,524 - INFO - ⏳ 等待 300 秒后进行下一次采集...

2025-12-25 03:07:40,139 - INFO - ⛔ 收到停止信号，退出采集器
2025-12-25 03:07:40,471 - INFO - ✅ 数据库初始化完成
2025-12-25 03:07:40,471 - INFO - 📊 开始采集位置系统数据...
2025-12-25 03:07:40,471 - INFO - 📋 币种列表: 27 个币种
2025-12-25 03:07:40,482 - INFO -   [1/27] 采集 BTC-USDT-SWAP...
2025-12-25 03:07:40,712 - INFO -     💰 当前价格: $87830.2
2025-12-25 03:07:40,712 - INFO -     📊 位置: 4h=76.41% | 12h=82.46% | 24h=87.88% | 48h=74.64%
2025-12-25 03:07:41,212 - INFO -   [2/27] 采集 ETH-USDT-SWAP...
2025-12-25 03:07:41,457 - INFO -     💰 当前价格: $2949.91
2025-12-25 03:07:41,458 - INFO -     📊 位置: 4h=70.9% | 12h=69.85% | 24h=83.13% | 48h=56.51%
2025-12-25 03:07:41,958 - INFO -   [3/27] 采集 XRP-USDT-SWAP...
2025-12-25 03:07:42,196 - INFO -     💰 当前价格: $1.8684
2025-12-25 03:07:42,196 - INFO -     📊 位置: 4h=79.27% | 12h=85.53% | 24h=79.02% | 48h=47.44%
2025-12-25 03:07:42,697 - INFO -   [4/27] 采集 BNB-USDT-SWAP...
2025-12-25 03:07:42,934 - INFO -     💰 当前价格: $845.4
2025-12-25 03:07:42,934 - INFO -     📊 位置: 4h=33.33% | 12h=59.22% | 24h=72.0% | 48h=48.21%
2025-12-25 03:07:43,435 - INFO -   [5/27] 采集 SOL-USDT-SWAP...
2025-12-25 03:07:43,672 - INFO -     💰 当前价格: $122.89
2025-12-25 03:07:43,672 - INFO -     📊 位置: 4h=81.13% | 12h=68.6% | 24h=81.44% | 48h=43.01%
2025-12-25 03:07:44,172 - INFO -   [6/27] 采集 LTC-USDT-SWAP...
2025-12-25 03:07:44,413 - INFO -     💰 当前价格: $76.17
2025-12-25 03:07:44,413 - INFO -     📊 位置: 4h=86.25% | 12h=88.3% | 24h=60.0% | 48h=36.69%
2025-12-25 03:07:44,913 - INFO -   [7/27] 采集 DOGE-USDT-SWAP...
2025-12-25 03:07:45,160 - INFO -     💰 当前价格: $0.12863
2025-12-25 03:07:45,160 - INFO -     📊 位置: 4h=67.83% | 12h=57.61% | 24h=74.34% | 48h=34.09%
2025-12-25 03:07:45,660 - INFO -   [8/27] 采集 SUI-USDT-SWAP...
2025-12-25 03:07:45,897 - INFO -     💰 当前价格: $1.4175
2025-12-25 03:07:45,897 - INFO -     📊 位置: 4h=72.99% | 12h=51.85% | 24h=74.45% | 48h=43.47%
2025-12-25 03:07:46,397 - INFO -   [9/27] 采集 TRX-USDT-SWAP...
2025-12-25 03:07:46,634 - INFO -     💰 当前价格: $0.28036
2025-12-25 03:07:46,634 - INFO -     📊 位置: 4h=51.38% | 12h=45.29% | 24h=30.86% | 48h=26.15%
2025-12-25 03:07:47,134 - INFO -   [10/27] 采集 TON-USDT-SWAP...
2025-12-25 03:07:47,371 - INFO -     💰 当前价格: $1.518
2025-12-25 03:07:47,372 - INFO -     📊 位置: 4h=100.0% | 12h=100.0% | 24h=100.0% | 48h=100.0%
2025-12-25 03:07:47,872 - INFO -   [11/27] 采集 ETC-USDT-SWAP...
2025-12-25 03:07:48,098 - INFO -     💰 当前价格: $12.11
2025-12-25 03:07:48,098 - INFO -     📊 位置: 4h=87.5% | 12h=91.67% | 24h=94.29% | 48h=78.57%
2025-12-25 03:07:48,599 - INFO -   [12/27] 采集 BCH-USDT-SWAP...
2025-12-25 03:07:48,822 - INFO -     💰 当前价格: $572.3
2025-12-25 03:07:48,822 - INFO -     📊 位置: 4h=78.48% | 12h=84.4% | 24h=52.57% | 48h=34.46%
2025-12-25 03:07:49,322 - INFO -   [13/27] 采集 HBAR-USDT-SWAP...
2025-12-25 03:07:49,557 - INFO -     💰 当前价格: $0.11066
2025-12-25 03:07:49,557 - INFO -     📊 位置: 4h=92.79% | 12h=93.42% | 24h=90.43% | 48h=54.49%
2025-12-25 03:07:50,057 - INFO -   [14/27] 采集 XLM-USDT-SWAP...
2025-12-25 03:07:50,293 - INFO -     💰 当前价格: $0.21396
2025-12-25 03:07:50,293 - INFO -     📊 位置: 4h=93.01% | 12h=73.94% | 24h=50.27% | 48h=32.29%
2025-12-25 03:07:50,793 - INFO -   [15/27] 采集 FIL-USDT-SWAP...
2025-12-25 03:07:51,027 - INFO -     💰 当前价格: $1.289
2025-12-25 03:07:51,027 - INFO -     📊 位置: 4h=95.83% | 12h=96.15% | 24h=77.14% | 48h=30.0%
2025-12-25 03:07:51,527 - INFO -   [16/27] 采集 LINK-USDT-SWAP...
2025-12-25 03:07:51,761 - INFO -     💰 当前价格: $12.329
2025-12-25 03:07:51,761 - INFO -     📊 位置: 4h=79.56% | 12h=82.69% | 24h=88.16% | 48h=63.45%
2025-12-25 03:07:52,262 - INFO -   [17/27] 采集 CRO-USDT-SWAP...
2025-12-25 03:07:52,498 - INFO -     💰 当前价格: $0.094
2025-12-25 03:07:52,499 - INFO -     📊 位置: 4h=91.56% | 12h=93.19% | 24h=93.19% | 48h=49.44%
2025-12-25 03:07:53,000 - INFO -   [18/27] 采集 DOT-USDT-SWAP...
2025-12-25 03:07:53,241 - INFO -     💰 当前价格: $1.747
2025-12-25 03:07:53,241 - INFO -     📊 位置: 4h=81.82% | 12h=89.19% | 24h=81.13% | 48h=52.44%
2025-12-25 03:07:53,742 - INFO -   [19/27] 采集 AAVE-USDT-SWAP...
2025-12-25 03:07:53,969 - INFO -     💰 当前价格: $150.42
2025-12-25 03:07:53,969 - INFO -     📊 位置: 4h=73.02% | 12h=76.17% | 24h=81.75% | 48h=44.64%
2025-12-25 03:07:54,469 - INFO -   [20/27] 采集 UNI-USDT-SWAP...
2025-12-25 03:07:54,702 - INFO -     💰 当前价格: $5.823
2025-12-25 03:07:54,702 - INFO -     📊 位置: 4h=64.65% | 12h=55.15% | 24h=79.53% | 48h=45.32%
2025-12-25 03:07:55,203 - INFO -   [21/27] 采集 NEAR-USDT-SWAP...
2025-12-25 03:07:55,436 - INFO -     💰 当前价格: $1.481
2025-12-25 03:07:55,437 - INFO -     📊 位置: 4h=59.18% | 12h=66.1% | 24h=70.59% | 48h=49.48%
2025-12-25 03:07:55,937 - INFO -   [22/27] 采集 APT-USDT-SWAP...
2025-12-25 03:07:56,179 - INFO -     💰 当前价格: $1.654
2025-12-25 03:07:56,179 - INFO -     📊 位置: 4h=88.1% | 12h=93.67% | 24h=95.33% | 48h=95.33%
2025-12-25 03:07:56,679 - INFO -   [23/27] 采集 CFX-USDT-SWAP...
2025-12-25 03:07:56,900 - INFO -     💰 当前价格: $0.07628
2025-12-25 03:07:56,901 - INFO -     📊 位置: 4h=51.77% | 12h=72.47% | 24h=78.65% | 48h=78.65%
2025-12-25 03:07:57,401 - INFO -   [24/27] 采集 CRV-USDT-SWAP...
2025-12-25 03:07:57,629 - INFO -     💰 当前价格: $0.3823
2025-12-25 03:07:57,630 - INFO -     📊 位置: 4h=77.23% | 12h=74.78% | 24h=87.5% | 48h=87.92%
2025-12-25 03:07:58,130 - INFO -   [25/27] 采集 STX-USDT-SWAP...
2025-12-25 03:07:58,364 - INFO -     💰 当前价格: $0.2511
2025-12-25 03:07:58,364 - INFO -     📊 位置: 4h=92.5% | 12h=96.1% | 24h=98.03% | 48h=98.03%
2025-12-25 03:07:58,864 - INFO -   [26/27] 采集 LDO-USDT-SWAP...
2025-12-25 03:07:59,100 - INFO -     💰 当前价格: $0.5487
2025-12-25 03:07:59,100 - INFO -     📊 位置: 4h=81.63% | 12h=89.2% | 24h=92.72% | 48h=92.72%
2025-12-25 03:07:59,600 - INFO -   [27/27] 采集 TAO-USDT-SWAP...
2025-12-25 03:07:59,827 - INFO -     💰 当前价格: $222.0
2025-12-25 03:07:59,827 - INFO -     📊 位置: 4h=76.27% | 12h=86.41% | 24h=91.91% | 48h=91.91%
2025-12-25 03:08:00,330 - INFO - 💾 数据保存成功: 27 个币种
2025-12-25 03:08:00,332 - INFO - 📊 统计数据保存成功:
2025-12-25 03:08:00,332 - INFO -     4h低于1%: 0/27
2025-12-25 03:08:00,332 - INFO -    12h低于1%: 0/27
2025-12-25 03:08:00,332 - INFO -    24h低于1%: 0/27
2025-12-25 03:08:00,332 - INFO -    48h低于1%: 0/27
2025-12-25 03:08:00,332 - INFO - ✅ 数据采集完成: 成功 27/27
2025-12-25 03:08:00,332 - INFO - 🚀 位置系统采集器启动，采集间隔: 300秒
2025-12-25 03:08:00,332 - INFO - 📊 开始采集位置系统数据...
2025-12-25 03:08:00,332 - INFO - 📋 币种列表: 27 个币种
2025-12-25 03:08:00,332 - INFO -   [1/27] 采集 BTC-USDT-SWAP...
2025-12-25 03:08:00,564 - INFO -     💰 当前价格: $87820.1
2025-12-25 03:08:00,564 - INFO -     📊 位置: 4h=74.24% | 12h=81.59% | 24h=87.28% | 48h=74.14%
2025-12-25 03:08:01,064 - INFO -   [2/27] 采集 ETH-USDT-SWAP...
2025-12-25 03:08:01,293 - INFO -     💰 当前价格: $2948.95
2025-12-25 03:08:01,293 - INFO -     📊 位置: 4h=66.32% | 12h=67.61% | 24h=81.88% | 48h=55.66%
2025-12-25 03:08:01,793 - INFO -   [3/27] 采集 XRP-USDT-SWAP...
2025-12-25 03:08:02,022 - INFO -     💰 当前价格: $1.8681
2025-12-25 03:08:02,023 - INFO -     📊 位置: 4h=77.44% | 12h=84.26% | 24h=78.29% | 48h=47.0%
2025-12-25 03:08:02,523 - INFO -   [4/27] 采集 BNB-USDT-SWAP...
2025-12-25 03:08:02,760 - INFO -     💰 当前价格: $845.1
2025-12-25 03:08:02,760 - INFO -     📊 位置: 4h=23.33% | 12h=56.31% | 24h=70.0% | 48h=46.88%
2025-12-25 03:08:03,260 - INFO -   [5/27] 采集 SOL-USDT-SWAP...
2025-12-25 03:08:03,498 - INFO -     💰 当前价格: $122.87
2025-12-25 03:08:03,498 - INFO -     📊 位置: 4h=79.25% | 12h=67.44% | 24h=80.76% | 48h=42.65%
2025-12-25 03:08:03,999 - INFO -   [6/27] 采集 LTC-USDT-SWAP...
2025-12-25 03:08:04,227 - INFO -     💰 当前价格: $76.13
2025-12-25 03:08:04,227 - INFO -     📊 位置: 4h=81.25% | 12h=84.04% | 24h=57.65% | 48h=35.25%
2025-12-25 03:08:04,728 - INFO -   [7/27] 采集 DOGE-USDT-SWAP...
2025-12-25 03:08:04,963 - INFO -     💰 当前价格: $0.12859
2025-12-25 03:08:04,963 - INFO -     📊 位置: 4h=64.35% | 12h=55.43% | 24h=73.03% | 48h=33.48%
2025-12-25 03:08:05,464 - INFO -   [8/27] 采集 SUI-USDT-SWAP...
2025-12-25 03:08:05,694 - INFO -     💰 当前价格: $1.417
2025-12-25 03:08:05,694 - INFO -     📊 位置: 4h=69.34% | 12h=49.54% | 24h=73.22% | 48h=42.75%
2025-12-25 03:08:06,195 - INFO -   [9/27] 采集 TRX-USDT-SWAP...
2025-12-25 03:08:06,429 - INFO -     💰 当前价格: $0.28042
2025-12-25 03:08:06,430 - INFO -     📊 位置: 4h=56.88% | 12h=47.06% | 24h=32.06% | 48h=27.16%
2025-12-25 03:08:06,930 - INFO -   [10/27] 采集 TON-USDT-SWAP...
2025-12-25 03:08:07,170 - INFO -     💰 当前价格: $1.518
2025-12-25 03:08:07,170 - INFO -     📊 位置: 4h=100.0% | 12h=100.0% | 24h=100.0% | 48h=100.0%
2025-12-25 03:08:07,671 - INFO -   [11/27] 采集 ETC-USDT-SWAP...
2025-12-25 03:08:07,913 - INFO -     💰 当前价格: $12.11
2025-12-25 03:08:07,913 - INFO -     📊 位置: 4h=87.5% | 12h=91.67% | 24h=94.29% | 48h=78.57%
2025-12-25 03:08:08,414 - INFO -   [12/27] 采集 BCH-USDT-SWAP...
2025-12-25 03:08:08,641 - INFO -     💰 当前价格: $572.2
2025-12-25 03:08:08,642 - INFO -     📊 位置: 4h=77.22% | 12h=83.49% | 24h=52.0% | 48h=34.08%
2025-12-25 03:08:09,142 - INFO -   [13/27] 采集 HBAR-USDT-SWAP...
2025-12-25 03:08:09,370 - INFO -     💰 当前价格: $0.11064
2025-12-25 03:08:09,371 - INFO -     📊 位置: 4h=91.83% | 12h=92.54% | 24h=89.72% | 48h=54.06%
2025-12-25 03:08:09,871 - INFO -   [14/27] 采集 XLM-USDT-SWAP...
2025-12-25 03:08:10,110 - INFO -     💰 当前价格: $0.21393
2025-12-25 03:08:10,110 - INFO -     📊 位置: 4h=91.91% | 12h=73.14% | 24h=49.73% | 48h=31.94%
2025-12-25 03:08:10,611 - INFO -   [15/27] 采集 FIL-USDT-SWAP...
2025-12-25 03:08:10,846 - INFO -     💰 当前价格: $1.288
2025-12-25 03:08:10,846 - INFO -     📊 位置: 4h=91.67% | 12h=92.31% | 24h=74.29% | 48h=28.89%
2025-12-25 03:08:11,347 - INFO -   [16/27] 采集 LINK-USDT-SWAP...
2025-12-25 03:08:11,586 - INFO -     💰 当前价格: $12.331
2025-12-25 03:08:11,586 - INFO -     📊 位置: 4h=81.02% | 12h=83.46% | 24h=88.68% | 48h=63.83%
2025-12-25 03:08:12,087 - INFO -   [17/27] 采集 CRO-USDT-SWAP...
2025-12-25 03:08:12,327 - INFO -     💰 当前价格: $0.094
2025-12-25 03:08:12,327 - INFO -     📊 位置: 4h=91.56% | 12h=93.19% | 24h=93.19% | 48h=49.44%
2025-12-25 03:08:12,827 - INFO -   [18/27] 采集 DOT-USDT-SWAP...
2025-12-25 03:08:13,050 - INFO -     💰 当前价格: $1.747
2025-12-25 03:08:13,051 - INFO -     📊 位置: 4h=81.82% | 12h=89.19% | 24h=81.13% | 48h=52.44%
2025-12-25 03:08:13,551 - INFO -   [19/27] 采集 AAVE-USDT-SWAP...
2025-12-25 03:08:13,783 - INFO -     💰 当前价格: $150.39
2025-12-25 03:08:13,783 - INFO -     📊 位置: 4h=72.14% | 12h=75.39% | 24h=81.15% | 48h=44.31%
2025-12-25 03:08:14,284 - INFO -   [20/27] 采集 UNI-USDT-SWAP...
2025-12-25 03:08:14,513 - INFO -     💰 当前价格: $5.824
2025-12-25 03:08:14,513 - INFO -     📊 位置: 4h=65.66% | 12h=55.88% | 24h=79.87% | 48h=45.51%
2025-12-25 03:08:15,014 - INFO -   [21/27] 采集 NEAR-USDT-SWAP...
2025-12-25 03:08:15,372 - INFO -     💰 当前价格: $1.481
2025-12-25 03:08:15,372 - INFO -     📊 位置: 4h=59.18% | 12h=66.1% | 24h=70.59% | 48h=49.48%
2025-12-25 03:08:15,872 - INFO -   [22/27] 采集 APT-USDT-SWAP...
2025-12-25 03:08:16,107 - INFO -     💰 当前价格: $1.654
2025-12-25 03:08:16,108 - INFO -     📊 位置: 4h=88.1% | 12h=93.67% | 24h=95.33% | 48h=95.33%
2025-12-25 03:08:16,608 - INFO -   [23/27] 采集 CFX-USDT-SWAP...
2025-12-25 03:08:16,846 - INFO -     💰 当前价格: $0.07629
2025-12-25 03:08:16,846 - INFO -     📊 位置: 4h=51.98% | 12h=72.59% | 24h=78.74% | 48h=78.74%
2025-12-25 03:08:17,347 - INFO -   [24/27] 采集 CRV-USDT-SWAP...
2025-12-25 03:08:17,583 - INFO -     💰 当前价格: $0.3823
2025-12-25 03:08:17,583 - INFO -     📊 位置: 4h=77.23% | 12h=74.78% | 24h=87.5% | 48h=87.92%
2025-12-25 03:08:18,084 - INFO -   [25/27] 采集 STX-USDT-SWAP...
2025-12-25 03:08:18,307 - INFO -     💰 当前价格: $0.251
2025-12-25 03:08:18,307 - INFO -     📊 位置: 4h=90.0% | 12h=94.81% | 24h=97.37% | 48h=97.37%
2025-12-25 03:08:18,807 - INFO -   [26/27] 采集 LDO-USDT-SWAP...
2025-12-25 03:08:19,045 - INFO -     💰 当前价格: $0.5487
2025-12-25 03:08:19,045 - INFO -     📊 位置: 4h=81.63% | 12h=89.2% | 24h=92.72% | 48h=92.72%
2025-12-25 03:08:19,545 - INFO -   [27/27] 采集 TAO-USDT-SWAP...
2025-12-25 03:08:19,773 - INFO -     💰 当前价格: $222.0
2025-12-25 03:08:19,774 - INFO -     📊 位置: 4h=76.27% | 12h=86.41% | 24h=91.91% | 48h=91.91%
2025-12-25 03:08:20,281 - INFO - 💾 数据保存成功: 27 个币种
2025-12-25 03:08:20,286 - INFO - 📊 统计数据保存成功:
2025-12-25 03:08:20,286 - INFO -     4h低于1%: 0/27
2025-12-25 03:08:20,287 - INFO -    12h低于1%: 0/27
2025-12-25 03:08:20,287 - INFO -    24h低于1%: 0/27
2025-12-25 03:08:20,287 - INFO -    48h低于1%: 0/27
2025-12-25 03:08:20,287 - INFO - ✅ 数据采集完成: 成功 27/27
2025-12-25 03:08:20,287 - INFO - ⏳ 等待 300 秒后进行下一次采集...

2025-12-25 03:12:40,936 - INFO - ⛔ 收到停止信号，退出采集器
2025-12-25 03:12:41,310 - INFO - ✅ 数据库初始化完成
2025-12-25 03:12:41,310 - INFO - 📊 开始采集位置系统数据...
2025-12-25 03:12:41,310 - INFO - 📋 币种列表: 27 个币种
2025-12-25 03:12:41,320 - INFO -   [1/27] 采集 BTC-USDT-SWAP...
2025-12-25 03:12:41,557 - INFO -     💰 当前价格: $87796.2
2025-12-25 03:12:41,558 - INFO -     📊 位置: 4h=69.1% | 12h=79.54% | 24h=85.86% | 48h=72.93%
2025-12-25 03:12:42,058 - INFO -   [2/27] 采集 ETH-USDT-SWAP...
2025-12-25 03:12:42,285 - INFO -     💰 当前价格: $2949.16
2025-12-25 03:12:42,285 - INFO -     📊 位置: 4h=67.32% | 12h=68.1% | 24h=82.16% | 48h=55.84%
2025-12-25 03:12:42,786 - INFO -   [3/27] 采集 XRP-USDT-SWAP...
2025-12-25 03:12:43,028 - INFO -     💰 当前价格: $1.8687
2025-12-25 03:12:43,028 - INFO -     📊 位置: 4h=81.1% | 12h=86.81% | 24h=79.76% | 48h=47.88%
2025-12-25 03:12:43,529 - INFO -   [4/27] 采集 BNB-USDT-SWAP...
2025-12-25 03:12:43,759 - INFO -     💰 当前价格: $845.0
2025-12-25 03:12:43,759 - INFO -     📊 位置: 4h=25.0% | 12h=55.34% | 24h=69.33% | 48h=46.43%
2025-12-25 03:12:44,259 - INFO -   [5/27] 采集 SOL-USDT-SWAP...
2025-12-25 03:12:44,496 - INFO -     💰 当前价格: $122.93
2025-12-25 03:12:44,496 - INFO -     📊 位置: 4h=84.91% | 12h=70.93% | 24h=82.82% | 48h=43.74%
2025-12-25 03:12:44,996 - INFO -   [6/27] 采集 LTC-USDT-SWAP...
2025-12-25 03:12:45,229 - INFO -     💰 当前价格: $76.18
2025-12-25 03:12:45,229 - INFO -     📊 位置: 4h=87.5% | 12h=89.36% | 24h=60.59% | 48h=37.05%
2025-12-25 03:12:45,729 - INFO -   [7/27] 采集 DOGE-USDT-SWAP...
2025-12-25 03:12:45,972 - INFO -     💰 当前价格: $0.12869
2025-12-25 03:12:45,972 - INFO -     📊 位置: 4h=73.04% | 12h=60.87% | 24h=76.32% | 48h=34.99%
2025-12-25 03:12:46,473 - INFO -   [8/27] 采集 SUI-USDT-SWAP...
2025-12-25 03:12:46,703 - INFO -     💰 当前价格: $1.4171
2025-12-25 03:12:46,703 - INFO -     📊 位置: 4h=70.07% | 12h=50.0% | 24h=73.46% | 48h=42.9%
2025-12-25 03:12:47,203 - INFO -   [9/27] 采集 TRX-USDT-SWAP...
2025-12-25 03:12:47,434 - INFO -     💰 当前价格: $0.28041
2025-12-25 03:12:47,434 - INFO -     📊 位置: 4h=55.96% | 12h=46.76% | 24h=31.86% | 48h=26.99%
2025-12-25 03:12:47,935 - INFO -   [10/27] 采集 TON-USDT-SWAP...
2025-12-25 03:12:48,169 - INFO -     💰 当前价格: $1.518
2025-12-25 03:12:48,169 - INFO -     📊 位置: 4h=96.55% | 12h=97.73% | 24h=98.55% | 48h=98.72%
2025-12-25 03:12:48,670 - INFO -   [11/27] 采集 ETC-USDT-SWAP...
2025-12-25 03:12:48,908 - INFO -     💰 当前价格: $12.09
2025-12-25 03:12:48,908 - INFO -     📊 位置: 4h=75.0% | 12h=83.33% | 24h=88.57% | 48h=73.81%
2025-12-25 03:12:49,409 - INFO -   [12/27] 采集 BCH-USDT-SWAP...
2025-12-25 03:12:49,635 - INFO -     💰 当前价格: $572.6
2025-12-25 03:12:49,635 - INFO -     📊 位置: 4h=82.28% | 12h=87.16% | 24h=54.29% | 48h=35.58%
2025-12-25 03:12:50,136 - INFO -   [13/27] 采集 HBAR-USDT-SWAP...
2025-12-25 03:12:50,374 - INFO -     💰 当前价格: $0.11055
2025-12-25 03:12:50,374 - INFO -     📊 位置: 4h=87.5% | 12h=88.6% | 24h=86.52% | 48h=52.14%
2025-12-25 03:12:50,875 - INFO -   [14/27] 采集 XLM-USDT-SWAP...
2025-12-25 03:12:51,111 - INFO -     💰 当前价格: $0.21414
2025-12-25 03:12:51,111 - INFO -     📊 位置: 4h=99.63% | 12h=78.72% | 24h=53.53% | 48h=34.38%
2025-12-25 03:12:51,611 - INFO -   [15/27] 采集 FIL-USDT-SWAP...
2025-12-25 03:12:51,960 - INFO -     💰 当前价格: $1.285
2025-12-25 03:12:51,960 - INFO -     📊 位置: 4h=79.17% | 12h=80.77% | 24h=65.71% | 48h=25.56%
2025-12-25 03:12:52,460 - INFO -   [16/27] 采集 LINK-USDT-SWAP...
2025-12-25 03:12:52,697 - INFO -     💰 当前价格: $12.327
2025-12-25 03:12:52,698 - INFO -     📊 位置: 4h=78.1% | 12h=81.92% | 24h=87.63% | 48h=63.07%
2025-12-25 03:12:53,198 - INFO -   [17/27] 采集 CRO-USDT-SWAP...
2025-12-25 03:12:53,438 - INFO -     💰 当前价格: $0.09406
2025-12-25 03:12:53,439 - INFO -     📊 位置: 4h=95.45% | 12h=96.34% | 24h=96.34% | 48h=51.11%
2025-12-25 03:12:53,939 - INFO -   [18/27] 采集 DOT-USDT-SWAP...
2025-12-25 03:12:54,174 - INFO -     💰 当前价格: $1.746
2025-12-25 03:12:54,175 - INFO -     📊 位置: 4h=77.27% | 12h=86.49% | 24h=79.25% | 48h=51.22%
2025-12-25 03:12:54,675 - INFO -   [19/27] 采集 AAVE-USDT-SWAP...
2025-12-25 03:12:54,909 - INFO -     💰 当前价格: $150.39
2025-12-25 03:12:54,909 - INFO -     📊 位置: 4h=72.14% | 12h=75.39% | 24h=81.15% | 48h=44.31%
2025-12-25 03:12:55,409 - INFO -   [20/27] 采集 UNI-USDT-SWAP...
2025-12-25 03:12:55,639 - INFO -     💰 当前价格: $5.816
2025-12-25 03:12:55,639 - INFO -     📊 位置: 4h=57.58% | 12h=50.0% | 24h=77.18% | 48h=43.98%
2025-12-25 03:12:56,139 - INFO -   [21/27] 采集 NEAR-USDT-SWAP...
2025-12-25 03:12:56,364 - INFO -     💰 当前价格: $1.481
2025-12-25 03:12:56,364 - INFO -     📊 位置: 4h=59.18% | 12h=66.1% | 24h=70.59% | 48h=49.48%
2025-12-25 03:12:56,864 - INFO -   [22/27] 采集 APT-USDT-SWAP...
2025-12-25 03:12:57,099 - INFO -     💰 当前价格: $1.649
2025-12-25 03:12:57,099 - INFO -     📊 位置: 4h=76.19% | 12h=87.34% | 24h=90.65% | 48h=90.65%
2025-12-25 03:12:57,599 - INFO -   [23/27] 采集 CFX-USDT-SWAP...
2025-12-25 03:12:57,829 - INFO -     💰 当前价格: $0.07659
2025-12-25 03:12:57,829 - INFO -     📊 位置: 4h=58.25% | 12h=76.16% | 24h=81.52% | 48h=81.52%
2025-12-25 03:12:58,329 - INFO -   [24/27] 采集 CRV-USDT-SWAP...
2025-12-25 03:12:58,566 - INFO -     💰 当前价格: $0.3832
2025-12-25 03:12:58,566 - INFO -     📊 位置: 4h=86.14% | 12h=82.61% | 24h=91.38% | 48h=91.67%
2025-12-25 03:12:59,066 - INFO -   [25/27] 采集 STX-USDT-SWAP...
2025-12-25 03:12:59,295 - INFO -     💰 当前价格: $0.2506
2025-12-25 03:12:59,296 - INFO -     📊 位置: 4h=80.0% | 12h=89.61% | 24h=94.74% | 48h=94.74%
2025-12-25 03:12:59,796 - INFO -   [26/27] 采集 LDO-USDT-SWAP...
2025-12-25 03:13:00,035 - INFO -     💰 当前价格: $0.5481
2025-12-25 03:13:00,035 - INFO -     📊 位置: 4h=77.55% | 12h=86.8% | 24h=91.11% | 48h=91.11%
2025-12-25 03:13:00,535 - INFO -   [27/27] 采集 TAO-USDT-SWAP...
2025-12-25 03:13:00,759 - INFO -     💰 当前价格: $222.2
2025-12-25 03:13:00,759 - INFO -     📊 位置: 4h=79.66% | 12h=88.35% | 24h=93.06% | 48h=93.06%
2025-12-25 03:13:01,266 - INFO - 💾 数据保存成功: 27 个币种
2025-12-25 03:13:01,270 - INFO - 📊 统计数据保存成功:
2025-12-25 03:13:01,271 - INFO -     4h低于1%: 0/27
2025-12-25 03:13:01,271 - INFO -    12h低于1%: 0/27
2025-12-25 03:13:01,271 - INFO -    24h低于1%: 0/27
2025-12-25 03:13:01,271 - INFO -    48h低于1%: 0/27
2025-12-25 03:13:01,271 - INFO - ✅ 数据采集完成: 成功 27/27
2025-12-25 03:13:01,271 - INFO - 🚀 位置系统采集器启动，采集间隔: 300秒
2025-12-25 03:13:01,272 - INFO - 📊 开始采集位置系统数据...
2025-12-25 03:13:01,272 - INFO - 📋 币种列表: 27 个币种
2025-12-25 03:13:01,272 - INFO -   [1/27] 采集 BTC-USDT-SWAP...
2025-12-25 03:13:01,496 - INFO -     💰 当前价格: $87794.1
2025-12-25 03:13:01,497 - INFO -     📊 位置: 4h=68.65% | 12h=79.36% | 24h=85.73% | 48h=72.82%
2025-12-25 03:13:01,997 - INFO -   [2/27] 采集 ETH-USDT-SWAP...
2025-12-25 03:13:02,232 - INFO -     💰 当前价格: $2949.16
2025-12-25 03:13:02,232 - INFO -     📊 位置: 4h=67.32% | 12h=68.1% | 24h=82.16% | 48h=55.84%
2025-12-25 03:13:02,732 - INFO -   [3/27] 采集 XRP-USDT-SWAP...
2025-12-25 03:13:02,973 - INFO -     💰 当前价格: $1.8683
2025-12-25 03:13:02,974 - INFO -     📊 位置: 4h=78.66% | 12h=85.11% | 24h=78.78% | 48h=47.29%
2025-12-25 03:13:03,474 - INFO -   [4/27] 采集 BNB-USDT-SWAP...
2025-12-25 03:13:03,710 - INFO -     💰 当前价格: $845.0
2025-12-25 03:13:03,711 - INFO -     📊 位置: 4h=25.0% | 12h=55.34% | 24h=69.33% | 48h=46.43%
2025-12-25 03:13:04,211 - INFO -   [5/27] 采集 SOL-USDT-SWAP...
2025-12-25 03:13:04,447 - INFO -     💰 当前价格: $122.93
2025-12-25 03:13:04,448 - INFO -     📊 位置: 4h=84.91% | 12h=70.93% | 24h=82.82% | 48h=43.74%
2025-12-25 03:13:04,948 - INFO -   [6/27] 采集 LTC-USDT-SWAP...
2025-12-25 03:13:05,182 - INFO -     💰 当前价格: $76.16
2025-12-25 03:13:05,182 - INFO -     📊 位置: 4h=85.0% | 12h=87.23% | 24h=59.41% | 48h=36.33%
2025-12-25 03:13:05,682 - INFO -   [7/27] 采集 DOGE-USDT-SWAP...
2025-12-25 03:13:05,920 - INFO -     💰 当前价格: $0.12868
2025-12-25 03:13:05,921 - INFO -     📊 位置: 4h=72.17% | 12h=60.33% | 24h=75.99% | 48h=34.84%
2025-12-25 03:13:06,421 - INFO -   [8/27] 采集 SUI-USDT-SWAP...
2025-12-25 03:13:06,655 - INFO -     💰 当前价格: $1.417
2025-12-25 03:13:06,655 - INFO -     📊 位置: 4h=69.34% | 12h=49.54% | 24h=73.22% | 48h=42.75%
2025-12-25 03:13:07,156 - INFO -   [9/27] 采集 TRX-USDT-SWAP...
2025-12-25 03:13:07,391 - INFO -     💰 当前价格: $0.28041
2025-12-25 03:13:07,392 - INFO -     📊 位置: 4h=55.96% | 12h=46.76% | 24h=31.86% | 48h=26.99%
2025-12-25 03:13:07,892 - INFO -   [10/27] 采集 TON-USDT-SWAP...
2025-12-25 03:13:08,120 - INFO -     💰 当前价格: $1.518
2025-12-25 03:13:08,120 - INFO -     📊 位置: 4h=96.55% | 12h=97.73% | 24h=98.55% | 48h=98.72%
2025-12-25 03:13:08,621 - INFO -   [11/27] 采集 ETC-USDT-SWAP...
2025-12-25 03:13:08,861 - INFO -     💰 当前价格: $12.09
2025-12-25 03:13:08,861 - INFO -     📊 位置: 4h=75.0% | 12h=83.33% | 24h=88.57% | 48h=73.81%
2025-12-25 03:13:09,361 - INFO -   [12/27] 采集 BCH-USDT-SWAP...
2025-12-25 03:13:09,597 - INFO -     💰 当前价格: $572.5
2025-12-25 03:13:09,597 - INFO -     📊 位置: 4h=81.01% | 12h=86.24% | 24h=53.71% | 48h=35.21%
2025-12-25 03:13:10,097 - INFO -   [13/27] 采集 HBAR-USDT-SWAP...
2025-12-25 03:13:10,333 - INFO -     💰 当前价格: $0.11055
2025-12-25 03:13:10,333 - INFO -     📊 位置: 4h=87.5% | 12h=88.6% | 24h=86.52% | 48h=52.14%
2025-12-25 03:13:10,833 - INFO -   [14/27] 采集 XLM-USDT-SWAP...
2025-12-25 03:13:11,064 - INFO -     💰 当前价格: $0.21414
2025-12-25 03:13:11,064 - INFO -     📊 位置: 4h=99.63% | 12h=78.72% | 24h=53.53% | 48h=34.38%
2025-12-25 03:13:11,564 - INFO -   [15/27] 采集 FIL-USDT-SWAP...
2025-12-25 03:13:11,829 - INFO -     💰 当前价格: $1.285
2025-12-25 03:13:11,829 - INFO -     📊 位置: 4h=79.17% | 12h=80.77% | 24h=65.71% | 48h=25.56%
2025-12-25 03:13:12,330 - INFO -   [16/27] 采集 LINK-USDT-SWAP...
2025-12-25 03:13:12,567 - INFO -     💰 当前价格: $12.327
2025-12-25 03:13:12,567 - INFO -     📊 位置: 4h=78.1% | 12h=81.92% | 24h=87.63% | 48h=63.07%
2025-12-25 03:13:13,067 - INFO -   [17/27] 采集 CRO-USDT-SWAP...
2025-12-25 03:13:13,307 - INFO -     💰 当前价格: $0.09406
2025-12-25 03:13:13,307 - INFO -     📊 位置: 4h=95.45% | 12h=96.34% | 24h=96.34% | 48h=51.11%
2025-12-25 03:13:13,808 - INFO -   [18/27] 采集 DOT-USDT-SWAP...
2025-12-25 03:13:14,045 - INFO -     💰 当前价格: $1.746
2025-12-25 03:13:14,045 - INFO -     📊 位置: 4h=77.27% | 12h=86.49% | 24h=79.25% | 48h=51.22%
2025-12-25 03:13:14,545 - INFO -   [19/27] 采集 AAVE-USDT-SWAP...
2025-12-25 03:13:14,770 - INFO -     💰 当前价格: $150.39
2025-12-25 03:13:14,771 - INFO -     📊 位置: 4h=72.14% | 12h=75.39% | 24h=81.15% | 48h=44.31%
2025-12-25 03:13:15,271 - INFO -   [20/27] 采集 UNI-USDT-SWAP...
2025-12-25 03:13:15,504 - INFO -     💰 当前价格: $5.816
2025-12-25 03:13:15,504 - INFO -     📊 位置: 4h=57.58% | 12h=50.0% | 24h=77.18% | 48h=43.98%
2025-12-25 03:13:16,004 - INFO -   [21/27] 采集 NEAR-USDT-SWAP...
2025-12-25 03:13:16,237 - INFO -     💰 当前价格: $1.482
2025-12-25 03:13:16,237 - INFO -     📊 位置: 4h=61.22% | 12h=67.8% | 24h=72.06% | 48h=50.52%
2025-12-25 03:13:16,738 - INFO -   [22/27] 采集 APT-USDT-SWAP...
2025-12-25 03:13:16,968 - INFO -     💰 当前价格: $1.65
2025-12-25 03:13:16,969 - INFO -     📊 位置: 4h=78.57% | 12h=88.61% | 24h=91.59% | 48h=91.59%
2025-12-25 03:13:17,469 - INFO -   [23/27] 采集 CFX-USDT-SWAP...
2025-12-25 03:13:17,699 - INFO -     💰 当前价格: $0.07658
2025-12-25 03:13:17,699 - INFO -     📊 位置: 4h=58.04% | 12h=76.04% | 24h=81.42% | 48h=81.42%
2025-12-25 03:13:18,199 - INFO -   [24/27] 采集 CRV-USDT-SWAP...
2025-12-25 03:13:18,437 - INFO -     💰 当前价格: $0.383
2025-12-25 03:13:18,438 - INFO -     📊 位置: 4h=84.16% | 12h=80.87% | 24h=90.52% | 48h=90.83%
2025-12-25 03:13:18,938 - INFO -   [25/27] 采集 STX-USDT-SWAP...
2025-12-25 03:13:19,172 - INFO -     💰 当前价格: $0.2506
2025-12-25 03:13:19,172 - INFO -     📊 位置: 4h=80.0% | 12h=89.61% | 24h=94.74% | 48h=94.74%
2025-12-25 03:13:19,672 - INFO -   [26/27] 采集 LDO-USDT-SWAP...
2025-12-25 03:13:19,911 - INFO -     💰 当前价格: $0.5479
2025-12-25 03:13:19,911 - INFO -     📊 位置: 4h=76.19% | 12h=86.0% | 24h=90.57% | 48h=90.57%
2025-12-25 03:13:20,412 - INFO -   [27/27] 采集 TAO-USDT-SWAP...
2025-12-25 03:13:20,651 - INFO -     💰 当前价格: $222.2
2025-12-25 03:13:20,651 - INFO -     📊 位置: 4h=79.66% | 12h=88.35% | 24h=93.06% | 48h=93.06%
2025-12-25 03:13:21,158 - INFO - 💾 数据保存成功: 27 个币种
2025-12-25 03:13:21,163 - INFO - 📊 统计数据保存成功:
2025-12-25 03:13:21,163 - INFO -     4h低于1%: 0/27
2025-12-25 03:13:21,163 - INFO -    12h低于1%: 0/27
2025-12-25 03:13:21,163 - INFO -    24h低于1%: 0/27
2025-12-25 03:13:21,163 - INFO -    48h低于1%: 0/27
2025-12-25 03:13:21,163 - INFO - ✅ 数据采集完成: 成功 27/27
2025-12-25 03:13:21,163 - INFO - ⏳ 等待 300 秒后进行下一次采集...

2025-12-25 03:17:41,830 - INFO - ⛔ 收到停止信号，退出采集器
2025-12-25 03:17:42,165 - INFO - ✅ 数据库初始化完成
2025-12-25 03:17:42,165 - INFO - 📊 开始采集位置系统数据...
2025-12-25 03:17:42,165 - INFO - 📋 币种列表: 27 个币种
2025-12-25 03:17:42,175 - INFO -   [1/27] 采集 BTC-USDT-SWAP...
2025-12-25 03:17:42,408 - INFO -     💰 当前价格: $87790.1
2025-12-25 03:17:42,408 - INFO -     📊 位置: 4h=67.79% | 12h=79.02% | 24h=85.5% | 48h=72.62%
2025-12-25 03:17:42,909 - INFO -   [2/27] 采集 ETH-USDT-SWAP...
2025-12-25 03:17:43,148 - INFO -     💰 当前价格: $2947.94
2025-12-25 03:17:43,148 - INFO -     📊 位置: 4h=61.49% | 12h=65.26% | 24h=80.57% | 48h=54.76%
2025-12-25 03:17:43,648 - INFO -   [3/27] 采集 XRP-USDT-SWAP...
2025-12-25 03:17:43,878 - INFO -     💰 当前价格: $1.8677
2025-12-25 03:17:43,878 - INFO -     📊 位置: 4h=75.0% | 12h=82.55% | 24h=77.32% | 48h=46.41%
2025-12-25 03:17:44,378 - INFO -   [4/27] 采集 BNB-USDT-SWAP...
2025-12-25 03:17:44,618 - INFO -     💰 当前价格: $845.0
2025-12-25 03:17:44,619 - INFO -     📊 位置: 4h=25.0% | 12h=55.34% | 24h=69.33% | 48h=46.43%
2025-12-25 03:17:45,119 - INFO -   [5/27] 采集 SOL-USDT-SWAP...
2025-12-25 03:17:45,357 - INFO -     💰 当前价格: $122.87
2025-12-25 03:17:45,357 - INFO -     📊 位置: 4h=79.25% | 12h=67.44% | 24h=80.76% | 48h=42.65%
2025-12-25 03:17:45,857 - INFO -   [6/27] 采集 LTC-USDT-SWAP...
2025-12-25 03:17:46,097 - INFO -     💰 当前价格: $76.13
2025-12-25 03:17:46,097 - INFO -     📊 位置: 4h=81.25% | 12h=84.04% | 24h=57.65% | 48h=35.25%
2025-12-25 03:17:46,598 - INFO -   [7/27] 采集 DOGE-USDT-SWAP...
2025-12-25 03:17:46,824 - INFO -     💰 当前价格: $0.12868
2025-12-25 03:17:46,824 - INFO -     📊 位置: 4h=72.17% | 12h=60.33% | 24h=75.99% | 48h=34.84%
2025-12-25 03:17:47,324 - INFO -   [8/27] 采集 SUI-USDT-SWAP...
2025-12-25 03:17:47,728 - INFO -     💰 当前价格: $1.4166
2025-12-25 03:17:47,729 - INFO -     📊 位置: 4h=66.42% | 12h=47.69% | 24h=72.24% | 48h=42.18%
2025-12-25 03:17:48,229 - INFO -   [9/27] 采集 TRX-USDT-SWAP...
2025-12-25 03:17:48,458 - INFO -     💰 当前价格: $0.2803
2025-12-25 03:17:48,459 - INFO -     📊 位置: 4h=45.87% | 12h=43.53% | 24h=29.66% | 48h=25.13%
2025-12-25 03:17:48,960 - INFO -   [10/27] 采集 TON-USDT-SWAP...
2025-12-25 03:17:49,190 - INFO -     💰 当前价格: $1.516
2025-12-25 03:17:49,190 - INFO -     📊 位置: 4h=89.66% | 12h=93.18% | 24h=95.65% | 48h=96.15%
2025-12-25 03:17:49,690 - INFO -   [11/27] 采集 ETC-USDT-SWAP...
2025-12-25 03:17:49,920 - INFO -     💰 当前价格: $12.08
2025-12-25 03:17:49,921 - INFO -     📊 位置: 4h=68.75% | 12h=79.17% | 24h=85.71% | 48h=71.43%
2025-12-25 03:17:50,421 - INFO -   [12/27] 采集 BCH-USDT-SWAP...
2025-12-25 03:17:50,655 - INFO -     💰 当前价格: $571.6
2025-12-25 03:17:50,655 - INFO -     📊 位置: 4h=69.62% | 12h=77.98% | 24h=48.57% | 48h=31.84%
2025-12-25 03:17:51,156 - INFO -   [13/27] 采集 HBAR-USDT-SWAP...
2025-12-25 03:17:51,388 - INFO -     💰 当前价格: $0.11043
2025-12-25 03:17:51,389 - INFO -     📊 位置: 4h=81.73% | 12h=83.33% | 24h=82.27% | 48h=49.57%
2025-12-25 03:17:51,889 - INFO -   [14/27] 采集 XLM-USDT-SWAP...
2025-12-25 03:17:52,126 - INFO -     💰 当前价格: $0.21426
2025-12-25 03:17:52,126 - INFO -     📊 位置: 4h=95.93% | 12h=81.91% | 24h=55.7% | 48h=35.77%
2025-12-25 03:17:52,627 - INFO -   [15/27] 采集 FIL-USDT-SWAP...
2025-12-25 03:17:52,855 - INFO -     💰 当前价格: $1.284
2025-12-25 03:17:52,855 - INFO -     📊 位置: 4h=75.0% | 12h=76.92% | 24h=62.86% | 48h=24.44%
2025-12-25 03:17:53,356 - INFO -   [16/27] 采集 LINK-USDT-SWAP...
2025-12-25 03:17:53,587 - INFO -     💰 当前价格: $12.318
2025-12-25 03:17:53,588 - INFO -     📊 位置: 4h=71.53% | 12h=78.46% | 24h=85.26% | 48h=61.36%
2025-12-25 03:17:54,088 - INFO -   [17/27] 采集 CRO-USDT-SWAP...
2025-12-25 03:17:54,319 - INFO -     💰 当前价格: $0.09398
2025-12-25 03:17:54,320 - INFO -     📊 位置: 4h=89.1% | 12h=91.19% | 24h=91.19% | 48h=48.89%
2025-12-25 03:17:54,820 - INFO -   [18/27] 采集 DOT-USDT-SWAP...
2025-12-25 03:17:55,050 - INFO -     💰 当前价格: $1.744
2025-12-25 03:17:55,050 - INFO -     📊 位置: 4h=68.18% | 12h=81.08% | 24h=75.47% | 48h=48.78%
2025-12-25 03:17:55,550 - INFO -   [19/27] 采集 AAVE-USDT-SWAP...
2025-12-25 03:17:55,787 - INFO -     💰 当前价格: $150.18
2025-12-25 03:17:55,787 - INFO -     📊 位置: 4h=65.98% | 12h=69.95% | 24h=76.98% | 48h=42.04%
2025-12-25 03:17:56,287 - INFO -   [20/27] 采集 UNI-USDT-SWAP...
2025-12-25 03:17:56,517 - INFO -     💰 当前价格: $5.816
2025-12-25 03:17:56,517 - INFO -     📊 位置: 4h=57.58% | 12h=50.0% | 24h=77.18% | 48h=43.98%
2025-12-25 03:17:57,017 - INFO -   [21/27] 采集 NEAR-USDT-SWAP...
2025-12-25 03:17:57,264 - INFO -     💰 当前价格: $1.486
2025-12-25 03:17:57,264 - INFO -     📊 位置: 4h=69.39% | 12h=74.58% | 24h=77.94% | 48h=54.64%
2025-12-25 03:17:57,764 - INFO -   [22/27] 采集 APT-USDT-SWAP...
2025-12-25 03:17:58,000 - INFO -     💰 当前价格: $1.649
2025-12-25 03:17:58,000 - INFO -     📊 位置: 4h=76.19% | 12h=87.34% | 24h=90.65% | 48h=90.65%
2025-12-25 03:17:58,501 - INFO -   [23/27] 采集 CFX-USDT-SWAP...
2025-12-25 03:17:58,737 - INFO -     💰 当前价格: $0.07613
2025-12-25 03:17:58,738 - INFO -     📊 位置: 4h=48.64% | 12h=70.68% | 24h=77.26% | 48h=77.26%
2025-12-25 03:17:59,238 - INFO -   [24/27] 采集 CRV-USDT-SWAP...
2025-12-25 03:17:59,467 - INFO -     💰 当前价格: $0.3828
2025-12-25 03:17:59,467 - INFO -     📊 位置: 4h=82.18% | 12h=79.13% | 24h=89.66% | 48h=90.0%
2025-12-25 03:17:59,968 - INFO -   [25/27] 采集 STX-USDT-SWAP...
2025-12-25 03:18:00,215 - INFO -     💰 当前价格: $0.2504
2025-12-25 03:18:00,215 - INFO -     📊 位置: 4h=75.0% | 12h=87.01% | 24h=93.42% | 48h=93.42%
2025-12-25 03:18:00,716 - INFO -   [26/27] 采集 LDO-USDT-SWAP...
2025-12-25 03:18:00,946 - INFO -     💰 当前价格: $0.5469
2025-12-25 03:18:00,947 - INFO -     📊 位置: 4h=69.39% | 12h=82.0% | 24h=87.87% | 48h=87.87%
2025-12-25 03:18:01,447 - INFO -   [27/27] 采集 TAO-USDT-SWAP...
2025-12-25 03:18:01,679 - INFO -     💰 当前价格: $222.4
2025-12-25 03:18:01,679 - INFO -     📊 位置: 4h=83.05% | 12h=90.29% | 24h=94.22% | 48h=94.22%
2025-12-25 03:18:02,186 - INFO - 💾 数据保存成功: 27 个币种
2025-12-25 03:18:02,191 - INFO - 📊 统计数据保存成功:
2025-12-25 03:18:02,191 - INFO -     4h低于1%: 0/27
2025-12-25 03:18:02,191 - INFO -    12h低于1%: 0/27
2025-12-25 03:18:02,191 - INFO -    24h低于1%: 0/27
2025-12-25 03:18:02,191 - INFO -    48h低于1%: 0/27
2025-12-25 03:18:02,192 - INFO - ✅ 数据采集完成: 成功 27/27
2025-12-25 03:18:02,192 - INFO - 🚀 位置系统采集器启动，采集间隔: 300秒
2025-12-25 03:18:02,192 - INFO - 📊 开始采集位置系统数据...
2025-12-25 03:18:02,192 - INFO - 📋 币种列表: 27 个币种
2025-12-25 03:18:02,192 - INFO -   [1/27] 采集 BTC-USDT-SWAP...
2025-12-25 03:18:02,414 - INFO -     💰 当前价格: $87768.5
2025-12-25 03:18:02,414 - INFO -     📊 位置: 4h=63.14% | 12h=77.16% | 24h=84.21% | 48h=71.53%
2025-12-25 03:18:02,915 - INFO -   [2/27] 采集 ETH-USDT-SWAP...
2025-12-25 03:18:03,147 - INFO -     💰 当前价格: $2946.39
2025-12-25 03:18:03,147 - INFO -     📊 位置: 4h=54.09% | 12h=61.65% | 24h=78.55% | 48h=53.39%
2025-12-25 03:18:03,647 - INFO -   [3/27] 采集 XRP-USDT-SWAP...
2025-12-25 03:18:03,878 - INFO -     💰 当前价格: $1.8668
2025-12-25 03:18:03,879 - INFO -     📊 位置: 4h=69.51% | 12h=78.72% | 24h=75.12% | 48h=45.1%
2025-12-25 03:18:04,379 - INFO -   [4/27] 采集 BNB-USDT-SWAP...
2025-12-25 03:18:04,609 - INFO -     💰 当前价格: $844.6
2025-12-25 03:18:04,610 - INFO -     📊 位置: 4h=12.5% | 12h=51.46% | 24h=66.67% | 48h=44.64%
2025-12-25 03:18:05,110 - INFO -   [5/27] 采集 SOL-USDT-SWAP...
2025-12-25 03:18:05,346 - INFO -     💰 当前价格: $122.83
2025-12-25 03:18:05,347 - INFO -     📊 位置: 4h=75.47% | 12h=65.12% | 24h=79.38% | 48h=41.92%
2025-12-25 03:18:05,847 - INFO -   [6/27] 采集 LTC-USDT-SWAP...
2025-12-25 03:18:06,084 - INFO -     💰 当前价格: $76.16
2025-12-25 03:18:06,084 - INFO -     📊 位置: 4h=85.0% | 12h=87.23% | 24h=59.41% | 48h=36.33%
2025-12-25 03:18:06,584 - INFO -   [7/27] 采集 DOGE-USDT-SWAP...
2025-12-25 03:18:06,819 - INFO -     💰 当前价格: $0.12871
2025-12-25 03:18:06,819 - INFO -     📊 位置: 4h=74.78% | 12h=61.96% | 24h=76.97% | 48h=35.29%
2025-12-25 03:18:07,319 - INFO -   [8/27] 采集 SUI-USDT-SWAP...
2025-12-25 03:18:07,558 - INFO -     💰 当前价格: $1.4171
2025-12-25 03:18:07,558 - INFO -     📊 位置: 4h=70.07% | 12h=50.0% | 24h=73.46% | 48h=42.9%
2025-12-25 03:18:08,059 - INFO -   [9/27] 采集 TRX-USDT-SWAP...
2025-12-25 03:18:08,299 - INFO -     💰 当前价格: $0.28026
2025-12-25 03:18:08,299 - INFO -     📊 位置: 4h=42.2% | 12h=42.35% | 24h=28.86% | 48h=24.45%
2025-12-25 03:18:08,800 - INFO -   [10/27] 采集 TON-USDT-SWAP...
2025-12-25 03:18:09,051 - INFO -     💰 当前价格: $1.517
2025-12-25 03:18:09,051 - INFO -     📊 位置: 4h=93.1% | 12h=95.45% | 24h=97.1% | 48h=97.44%
2025-12-25 03:18:09,552 - INFO -   [11/27] 采集 ETC-USDT-SWAP...
2025-12-25 03:18:09,795 - INFO -     💰 当前价格: $12.09
2025-12-25 03:18:09,795 - INFO -     📊 位置: 4h=75.0% | 12h=83.33% | 24h=88.57% | 48h=73.81%
2025-12-25 03:18:10,295 - INFO -   [12/27] 采集 BCH-USDT-SWAP...
2025-12-25 03:18:10,525 - INFO -     💰 当前价格: $571.7
2025-12-25 03:18:10,525 - INFO -     📊 位置: 4h=70.89% | 12h=78.9% | 24h=49.14% | 48h=32.21%
2025-12-25 03:18:11,025 - INFO -   [13/27] 采集 HBAR-USDT-SWAP...
2025-12-25 03:18:11,263 - INFO -     💰 当前价格: $0.11048
2025-12-25 03:18:11,263 - INFO -     📊 位置: 4h=84.13% | 12h=85.53% | 24h=84.04% | 48h=50.64%
2025-12-25 03:18:11,764 - INFO -   [14/27] 采集 XLM-USDT-SWAP...
2025-12-25 03:18:12,000 - INFO -     💰 当前价格: $0.21432
2025-12-25 03:18:12,000 - INFO -     📊 位置: 4h=97.97% | 12h=83.51% | 24h=56.78% | 48h=36.47%
2025-12-25 03:18:12,501 - INFO -   [15/27] 采集 FIL-USDT-SWAP...
2025-12-25 03:18:12,738 - INFO -     💰 当前价格: $1.284
2025-12-25 03:18:12,738 - INFO -     📊 位置: 4h=75.0% | 12h=76.92% | 24h=62.86% | 48h=24.44%
2025-12-25 03:18:13,238 - INFO -   [16/27] 采集 LINK-USDT-SWAP...
2025-12-25 03:18:13,473 - INFO -     💰 当前价格: $12.318
2025-12-25 03:18:13,473 - INFO -     📊 位置: 4h=71.53% | 12h=78.46% | 24h=85.26% | 48h=61.36%
2025-12-25 03:18:13,973 - INFO -   [17/27] 采集 CRO-USDT-SWAP...
2025-12-25 03:18:14,206 - INFO -     💰 当前价格: $0.09398
2025-12-25 03:18:14,206 - INFO -     📊 位置: 4h=89.1% | 12h=91.19% | 24h=91.19% | 48h=48.89%
2025-12-25 03:18:14,706 - INFO -   [18/27] 采集 DOT-USDT-SWAP...
2025-12-25 03:18:14,939 - INFO -     💰 当前价格: $1.745
2025-12-25 03:18:14,939 - INFO -     📊 位置: 4h=72.73% | 12h=83.78% | 24h=77.36% | 48h=50.0%
2025-12-25 03:18:15,439 - INFO -   [19/27] 采集 AAVE-USDT-SWAP...
2025-12-25 03:18:15,674 - INFO -     💰 当前价格: $150.4
2025-12-25 03:18:15,674 - INFO -     📊 位置: 4h=72.43% | 12h=75.65% | 24h=81.35% | 48h=44.42%
2025-12-25 03:18:16,175 - INFO -   [20/27] 采集 UNI-USDT-SWAP...
2025-12-25 03:18:16,405 - INFO -     💰 当前价格: $5.822
2025-12-25 03:18:16,405 - INFO -     📊 位置: 4h=63.64% | 12h=54.41% | 24h=79.19% | 48h=45.12%
2025-12-25 03:18:16,906 - INFO -   [21/27] 采集 NEAR-USDT-SWAP...
2025-12-25 03:18:17,127 - INFO -     💰 当前价格: $1.486
2025-12-25 03:18:17,127 - INFO -     📊 位置: 4h=69.39% | 12h=74.58% | 24h=77.94% | 48h=54.64%
2025-12-25 03:18:17,628 - INFO -   [22/27] 采集 APT-USDT-SWAP...
2025-12-25 03:18:17,854 - INFO -     💰 当前价格: $1.65
2025-12-25 03:18:17,855 - INFO -     📊 位置: 4h=78.57% | 12h=88.61% | 24h=91.59% | 48h=91.59%
2025-12-25 03:18:18,355 - INFO -   [23/27] 采集 CFX-USDT-SWAP...
2025-12-25 03:18:18,589 - INFO -     💰 当前价格: $0.07578
2025-12-25 03:18:18,589 - INFO -     📊 位置: 4h=41.34% | 12h=66.51% | 24h=74.03% | 48h=74.03%
2025-12-25 03:18:19,089 - INFO -   [24/27] 采集 CRV-USDT-SWAP...
2025-12-25 03:18:19,322 - INFO -     💰 当前价格: $0.383
2025-12-25 03:18:19,322 - INFO -     📊 位置: 4h=84.16% | 12h=80.87% | 24h=90.52% | 48h=90.83%
2025-12-25 03:18:19,823 - INFO -   [25/27] 采集 STX-USDT-SWAP...
2025-12-25 03:18:20,056 - INFO -     💰 当前价格: $0.2504
2025-12-25 03:18:20,056 - INFO -     📊 位置: 4h=75.0% | 12h=87.01% | 24h=93.42% | 48h=93.42%
2025-12-25 03:18:20,557 - INFO -   [26/27] 采集 LDO-USDT-SWAP...
2025-12-25 03:18:20,792 - INFO -     💰 当前价格: $0.547
2025-12-25 03:18:20,792 - INFO -     📊 位置: 4h=70.07% | 12h=82.4% | 24h=88.14% | 48h=88.14%
2025-12-25 03:18:21,293 - INFO -   [27/27] 采集 TAO-USDT-SWAP...
2025-12-25 03:18:21,530 - INFO -     💰 当前价格: $222.5
2025-12-25 03:18:21,530 - INFO -     📊 位置: 4h=84.75% | 12h=91.26% | 24h=94.8% | 48h=94.8%
2025-12-25 03:18:22,037 - INFO - 💾 数据保存成功: 27 个币种
2025-12-25 03:18:22,042 - INFO - 📊 统计数据保存成功:
2025-12-25 03:18:22,042 - INFO -     4h低于1%: 0/27
2025-12-25 03:18:22,042 - INFO -    12h低于1%: 0/27
2025-12-25 03:18:22,043 - INFO -    24h低于1%: 0/27
2025-12-25 03:18:22,043 - INFO -    48h低于1%: 0/27
2025-12-25 03:18:22,043 - INFO - ✅ 数据采集完成: 成功 27/27
2025-12-25 03:18:22,043 - INFO - ⏳ 等待 300 秒后进行下一次采集...

2025-12-25 03:22:42,661 - INFO - ⛔ 收到停止信号，退出采集器
2025-12-25 03:22:42,996 - INFO - ✅ 数据库初始化完成
2025-12-25 03:22:42,997 - INFO - 📊 开始采集位置系统数据...
2025-12-25 03:22:42,997 - INFO - 📋 币种列表: 27 个币种
2025-12-25 03:22:43,007 - INFO -   [1/27] 采集 BTC-USDT-SWAP...
2025-12-25 03:22:43,231 - INFO -     💰 当前价格: $87852.0
2025-12-25 03:22:43,231 - INFO -     📊 位置: 4h=81.11% | 12h=84.33% | 24h=89.17% | 48h=75.74%
2025-12-25 03:22:43,732 - INFO -   [2/27] 采集 ETH-USDT-SWAP...
2025-12-25 03:22:43,967 - INFO -     💰 当前价格: $2948.69
2025-12-25 03:22:43,967 - INFO -     📊 位置: 4h=65.07% | 12h=67.01% | 24h=81.54% | 48h=55.43%
2025-12-25 03:22:44,468 - INFO -   [3/27] 采集 XRP-USDT-SWAP...
2025-12-25 03:22:44,709 - INFO -     💰 当前价格: $1.8722
2025-12-25 03:22:44,709 - INFO -     📊 位置: 4h=98.82% | 12h=99.17% | 24h=88.29% | 48h=53.0%
2025-12-25 03:22:45,209 - INFO -   [4/27] 采集 BNB-USDT-SWAP...
2025-12-25 03:22:45,438 - INFO -     💰 当前价格: $845.5
2025-12-25 03:22:45,438 - INFO -     📊 位置: 4h=40.62% | 12h=60.19% | 24h=72.67% | 48h=48.66%
2025-12-25 03:22:45,939 - INFO -   [5/27] 采集 SOL-USDT-SWAP...
2025-12-25 03:22:46,162 - INFO -     💰 当前价格: $123.02
2025-12-25 03:22:46,162 - INFO -     📊 位置: 4h=93.4% | 12h=76.16% | 24h=85.91% | 48h=45.37%
2025-12-25 03:22:46,663 - INFO -   [6/27] 采集 LTC-USDT-SWAP...
2025-12-25 03:22:46,898 - INFO -     💰 当前价格: $76.41
2025-12-25 03:22:46,899 - INFO -     📊 位置: 4h=97.89% | 12h=98.17% | 24h=74.12% | 48h=45.32%
2025-12-25 03:22:47,399 - INFO -   [7/27] 采集 DOGE-USDT-SWAP...
2025-12-25 03:22:47,629 - INFO -     💰 当前价格: $0.12892
2025-12-25 03:22:47,629 - INFO -     📊 位置: 4h=88.43% | 12h=73.37% | 24h=83.88% | 48h=38.46%
2025-12-25 03:22:48,129 - INFO -   [8/27] 采集 SUI-USDT-SWAP...
2025-12-25 03:22:48,364 - INFO -     💰 当前价格: $1.4208
2025-12-25 03:22:48,364 - INFO -     📊 位置: 4h=95.0% | 12h=67.13% | 24h=82.56% | 48h=48.21%
2025-12-25 03:22:48,865 - INFO -   [9/27] 采集 TRX-USDT-SWAP...
2025-12-25 03:22:49,102 - INFO -     💰 当前价格: $0.28022
2025-12-25 03:22:49,102 - INFO -     📊 位置: 4h=38.53% | 12h=41.18% | 24h=28.06% | 48h=23.77%
2025-12-25 03:22:49,603 - INFO -   [10/27] 采集 TON-USDT-SWAP...
2025-12-25 03:22:49,840 - INFO -     💰 当前价格: $1.52
2025-12-25 03:22:49,841 - INFO -     📊 位置: 4h=93.75% | 12h=95.74% | 24h=97.22% | 48h=97.53%
2025-12-25 03:22:50,341 - INFO -   [11/27] 采集 ETC-USDT-SWAP...
2025-12-25 03:22:50,574 - INFO -     💰 当前价格: $12.12
2025-12-25 03:22:50,574 - INFO -     📊 位置: 4h=93.75% | 12h=95.83% | 24h=97.14% | 48h=80.95%
2025-12-25 03:22:51,075 - INFO -   [12/27] 采集 BCH-USDT-SWAP...
2025-12-25 03:22:51,307 - INFO -     💰 当前价格: $571.9
2025-12-25 03:22:51,307 - INFO -     📊 位置: 4h=73.42% | 12h=80.73% | 24h=50.29% | 48h=32.96%
2025-12-25 03:22:51,807 - INFO -   [13/27] 采集 HBAR-USDT-SWAP...
2025-12-25 03:22:52,046 - INFO -     💰 当前价格: $0.11071
2025-12-25 03:22:52,047 - INFO -     📊 位置: 4h=95.19% | 12h=95.61% | 24h=92.2% | 48h=55.56%
2025-12-25 03:22:52,547 - INFO -   [14/27] 采集 XLM-USDT-SWAP...
2025-12-25 03:22:52,780 - INFO -     💰 当前价格: $0.21514
2025-12-25 03:22:52,780 - INFO -     📊 位置: 4h=98.41% | 12h=98.51% | 24h=71.61% | 48h=45.99%
2025-12-25 03:22:53,281 - INFO -   [15/27] 采集 FIL-USDT-SWAP...
2025-12-25 03:22:53,502 - INFO -     💰 当前价格: $1.288
2025-12-25 03:22:53,503 - INFO -     📊 位置: 4h=91.67% | 12h=92.31% | 24h=74.29% | 48h=28.89%
2025-12-25 03:22:54,003 - INFO -   [16/27] 采集 LINK-USDT-SWAP...
2025-12-25 03:22:54,236 - INFO -     💰 当前价格: $12.34
2025-12-25 03:22:54,236 - INFO -     📊 位置: 4h=87.59% | 12h=86.92% | 24h=91.05% | 48h=65.53%
2025-12-25 03:22:54,737 - INFO -   [17/27] 采集 CRO-USDT-SWAP...
2025-12-25 03:22:54,973 - INFO -     💰 当前价格: $0.09417
2025-12-25 03:22:54,974 - INFO -     📊 位置: 4h=98.75% | 12h=98.98% | 24h=98.98% | 48h=54.17%
2025-12-25 03:22:55,474 - INFO -   [18/27] 采集 DOT-USDT-SWAP...
2025-12-25 03:22:55,709 - INFO -     💰 当前价格: $1.748
2025-12-25 03:22:55,709 - INFO -     📊 位置: 4h=86.36% | 12h=91.89% | 24h=83.02% | 48h=53.66%
2025-12-25 03:22:56,209 - INFO -   [19/27] 采集 AAVE-USDT-SWAP...
2025-12-25 03:22:56,444 - INFO -     💰 当前价格: $150.28
2025-12-25 03:22:56,445 - INFO -     📊 位置: 4h=68.91% | 12h=72.54% | 24h=78.97% | 48h=43.12%
2025-12-25 03:22:56,945 - INFO -   [20/27] 采集 UNI-USDT-SWAP...
2025-12-25 03:22:57,172 - INFO -     💰 当前价格: $5.834
2025-12-25 03:22:57,172 - INFO -     📊 位置: 4h=75.76% | 12h=63.24% | 24h=83.22% | 48h=47.42%
2025-12-25 03:22:57,673 - INFO -   [21/27] 采集 NEAR-USDT-SWAP...
2025-12-25 03:22:57,904 - INFO -     💰 当前价格: $1.489
2025-12-25 03:22:57,905 - INFO -     📊 位置: 4h=75.51% | 12h=79.66% | 24h=82.35% | 48h=57.73%
2025-12-25 03:22:58,405 - INFO -   [22/27] 采集 APT-USDT-SWAP...
2025-12-25 03:22:58,643 - INFO -     💰 当前价格: $1.651
2025-12-25 03:22:58,643 - INFO -     📊 位置: 4h=80.95% | 12h=89.87% | 24h=92.52% | 48h=92.52%
2025-12-25 03:22:59,144 - INFO -   [23/27] 采集 CFX-USDT-SWAP...
2025-12-25 03:22:59,382 - INFO -     💰 当前价格: $0.07589
2025-12-25 03:22:59,382 - INFO -     📊 位置: 4h=43.63% | 12h=67.82% | 24h=75.05% | 48h=75.05%
2025-12-25 03:22:59,882 - INFO -   [24/27] 采集 CRV-USDT-SWAP...
2025-12-25 03:23:00,116 - INFO -     💰 当前价格: $0.383
2025-12-25 03:23:00,117 - INFO -     📊 位置: 4h=84.16% | 12h=80.87% | 24h=90.52% | 48h=90.83%
2025-12-25 03:23:00,617 - INFO -   [25/27] 采集 STX-USDT-SWAP...
2025-12-25 03:23:00,841 - INFO -     💰 当前价格: $0.251
2025-12-25 03:23:00,841 - INFO -     📊 位置: 4h=90.0% | 12h=94.81% | 24h=97.37% | 48h=97.37%
2025-12-25 03:23:01,341 - INFO -   [26/27] 采集 LDO-USDT-SWAP...
2025-12-25 03:23:01,600 - INFO -     💰 当前价格: $0.5479
2025-12-25 03:23:01,600 - INFO -     📊 位置: 4h=76.19% | 12h=86.0% | 24h=90.57% | 48h=90.57%
2025-12-25 03:23:02,100 - INFO -   [27/27] 采集 TAO-USDT-SWAP...
2025-12-25 03:23:02,345 - INFO -     💰 当前价格: $222.8
2025-12-25 03:23:02,345 - INFO -     📊 位置: 4h=89.83% | 12h=94.17% | 24h=96.53% | 48h=96.53%
2025-12-25 03:23:02,852 - INFO - 💾 数据保存成功: 27 个币种
2025-12-25 03:23:02,857 - INFO - 📊 统计数据保存成功:
2025-12-25 03:23:02,857 - INFO -     4h低于1%: 0/27
2025-12-25 03:23:02,857 - INFO -    12h低于1%: 0/27
2025-12-25 03:23:02,857 - INFO -    24h低于1%: 0/27
2025-12-25 03:23:02,858 - INFO -    48h低于1%: 0/27
2025-12-25 03:23:02,858 - INFO - ✅ 数据采集完成: 成功 27/27
2025-12-25 03:23:02,858 - INFO - 🚀 位置系统采集器启动，采集间隔: 300秒
2025-12-25 03:23:02,858 - INFO - 📊 开始采集位置系统数据...
2025-12-25 03:23:02,858 - INFO - 📋 币种列表: 27 个币种
2025-12-25 03:23:02,858 - INFO -   [1/27] 采集 BTC-USDT-SWAP...
2025-12-25 03:23:03,106 - INFO -     💰 当前价格: $87829.6
2025-12-25 03:23:03,107 - INFO -     📊 位置: 4h=76.29% | 12h=82.41% | 24h=87.84% | 48h=74.61%
2025-12-25 03:23:03,607 - INFO -   [2/27] 采集 ETH-USDT-SWAP...
2025-12-25 03:23:03,840 - INFO -     💰 当前价格: $2947.74
2025-12-25 03:23:03,840 - INFO -     📊 位置: 4h=60.54% | 12h=64.79% | 24h=80.31% | 48h=54.58%
2025-12-25 03:23:04,340 - INFO -   [3/27] 采集 XRP-USDT-SWAP...
2025-12-25 03:23:04,570 - INFO -     💰 当前价格: $1.8728
2025-12-25 03:23:04,571 - INFO -     📊 位置: 4h=100.0% | 12h=100.0% | 24h=89.76% | 48h=53.88%
2025-12-25 03:23:05,071 - INFO -   [4/27] 采集 BNB-USDT-SWAP...
2025-12-25 03:23:05,314 - INFO -     💰 当前价格: $845.4
2025-12-25 03:23:05,315 - INFO -     📊 位置: 4h=37.5% | 12h=59.22% | 24h=72.0% | 48h=48.21%
2025-12-25 03:23:05,815 - INFO -   [5/27] 采集 SOL-USDT-SWAP...
2025-12-25 03:23:06,064 - INFO -     💰 当前价格: $122.98
2025-12-25 03:23:06,064 - INFO -     📊 位置: 4h=89.62% | 12h=73.84% | 24h=84.54% | 48h=44.65%
2025-12-25 03:23:06,565 - INFO -   [6/27] 采集 LTC-USDT-SWAP...
2025-12-25 03:23:06,801 - INFO -     💰 当前价格: $76.38
2025-12-25 03:23:06,801 - INFO -     📊 位置: 4h=94.74% | 12h=95.41% | 24h=72.35% | 48h=44.24%
2025-12-25 03:23:07,302 - INFO -   [7/27] 采集 DOGE-USDT-SWAP...
2025-12-25 03:23:07,540 - INFO -     💰 当前价格: $0.12891
2025-12-25 03:23:07,540 - INFO -     📊 位置: 4h=87.6% | 12h=72.83% | 24h=83.55% | 48h=38.31%
2025-12-25 03:23:08,040 - INFO -   [8/27] 采集 SUI-USDT-SWAP...
2025-12-25 03:23:08,271 - INFO -     💰 当前价格: $1.4208
2025-12-25 03:23:08,272 - INFO -     📊 位置: 4h=95.0% | 12h=67.13% | 24h=82.56% | 48h=48.21%
2025-12-25 03:23:08,772 - INFO -   [9/27] 采集 TRX-USDT-SWAP...
2025-12-25 03:23:09,013 - INFO -     💰 当前价格: $0.28023
2025-12-25 03:23:09,013 - INFO -     📊 位置: 4h=39.45% | 12h=41.47% | 24h=28.26% | 48h=23.94%
2025-12-25 03:23:09,513 - INFO -   [10/27] 采集 TON-USDT-SWAP...
2025-12-25 03:23:09,747 - INFO -     💰 当前价格: $1.521
2025-12-25 03:23:09,747 - INFO -     📊 位置: 4h=96.87% | 12h=97.87% | 24h=98.61% | 48h=98.77%
2025-12-25 03:23:10,248 - INFO -   [11/27] 采集 ETC-USDT-SWAP...
2025-12-25 03:23:10,476 - INFO -     💰 当前价格: $12.12
2025-12-25 03:23:10,476 - INFO -     📊 位置: 4h=93.75% | 12h=95.83% | 24h=97.14% | 48h=80.95%
2025-12-25 03:23:10,976 - INFO -   [12/27] 采集 BCH-USDT-SWAP...
2025-12-25 03:23:11,209 - INFO -     💰 当前价格: $571.7
2025-12-25 03:23:11,210 - INFO -     📊 位置: 4h=70.89% | 12h=78.9% | 24h=49.14% | 48h=32.21%
2025-12-25 03:23:11,710 - INFO -   [13/27] 采集 HBAR-USDT-SWAP...
2025-12-25 03:23:11,942 - INFO -     💰 当前价格: $0.11066
2025-12-25 03:23:11,942 - INFO -     📊 位置: 4h=92.79% | 12h=93.42% | 24h=90.43% | 48h=54.49%
2025-12-25 03:23:12,442 - INFO -   [14/27] 采集 XLM-USDT-SWAP...
2025-12-25 03:23:12,670 - INFO -     💰 当前价格: $0.21514
2025-12-25 03:23:12,670 - INFO -     📊 位置: 4h=98.41% | 12h=98.51% | 24h=71.61% | 48h=45.99%
2025-12-25 03:23:13,170 - INFO -   [15/27] 采集 FIL-USDT-SWAP...
2025-12-25 03:23:13,396 - INFO -     💰 当前价格: $1.288
2025-12-25 03:23:13,397 - INFO -     📊 位置: 4h=91.67% | 12h=92.31% | 24h=74.29% | 48h=28.89%
2025-12-25 03:23:13,897 - INFO -   [16/27] 采集 LINK-USDT-SWAP...
2025-12-25 03:23:14,130 - INFO -     💰 当前价格: $12.338
2025-12-25 03:23:14,131 - INFO -     📊 位置: 4h=86.13% | 12h=86.15% | 24h=90.53% | 48h=65.15%
2025-12-25 03:23:14,631 - INFO -   [17/27] 采集 CRO-USDT-SWAP...
2025-12-25 03:23:14,866 - INFO -     💰 当前价格: $0.09413
2025-12-25 03:23:14,866 - INFO -     📊 位置: 4h=96.25% | 12h=96.95% | 24h=96.95% | 48h=53.06%
2025-12-25 03:23:15,366 - INFO -   [18/27] 采集 DOT-USDT-SWAP...
2025-12-25 03:23:15,616 - INFO -     💰 当前价格: $1.747
2025-12-25 03:23:15,616 - INFO -     📊 位置: 4h=81.82% | 12h=89.19% | 24h=81.13% | 48h=52.44%
2025-12-25 03:23:16,116 - INFO -   [19/27] 采集 AAVE-USDT-SWAP...
2025-12-25 03:23:16,358 - INFO -     💰 当前价格: $150.21
2025-12-25 03:23:16,359 - INFO -     📊 位置: 4h=66.86% | 12h=70.73% | 24h=77.58% | 48h=42.36%
2025-12-25 03:23:16,859 - INFO -   [20/27] 采集 UNI-USDT-SWAP...
2025-12-25 03:23:17,090 - INFO -     💰 当前价格: $5.826
2025-12-25 03:23:17,091 - INFO -     📊 位置: 4h=67.68% | 12h=57.35% | 24h=80.54% | 48h=45.89%
2025-12-25 03:23:17,591 - INFO -   [21/27] 采集 NEAR-USDT-SWAP...
2025-12-25 03:23:17,822 - INFO -     💰 当前价格: $1.487
2025-12-25 03:23:17,822 - INFO -     📊 位置: 4h=71.43% | 12h=76.27% | 24h=79.41% | 48h=55.67%
2025-12-25 03:23:18,323 - INFO -   [22/27] 采集 APT-USDT-SWAP...
2025-12-25 03:23:18,551 - INFO -     💰 当前价格: $1.65
2025-12-25 03:23:18,552 - INFO -     📊 位置: 4h=78.57% | 12h=88.61% | 24h=91.59% | 48h=91.59%
2025-12-25 03:23:19,052 - INFO -   [23/27] 采集 CFX-USDT-SWAP...
2025-12-25 03:23:19,284 - INFO -     💰 当前价格: $0.07589
2025-12-25 03:23:19,284 - INFO -     📊 位置: 4h=43.63% | 12h=67.82% | 24h=75.05% | 48h=75.05%
2025-12-25 03:23:19,784 - INFO -   [24/27] 采集 CRV-USDT-SWAP...
2025-12-25 03:23:20,015 - INFO -     💰 当前价格: $0.3831
2025-12-25 03:23:20,016 - INFO -     📊 位置: 4h=85.15% | 12h=81.74% | 24h=90.95% | 48h=91.25%
2025-12-25 03:23:20,516 - INFO -   [25/27] 采集 STX-USDT-SWAP...
2025-12-25 03:23:20,748 - INFO -     💰 当前价格: $0.2509
2025-12-25 03:23:20,748 - INFO -     📊 位置: 4h=87.5% | 12h=93.51% | 24h=96.71% | 48h=96.71%
2025-12-25 03:23:21,249 - INFO -   [26/27] 采集 LDO-USDT-SWAP...
2025-12-25 03:23:21,485 - INFO -     💰 当前价格: $0.5479
2025-12-25 03:23:21,486 - INFO -     📊 位置: 4h=76.19% | 12h=86.0% | 24h=90.57% | 48h=90.57%
2025-12-25 03:23:21,986 - INFO -   [27/27] 采集 TAO-USDT-SWAP...
2025-12-25 03:23:22,223 - INFO -     💰 当前价格: $222.8
2025-12-25 03:23:22,224 - INFO -     📊 位置: 4h=89.83% | 12h=94.17% | 24h=96.53% | 48h=96.53%
2025-12-25 03:23:22,730 - INFO - 💾 数据保存成功: 27 个币种
2025-12-25 03:23:22,735 - INFO - 📊 统计数据保存成功:
2025-12-25 03:23:22,735 - INFO -     4h低于1%: 0/27
2025-12-25 03:23:22,736 - INFO -    12h低于1%: 0/27
2025-12-25 03:23:22,736 - INFO -    24h低于1%: 0/27
2025-12-25 03:23:22,736 - INFO -    48h低于1%: 0/27
2025-12-25 03:23:22,736 - INFO - ✅ 数据采集完成: 成功 27/27
2025-12-25 03:23:22,736 - INFO - ⏳ 等待 300 秒后进行下一次采集...

2025-12-25 03:27:43,527 - INFO - ⛔ 收到停止信号，退出采集器
2025-12-25 03:27:43,865 - INFO - ✅ 数据库初始化完成
2025-12-25 03:27:43,865 - INFO - 📊 开始采集位置系统数据...
2025-12-25 03:27:43,865 - INFO - 📋 币种列表: 27 个币种
2025-12-25 03:27:43,897 - INFO -   [1/27] 采集 BTC-USDT-SWAP...
2025-12-25 03:27:44,124 - INFO -     💰 当前价格: $87818.8
2025-12-25 03:27:44,124 - INFO -     📊 位置: 4h=73.96% | 12h=81.48% | 24h=87.2% | 48h=74.07%
2025-12-25 03:27:44,624 - INFO -   [2/27] 采集 ETH-USDT-SWAP...
2025-12-25 03:27:44,863 - INFO -     💰 当前价格: $2947.69
2025-12-25 03:27:44,863 - INFO -     📊 位置: 4h=60.3% | 12h=64.68% | 24h=80.24% | 48h=54.54%
2025-12-25 03:27:45,363 - INFO -   [3/27] 采集 XRP-USDT-SWAP...
2025-12-25 03:27:45,600 - INFO -     💰 当前价格: $1.873
2025-12-25 03:27:45,601 - INFO -     📊 位置: 4h=99.44% | 12h=99.6% | 24h=90.24% | 48h=54.17%
2025-12-25 03:27:46,101 - INFO -   [4/27] 采集 BNB-USDT-SWAP...
2025-12-25 03:27:46,339 - INFO -     💰 当前价格: $845.1
2025-12-25 03:27:46,339 - INFO -     📊 位置: 4h=28.12% | 12h=56.31% | 24h=70.0% | 48h=46.88%
2025-12-25 03:27:46,839 - INFO -   [5/27] 采集 SOL-USDT-SWAP...
2025-12-25 03:27:47,075 - INFO -     💰 当前价格: $122.82
2025-12-25 03:27:47,075 - INFO -     📊 位置: 4h=74.53% | 12h=64.53% | 24h=79.04% | 48h=41.74%
2025-12-25 03:27:47,576 - INFO -   [6/27] 采集 LTC-USDT-SWAP...
2025-12-25 03:27:47,810 - INFO -     💰 当前价格: $76.36
2025-12-25 03:27:47,810 - INFO -     📊 位置: 4h=91.67% | 12h=92.73% | 24h=71.18% | 48h=43.53%
2025-12-25 03:27:48,311 - INFO -   [7/27] 采集 DOGE-USDT-SWAP...
2025-12-25 03:27:48,549 - INFO -     💰 当前价格: $0.12875
2025-12-25 03:27:48,549 - INFO -     📊 位置: 4h=74.38% | 12h=64.13% | 24h=78.29% | 48h=35.9%
2025-12-25 03:27:49,049 - INFO -   [8/27] 采集 SUI-USDT-SWAP...
2025-12-25 03:27:49,284 - INFO -     💰 当前价格: $1.4181
2025-12-25 03:27:49,285 - INFO -     📊 位置: 4h=75.71% | 12h=54.63% | 24h=75.92% | 48h=44.33%
2025-12-25 03:27:49,785 - INFO -   [9/27] 采集 TRX-USDT-SWAP...
2025-12-25 03:27:50,012 - INFO -     💰 当前价格: $0.28016
2025-12-25 03:27:50,013 - INFO -     📊 位置: 4h=33.03% | 12h=39.41% | 24h=26.85% | 48h=22.75%
2025-12-25 03:27:50,513 - INFO -   [10/27] 采集 TON-USDT-SWAP...
2025-12-25 03:27:50,747 - INFO -     💰 当前价格: $1.522
2025-12-25 03:27:50,747 - INFO -     📊 位置: 4h=100.0% | 12h=100.0% | 24h=100.0% | 48h=100.0%
2025-12-25 03:27:51,247 - INFO -   [11/27] 采集 ETC-USDT-SWAP...
2025-12-25 03:27:51,487 - INFO -     💰 当前价格: $12.11
2025-12-25 03:27:51,487 - INFO -     📊 位置: 4h=87.5% | 12h=91.67% | 24h=94.29% | 48h=78.57%
2025-12-25 03:27:51,988 - INFO -   [12/27] 采集 BCH-USDT-SWAP...
2025-12-25 03:27:52,229 - INFO -     💰 当前价格: $570.9
2025-12-25 03:27:52,230 - INFO -     📊 位置: 4h=60.76% | 12h=71.56% | 24h=44.57% | 48h=29.21%
2025-12-25 03:27:52,730 - INFO -   [13/27] 采集 HBAR-USDT-SWAP...
2025-12-25 03:27:52,964 - INFO -     💰 当前价格: $0.11057
2025-12-25 03:27:52,964 - INFO -     📊 位置: 4h=88.46% | 12h=89.47% | 24h=87.23% | 48h=52.56%
2025-12-25 03:27:53,465 - INFO -   [14/27] 采集 XLM-USDT-SWAP...
2025-12-25 03:27:53,724 - INFO -     💰 当前价格: $0.2149
2025-12-25 03:27:53,724 - INFO -     📊 位置: 4h=92.04% | 12h=92.54% | 24h=67.27% | 48h=43.21%
2025-12-25 03:27:54,225 - INFO -   [15/27] 采集 FIL-USDT-SWAP...
2025-12-25 03:27:54,463 - INFO -     💰 当前价格: $1.287
2025-12-25 03:27:54,463 - INFO -     📊 位置: 4h=87.5% | 12h=88.46% | 24h=71.43% | 48h=27.78%
2025-12-25 03:27:54,964 - INFO -   [16/27] 采集 LINK-USDT-SWAP...
2025-12-25 03:27:55,203 - INFO -     💰 当前价格: $12.327
2025-12-25 03:27:55,203 - INFO -     📊 位置: 4h=78.1% | 12h=81.92% | 24h=87.63% | 48h=63.07%
2025-12-25 03:27:55,703 - INFO -   [17/27] 采集 CRO-USDT-SWAP...
2025-12-25 03:27:55,929 - INFO -     💰 当前价格: $0.09416
2025-12-25 03:27:55,929 - INFO -     📊 位置: 4h=98.12% | 12h=98.48% | 24h=98.48% | 48h=53.89%
2025-12-25 03:27:56,429 - INFO -   [18/27] 采集 DOT-USDT-SWAP...
2025-12-25 03:27:56,660 - INFO -     💰 当前价格: $1.746
2025-12-25 03:27:56,660 - INFO -     📊 位置: 4h=77.27% | 12h=86.49% | 24h=79.25% | 48h=51.22%
2025-12-25 03:27:57,161 - INFO -   [19/27] 采集 AAVE-USDT-SWAP...
2025-12-25 03:27:57,393 - INFO -     💰 当前价格: $150.22
2025-12-25 03:27:57,393 - INFO -     📊 位置: 4h=67.16% | 12h=70.98% | 24h=77.78% | 48h=42.47%
2025-12-25 03:27:57,894 - INFO -   [20/27] 采集 UNI-USDT-SWAP...
2025-12-25 03:27:58,128 - INFO -     💰 当前价格: $5.823
2025-12-25 03:27:58,128 - INFO -     📊 位置: 4h=64.65% | 12h=55.15% | 24h=79.53% | 48h=45.32%
2025-12-25 03:27:58,628 - INFO -   [21/27] 采集 NEAR-USDT-SWAP...
2025-12-25 03:27:58,866 - INFO -     💰 当前价格: $1.487
2025-12-25 03:27:58,867 - INFO -     📊 位置: 4h=71.43% | 12h=76.27% | 24h=79.41% | 48h=55.67%
2025-12-25 03:27:59,367 - INFO -   [22/27] 采集 APT-USDT-SWAP...
2025-12-25 03:27:59,608 - INFO -     💰 当前价格: $1.651
2025-12-25 03:27:59,608 - INFO -     📊 位置: 4h=80.95% | 12h=89.87% | 24h=92.52% | 48h=92.52%
2025-12-25 03:28:00,108 - INFO -   [23/27] 采集 CFX-USDT-SWAP...
2025-12-25 03:28:00,340 - INFO -     💰 当前价格: $0.07587
2025-12-25 03:28:00,340 - INFO -     📊 位置: 4h=43.22% | 12h=67.58% | 24h=74.86% | 48h=74.86%
2025-12-25 03:28:00,840 - INFO -   [24/27] 采集 CRV-USDT-SWAP...
2025-12-25 03:28:01,080 - INFO -     💰 当前价格: $0.3839
2025-12-25 03:28:01,080 - INFO -     📊 位置: 4h=93.07% | 12h=88.7% | 24h=94.4% | 48h=94.58%
2025-12-25 03:28:01,581 - INFO -   [25/27] 采集 STX-USDT-SWAP...
2025-12-25 03:28:01,811 - INFO -     💰 当前价格: $0.2509
2025-12-25 03:28:01,811 - INFO -     📊 位置: 4h=87.5% | 12h=93.51% | 24h=96.71% | 48h=96.71%
2025-12-25 03:28:02,311 - INFO -   [26/27] 采集 LDO-USDT-SWAP...
2025-12-25 03:28:02,537 - INFO -     💰 当前价格: $0.5482
2025-12-25 03:28:02,537 - INFO -     📊 位置: 4h=78.23% | 12h=87.2% | 24h=91.37% | 48h=91.37%
2025-12-25 03:28:03,037 - INFO -   [27/27] 采集 TAO-USDT-SWAP...
2025-12-25 03:28:03,276 - INFO -     💰 当前价格: $222.8
2025-12-25 03:28:03,276 - INFO -     📊 位置: 4h=86.89% | 12h=92.38% | 24h=95.43% | 48h=95.43%
2025-12-25 03:28:03,784 - INFO - 💾 数据保存成功: 27 个币种
2025-12-25 03:28:03,789 - INFO - 📊 统计数据保存成功:
2025-12-25 03:28:03,790 - INFO -     4h低于1%: 0/27
2025-12-25 03:28:03,790 - INFO -    12h低于1%: 0/27
2025-12-25 03:28:03,790 - INFO -    24h低于1%: 0/27
2025-12-25 03:28:03,790 - INFO -    48h低于1%: 0/27
2025-12-25 03:28:03,790 - INFO - ✅ 数据采集完成: 成功 27/27
2025-12-25 03:28:03,790 - INFO - 🚀 位置系统采集器启动，采集间隔: 300秒
2025-12-25 03:28:03,791 - INFO - 📊 开始采集位置系统数据...
2025-12-25 03:28:03,791 - INFO - 📋 币种列表: 27 个币种
2025-12-25 03:28:03,791 - INFO -   [1/27] 采集 BTC-USDT-SWAP...
2025-12-25 03:28:04,034 - INFO -     💰 当前价格: $87789.7
2025-12-25 03:28:04,034 - INFO -     📊 位置: 4h=67.7% | 12h=78.98% | 24h=85.47% | 48h=72.6%
2025-12-25 03:28:04,534 - INFO -   [2/27] 采集 ETH-USDT-SWAP...
2025-12-25 03:28:04,914 - INFO -     💰 当前价格: $2947.45
2025-12-25 03:28:04,915 - INFO -     📊 位置: 4h=59.15% | 12h=64.12% | 24h=79.93% | 48h=54.33%
2025-12-25 03:28:05,415 - INFO -   [3/27] 采集 XRP-USDT-SWAP...
2025-12-25 03:28:05,649 - INFO -     💰 当前价格: $1.8719
2025-12-25 03:28:05,649 - INFO -     📊 位置: 4h=93.22% | 12h=95.16% | 24h=87.56% | 48h=52.56%
2025-12-25 03:28:06,150 - INFO -   [4/27] 采集 BNB-USDT-SWAP...
2025-12-25 03:28:06,391 - INFO -     💰 当前价格: $844.7
2025-12-25 03:28:06,391 - INFO -     📊 位置: 4h=15.63% | 12h=52.43% | 24h=67.33% | 48h=45.09%
2025-12-25 03:28:06,892 - INFO -   [5/27] 采集 SOL-USDT-SWAP...
2025-12-25 03:28:07,126 - INFO -     💰 当前价格: $122.78
2025-12-25 03:28:07,127 - INFO -     📊 位置: 4h=70.75% | 12h=62.21% | 24h=77.66% | 48h=41.02%
2025-12-25 03:28:07,627 - INFO -   [6/27] 采集 LTC-USDT-SWAP...
2025-12-25 03:28:07,867 - INFO -     💰 当前价格: $76.32
2025-12-25 03:28:07,868 - INFO -     📊 位置: 4h=87.5% | 12h=89.09% | 24h=68.82% | 48h=42.09%
2025-12-25 03:28:08,368 - INFO -   [7/27] 采集 DOGE-USDT-SWAP...
2025-12-25 03:28:08,602 - INFO -     💰 当前价格: $0.12866
2025-12-25 03:28:08,602 - INFO -     📊 位置: 4h=66.94% | 12h=59.24% | 24h=75.33% | 48h=34.54%
2025-12-25 03:28:09,102 - INFO -   [8/27] 采集 SUI-USDT-SWAP...
2025-12-25 03:28:09,358 - INFO -     💰 当前价格: $1.4173
2025-12-25 03:28:09,358 - INFO -     📊 位置: 4h=70.0% | 12h=50.93% | 24h=73.96% | 48h=43.19%
2025-12-25 03:28:09,859 - INFO -   [9/27] 采集 TRX-USDT-SWAP...
2025-12-25 03:28:10,095 - INFO -     💰 当前价格: $0.28016
2025-12-25 03:28:10,095 - INFO -     📊 位置: 4h=33.03% | 12h=39.41% | 24h=26.85% | 48h=22.75%
2025-12-25 03:28:10,595 - INFO -   [10/27] 采集 TON-USDT-SWAP...
2025-12-25 03:28:10,824 - INFO -     💰 当前价格: $1.523
2025-12-25 03:28:10,824 - INFO -     📊 位置: 4h=100.0% | 12h=100.0% | 24h=100.0% | 48h=100.0%
2025-12-25 03:28:11,325 - INFO -   [11/27] 采集 ETC-USDT-SWAP...
2025-12-25 03:28:11,562 - INFO -     💰 当前价格: $12.11
2025-12-25 03:28:11,562 - INFO -     📊 位置: 4h=87.5% | 12h=91.67% | 24h=94.29% | 48h=78.57%
2025-12-25 03:28:12,063 - INFO -   [12/27] 采集 BCH-USDT-SWAP...
2025-12-25 03:28:12,294 - INFO -     💰 当前价格: $570.7
2025-12-25 03:28:12,295 - INFO -     📊 位置: 4h=58.23% | 12h=69.72% | 24h=43.43% | 48h=28.46%
2025-12-25 03:28:12,795 - INFO -   [13/27] 采集 HBAR-USDT-SWAP...
2025-12-25 03:28:13,024 - INFO -     💰 当前价格: $0.11045
2025-12-25 03:28:13,024 - INFO -     📊 位置: 4h=82.69% | 12h=84.21% | 24h=82.98% | 48h=50.0%
2025-12-25 03:28:13,524 - INFO -   [14/27] 采集 XLM-USDT-SWAP...
2025-12-25 03:28:13,757 - INFO -     💰 当前价格: $0.21487
2025-12-25 03:28:13,757 - INFO -     📊 位置: 4h=91.25% | 12h=91.79% | 24h=66.73% | 48h=42.86%
2025-12-25 03:28:14,257 - INFO -   [15/27] 采集 FIL-USDT-SWAP...
2025-12-25 03:28:14,481 - INFO -     💰 当前价格: $1.287
2025-12-25 03:28:14,481 - INFO -     📊 位置: 4h=87.5% | 12h=88.46% | 24h=71.43% | 48h=27.78%
2025-12-25 03:28:14,981 - INFO -   [16/27] 采集 LINK-USDT-SWAP...
2025-12-25 03:28:15,216 - INFO -     💰 当前价格: $12.323
2025-12-25 03:28:15,216 - INFO -     📊 位置: 4h=75.18% | 12h=80.38% | 24h=86.58% | 48h=62.31%
2025-12-25 03:28:15,717 - INFO -   [17/27] 采集 CRO-USDT-SWAP...
2025-12-25 03:28:15,947 - INFO -     💰 当前价格: $0.09406
2025-12-25 03:28:15,947 - INFO -     📊 位置: 4h=91.88% | 12h=93.4% | 24h=93.4% | 48h=51.11%
2025-12-25 03:28:16,447 - INFO -   [18/27] 采集 DOT-USDT-SWAP...
2025-12-25 03:28:16,681 - INFO -     💰 当前价格: $1.745
2025-12-25 03:28:16,681 - INFO -     📊 位置: 4h=72.73% | 12h=83.78% | 24h=77.36% | 48h=50.0%
2025-12-25 03:28:17,181 - INFO -   [19/27] 采集 AAVE-USDT-SWAP...
2025-12-25 03:28:17,414 - INFO -     💰 当前价格: $150.22
2025-12-25 03:28:17,415 - INFO -     📊 位置: 4h=67.16% | 12h=70.98% | 24h=77.78% | 48h=42.47%
2025-12-25 03:28:17,915 - INFO -   [20/27] 采集 UNI-USDT-SWAP...
2025-12-25 03:28:18,148 - INFO -     💰 当前价格: $5.821
2025-12-25 03:28:18,149 - INFO -     📊 位置: 4h=62.63% | 12h=53.68% | 24h=78.86% | 48h=44.93%
2025-12-25 03:28:18,649 - INFO -   [21/27] 采集 NEAR-USDT-SWAP...
2025-12-25 03:28:18,885 - INFO -     💰 当前价格: $1.487
2025-12-25 03:28:18,885 - INFO -     📊 位置: 4h=71.43% | 12h=76.27% | 24h=79.41% | 48h=55.67%
2025-12-25 03:28:19,385 - INFO -   [22/27] 采集 APT-USDT-SWAP...
2025-12-25 03:28:19,621 - INFO -     💰 当前价格: $1.65
2025-12-25 03:28:19,622 - INFO -     📊 位置: 4h=78.57% | 12h=88.61% | 24h=91.59% | 48h=91.59%
2025-12-25 03:28:20,122 - INFO -   [23/27] 采集 CFX-USDT-SWAP...
2025-12-25 03:28:20,359 - INFO -     💰 当前价格: $0.07588
2025-12-25 03:28:20,359 - INFO -     📊 位置: 4h=43.42% | 12h=67.7% | 24h=74.95% | 48h=74.95%
2025-12-25 03:28:20,859 - INFO -   [24/27] 采集 CRV-USDT-SWAP...
2025-12-25 03:28:21,100 - INFO -     💰 当前价格: $0.3837
2025-12-25 03:28:21,100 - INFO -     📊 位置: 4h=91.09% | 12h=86.96% | 24h=93.53% | 48h=93.75%
2025-12-25 03:28:21,600 - INFO -   [25/27] 采集 STX-USDT-SWAP...
2025-12-25 03:28:21,844 - INFO -     💰 当前价格: $0.2509
2025-12-25 03:28:21,845 - INFO -     📊 位置: 4h=87.5% | 12h=93.51% | 24h=96.71% | 48h=96.71%
2025-12-25 03:28:22,345 - INFO -   [26/27] 采集 LDO-USDT-SWAP...
2025-12-25 03:28:22,582 - INFO -     💰 当前价格: $0.5482
2025-12-25 03:28:22,583 - INFO -     📊 位置: 4h=78.23% | 12h=87.2% | 24h=91.37% | 48h=91.37%
2025-12-25 03:28:23,083 - INFO -   [27/27] 采集 TAO-USDT-SWAP...
2025-12-25 03:28:23,315 - INFO -     💰 当前价格: $222.9
2025-12-25 03:28:23,315 - INFO -     📊 位置: 4h=88.52% | 12h=93.33% | 24h=96.0% | 48h=96.0%
2025-12-25 03:28:23,822 - INFO - 💾 数据保存成功: 27 个币种
2025-12-25 03:28:23,827 - INFO - 📊 统计数据保存成功:
2025-12-25 03:28:23,828 - INFO -     4h低于1%: 0/27
2025-12-25 03:28:23,828 - INFO -    12h低于1%: 0/27
2025-12-25 03:28:23,828 - INFO -    24h低于1%: 0/27
2025-12-25 03:28:23,828 - INFO -    48h低于1%: 0/27
2025-12-25 03:28:23,828 - INFO - ✅ 数据采集完成: 成功 27/27
2025-12-25 03:28:23,828 - INFO - ⏳ 等待 300 秒后进行下一次采集...

2025-12-25 03:32:44,399 - INFO - ⛔ 收到停止信号，退出采集器
2025-12-25 03:32:44,785 - INFO - ✅ 数据库初始化完成
2025-12-25 03:32:44,785 - INFO - 📊 开始采集位置系统数据...
2025-12-25 03:32:44,785 - INFO - 📋 币种列表: 27 个币种
2025-12-25 03:32:44,796 - INFO -   [1/27] 采集 BTC-USDT-SWAP...
2025-12-25 03:32:45,036 - INFO -     💰 当前价格: $87767.0
2025-12-25 03:32:45,036 - INFO -     📊 位置: 4h=62.81% | 12h=77.03% | 24h=84.12% | 48h=71.46%
2025-12-25 03:32:45,536 - INFO -   [2/27] 采集 ETH-USDT-SWAP...
2025-12-25 03:32:45,775 - INFO -     💰 当前价格: $2945.41
2025-12-25 03:32:45,775 - INFO -     📊 位置: 4h=49.4% | 12h=59.37% | 24h=77.27% | 48h=52.52%
2025-12-25 03:32:46,275 - INFO -   [3/27] 采集 XRP-USDT-SWAP...
2025-12-25 03:32:46,511 - INFO -     💰 当前价格: $1.8723
2025-12-25 03:32:46,512 - INFO -     📊 位置: 4h=95.48% | 12h=96.77% | 24h=88.54% | 48h=53.15%
2025-12-25 03:32:47,012 - INFO -   [4/27] 采集 BNB-USDT-SWAP...
2025-12-25 03:32:47,249 - INFO -     💰 当前价格: $844.0
2025-12-25 03:32:47,249 - INFO -     📊 位置: 4h=5.56% | 12h=45.63% | 24h=62.67% | 48h=41.96%
2025-12-25 03:32:47,749 - INFO -   [5/27] 采集 SOL-USDT-SWAP...
2025-12-25 03:32:47,989 - INFO -     💰 当前价格: $122.7
2025-12-25 03:32:47,990 - INFO -     📊 位置: 4h=63.21% | 12h=57.56% | 24h=74.91% | 48h=39.56%
2025-12-25 03:32:48,490 - INFO -   [6/27] 采集 LTC-USDT-SWAP...
2025-12-25 03:32:48,722 - INFO -     💰 当前价格: $76.27
2025-12-25 03:32:48,722 - INFO -     📊 位置: 4h=82.29% | 12h=84.55% | 24h=65.88% | 48h=40.29%
2025-12-25 03:32:49,223 - INFO -   [7/27] 采集 DOGE-USDT-SWAP...
2025-12-25 03:32:49,453 - INFO -     💰 当前价格: $0.12862
2025-12-25 03:32:49,453 - INFO -     📊 位置: 4h=63.64% | 12h=57.07% | 24h=74.01% | 48h=33.94%
2025-12-25 03:32:49,954 - INFO -   [8/27] 采集 SUI-USDT-SWAP...
2025-12-25 03:32:50,190 - INFO -     💰 当前价格: $1.4161
2025-12-25 03:32:50,191 - INFO -     📊 位置: 4h=61.43% | 12h=45.37% | 24h=71.01% | 48h=41.46%
2025-12-25 03:32:50,691 - INFO -   [9/27] 采集 TRX-USDT-SWAP...
2025-12-25 03:32:50,926 - INFO -     💰 当前价格: $0.28015
2025-12-25 03:32:50,926 - INFO -     📊 位置: 4h=32.11% | 12h=39.12% | 24h=26.65% | 48h=22.58%
2025-12-25 03:32:51,427 - INFO -   [10/27] 采集 TON-USDT-SWAP...
2025-12-25 03:32:51,667 - INFO -     💰 当前价格: $1.52
2025-12-25 03:32:51,667 - INFO -     📊 位置: 4h=90.91% | 12h=93.75% | 24h=95.89% | 48h=96.34%
2025-12-25 03:32:52,167 - INFO -   [11/27] 采集 ETC-USDT-SWAP...
2025-12-25 03:32:52,410 - INFO -     💰 当前价格: $12.07
2025-12-25 03:32:52,410 - INFO -     📊 位置: 4h=62.5% | 12h=75.0% | 24h=82.86% | 48h=69.05%
2025-12-25 03:32:52,911 - INFO -   [12/27] 采集 BCH-USDT-SWAP...
2025-12-25 03:32:53,141 - INFO -     💰 当前价格: $570.8
2025-12-25 03:32:53,142 - INFO -     📊 位置: 4h=59.49% | 12h=70.64% | 24h=44.0% | 48h=28.84%
2025-12-25 03:32:53,642 - INFO -   [13/27] 采集 HBAR-USDT-SWAP...
2025-12-25 03:32:53,871 - INFO -     💰 当前价格: $0.11029
2025-12-25 03:32:53,871 - INFO -     📊 位置: 4h=75.0% | 12h=77.19% | 24h=77.3% | 48h=46.58%
2025-12-25 03:32:54,372 - INFO -   [14/27] 采集 XLM-USDT-SWAP...
2025-12-25 03:32:54,599 - INFO -     💰 当前价格: $0.21486
2025-12-25 03:32:54,599 - INFO -     📊 位置: 4h=90.98% | 12h=91.54% | 24h=66.55% | 48h=42.74%
2025-12-25 03:32:55,099 - INFO -   [15/27] 采集 FIL-USDT-SWAP...
2025-12-25 03:32:55,329 - INFO -     💰 当前价格: $1.283
2025-12-25 03:32:55,329 - INFO -     📊 位置: 4h=70.83% | 12h=73.08% | 24h=60.0% | 48h=23.33%
2025-12-25 03:32:55,830 - INFO -   [16/27] 采集 LINK-USDT-SWAP...
2025-12-25 03:32:56,054 - INFO -     💰 当前价格: $12.317
2025-12-25 03:32:56,054 - INFO -     📊 位置: 4h=70.8% | 12h=78.08% | 24h=85.0% | 48h=61.17%
2025-12-25 03:32:56,554 - INFO -   [17/27] 采集 CRO-USDT-SWAP...
2025-12-25 03:32:56,791 - INFO -     💰 当前价格: $0.09406
2025-12-25 03:32:56,791 - INFO -     📊 位置: 4h=91.88% | 12h=93.4% | 24h=93.4% | 48h=51.11%
2025-12-25 03:32:57,291 - INFO -   [18/27] 采集 DOT-USDT-SWAP...
2025-12-25 03:32:57,541 - INFO -     💰 当前价格: $1.744
2025-12-25 03:32:57,541 - INFO -     📊 位置: 4h=68.18% | 12h=81.08% | 24h=75.47% | 48h=48.78%
2025-12-25 03:32:58,041 - INFO -   [19/27] 采集 AAVE-USDT-SWAP...
2025-12-25 03:32:58,280 - INFO -     💰 当前价格: $149.88
2025-12-25 03:32:58,280 - INFO -     📊 位置: 4h=57.18% | 12h=62.18% | 24h=71.03% | 48h=38.79%
2025-12-25 03:32:58,780 - INFO -   [20/27] 采集 UNI-USDT-SWAP...
2025-12-25 03:32:59,017 - INFO -     💰 当前价格: $5.819
2025-12-25 03:32:59,017 - INFO -     📊 位置: 4h=60.61% | 12h=52.21% | 24h=78.19% | 48h=44.55%
2025-12-25 03:32:59,517 - INFO -   [21/27] 采集 NEAR-USDT-SWAP...
2025-12-25 03:32:59,749 - INFO -     💰 当前价格: $1.486
2025-12-25 03:32:59,749 - INFO -     📊 位置: 4h=69.39% | 12h=74.58% | 24h=77.94% | 48h=54.64%
2025-12-25 03:33:00,250 - INFO -   [22/27] 采集 APT-USDT-SWAP...
2025-12-25 03:33:00,480 - INFO -     💰 当前价格: $1.65
2025-12-25 03:33:00,481 - INFO -     📊 位置: 4h=78.57% | 12h=88.61% | 24h=91.59% | 48h=91.59%
2025-12-25 03:33:00,981 - INFO -   [23/27] 采集 CFX-USDT-SWAP...
2025-12-25 03:33:01,216 - INFO -     💰 当前价格: $0.07571
2025-12-25 03:33:01,216 - INFO -     📊 位置: 4h=39.87% | 12h=65.67% | 24h=73.38% | 48h=73.38%
2025-12-25 03:33:01,717 - INFO -   [24/27] 采集 CRV-USDT-SWAP...
2025-12-25 03:33:01,951 - INFO -     💰 当前价格: $0.3841
2025-12-25 03:33:01,951 - INFO -     📊 位置: 4h=95.05% | 12h=90.43% | 24h=95.26% | 48h=95.42%
2025-12-25 03:33:02,451 - INFO -   [25/27] 采集 STX-USDT-SWAP...
2025-12-25 03:33:02,687 - INFO -     💰 当前价格: $0.2509
2025-12-25 03:33:02,687 - INFO -     📊 位置: 4h=87.5% | 12h=93.51% | 24h=96.71% | 48h=96.71%
2025-12-25 03:33:03,188 - INFO -   [26/27] 采集 LDO-USDT-SWAP...
2025-12-25 03:33:03,427 - INFO -     💰 当前价格: $0.5482
2025-12-25 03:33:03,427 - INFO -     📊 位置: 4h=78.23% | 12h=87.2% | 24h=91.37% | 48h=91.37%
2025-12-25 03:33:03,927 - INFO -   [27/27] 采集 TAO-USDT-SWAP...
2025-12-25 03:33:04,149 - INFO -     💰 当前价格: $222.8
2025-12-25 03:33:04,150 - INFO -     📊 位置: 4h=86.89% | 12h=92.38% | 24h=95.43% | 48h=95.43%
2025-12-25 03:33:04,658 - INFO - 💾 数据保存成功: 27 个币种
2025-12-25 03:33:04,664 - INFO - 📊 统计数据保存成功:
2025-12-25 03:33:04,664 - INFO -     4h低于1%: 0/27
2025-12-25 03:33:04,664 - INFO -    12h低于1%: 0/27
2025-12-25 03:33:04,665 - INFO -    24h低于1%: 0/27
2025-12-25 03:33:04,665 - INFO -    48h低于1%: 0/27
2025-12-25 03:33:04,665 - INFO - ✅ 数据采集完成: 成功 27/27
2025-12-25 03:33:04,665 - INFO - 🚀 位置系统采集器启动，采集间隔: 300秒
2025-12-25 03:33:04,665 - INFO - 📊 开始采集位置系统数据...
2025-12-25 03:33:04,666 - INFO - 📋 币种列表: 27 个币种
2025-12-25 03:33:04,666 - INFO -   [1/27] 采集 BTC-USDT-SWAP...
2025-12-25 03:33:04,893 - INFO -     💰 当前价格: $87770.2
2025-12-25 03:33:04,894 - INFO -     📊 位置: 4h=63.5% | 12h=77.31% | 24h=84.31% | 48h=71.62%
2025-12-25 03:33:05,394 - INFO -   [2/27] 采集 ETH-USDT-SWAP...
2025-12-25 03:33:05,620 - INFO -     💰 当前价格: $2945.41
2025-12-25 03:33:05,621 - INFO -     📊 位置: 4h=49.4% | 12h=59.37% | 24h=77.27% | 48h=52.52%
2025-12-25 03:33:06,121 - INFO -   [3/27] 采集 XRP-USDT-SWAP...
2025-12-25 03:33:06,360 - INFO -     💰 当前价格: $1.8723
2025-12-25 03:33:06,361 - INFO -     📊 位置: 4h=95.48% | 12h=96.77% | 24h=88.54% | 48h=53.15%
2025-12-25 03:33:06,861 - INFO -   [4/27] 采集 BNB-USDT-SWAP...
2025-12-25 03:33:07,092 - INFO -     💰 当前价格: $844.0
2025-12-25 03:33:07,092 - INFO -     📊 位置: 4h=5.56% | 12h=45.63% | 24h=62.67% | 48h=41.96%
2025-12-25 03:33:07,592 - INFO -   [5/27] 采集 SOL-USDT-SWAP...
2025-12-25 03:33:07,829 - INFO -     💰 当前价格: $122.69
2025-12-25 03:33:07,829 - INFO -     📊 位置: 4h=62.26% | 12h=56.98% | 24h=74.57% | 48h=39.38%
2025-12-25 03:33:08,330 - INFO -   [6/27] 采集 LTC-USDT-SWAP...
2025-12-25 03:33:08,596 - INFO -     💰 当前价格: $76.28
2025-12-25 03:33:08,596 - INFO -     📊 位置: 4h=83.33% | 12h=85.45% | 24h=66.47% | 48h=40.65%
2025-12-25 03:33:09,096 - INFO -   [7/27] 采集 DOGE-USDT-SWAP...
2025-12-25 03:33:09,322 - INFO -     💰 当前价格: $0.12862
2025-12-25 03:33:09,322 - INFO -     📊 位置: 4h=63.64% | 12h=57.07% | 24h=74.01% | 48h=33.94%
2025-12-25 03:33:09,822 - INFO -   [8/27] 采集 SUI-USDT-SWAP...
2025-12-25 03:33:10,060 - INFO -     💰 当前价格: $1.4161
2025-12-25 03:33:10,060 - INFO -     📊 位置: 4h=61.43% | 12h=45.37% | 24h=71.01% | 48h=41.46%
2025-12-25 03:33:10,560 - INFO -   [9/27] 采集 TRX-USDT-SWAP...
2025-12-25 03:33:10,791 - INFO -     💰 当前价格: $0.28016
2025-12-25 03:33:10,791 - INFO -     📊 位置: 4h=33.03% | 12h=39.41% | 24h=26.85% | 48h=22.75%
2025-12-25 03:33:11,291 - INFO -   [10/27] 采集 TON-USDT-SWAP...
2025-12-25 03:33:11,524 - INFO -     💰 当前价格: $1.521
2025-12-25 03:33:11,524 - INFO -     📊 位置: 4h=93.94% | 12h=95.83% | 24h=97.26% | 48h=97.56%
2025-12-25 03:33:12,025 - INFO -   [11/27] 采集 ETC-USDT-SWAP...
2025-12-25 03:33:12,263 - INFO -     💰 当前价格: $12.07
2025-12-25 03:33:12,264 - INFO -     📊 位置: 4h=62.5% | 12h=75.0% | 24h=82.86% | 48h=69.05%
2025-12-25 03:33:12,764 - INFO -   [12/27] 采集 BCH-USDT-SWAP...
2025-12-25 03:33:12,991 - INFO -     💰 当前价格: $570.8
2025-12-25 03:33:12,991 - INFO -     📊 位置: 4h=59.49% | 12h=70.64% | 24h=44.0% | 48h=28.84%
2025-12-25 03:33:13,492 - INFO -   [13/27] 采集 HBAR-USDT-SWAP...
2025-12-25 03:33:13,725 - INFO -     💰 当前价格: $0.11031
2025-12-25 03:33:13,725 - INFO -     📊 位置: 4h=75.96% | 12h=78.07% | 24h=78.01% | 48h=47.01%
2025-12-25 03:33:14,226 - INFO -   [14/27] 采集 XLM-USDT-SWAP...
2025-12-25 03:33:14,456 - INFO -     💰 当前价格: $0.21482
2025-12-25 03:33:14,456 - INFO -     📊 位置: 4h=89.92% | 12h=90.55% | 24h=65.82% | 48h=42.28%
2025-12-25 03:33:14,957 - INFO -   [15/27] 采集 FIL-USDT-SWAP...
2025-12-25 03:33:15,185 - INFO -     💰 当前价格: $1.282
2025-12-25 03:33:15,186 - INFO -     📊 位置: 4h=66.67% | 12h=69.23% | 24h=57.14% | 48h=22.22%
2025-12-25 03:33:15,686 - INFO -   [16/27] 采集 LINK-USDT-SWAP...
2025-12-25 03:33:15,943 - INFO -     💰 当前价格: $12.317
2025-12-25 03:33:15,944 - INFO -     📊 位置: 4h=70.8% | 12h=78.08% | 24h=85.0% | 48h=61.17%
2025-12-25 03:33:16,444 - INFO -   [17/27] 采集 CRO-USDT-SWAP...
2025-12-25 03:33:16,675 - INFO -     💰 当前价格: $0.09415
2025-12-25 03:33:16,675 - INFO -     📊 位置: 4h=97.5% | 12h=97.97% | 24h=97.97% | 48h=53.61%
2025-12-25 03:33:17,176 - INFO -   [18/27] 采集 DOT-USDT-SWAP...
2025-12-25 03:33:17,407 - INFO -     💰 当前价格: $1.745
2025-12-25 03:33:17,407 - INFO -     📊 位置: 4h=72.73% | 12h=83.78% | 24h=77.36% | 48h=50.0%
2025-12-25 03:33:17,908 - INFO -   [19/27] 采集 AAVE-USDT-SWAP...
2025-12-25 03:33:18,135 - INFO -     💰 当前价格: $149.9
2025-12-25 03:33:18,135 - INFO -     📊 位置: 4h=57.77% | 12h=62.69% | 24h=71.43% | 48h=39.0%
2025-12-25 03:33:18,635 - INFO -   [20/27] 采集 UNI-USDT-SWAP...
2025-12-25 03:33:18,866 - INFO -     💰 当前价格: $5.82
2025-12-25 03:33:18,866 - INFO -     📊 位置: 4h=61.62% | 12h=52.94% | 24h=78.52% | 48h=44.74%
2025-12-25 03:33:19,367 - INFO -   [21/27] 采集 NEAR-USDT-SWAP...
2025-12-25 03:33:19,610 - INFO -     💰 当前价格: $1.486
2025-12-25 03:33:19,610 - INFO -     📊 位置: 4h=69.39% | 12h=74.58% | 24h=77.94% | 48h=54.64%
2025-12-25 03:33:20,110 - INFO -   [22/27] 采集 APT-USDT-SWAP...
2025-12-25 03:33:20,345 - INFO -     💰 当前价格: $1.649
2025-12-25 03:33:20,345 - INFO -     📊 位置: 4h=76.19% | 12h=87.34% | 24h=90.65% | 48h=90.65%
2025-12-25 03:33:20,846 - INFO -   [23/27] 采集 CFX-USDT-SWAP...
2025-12-25 03:33:21,086 - INFO -     💰 当前价格: $0.07574
2025-12-25 03:33:21,086 - INFO -     📊 位置: 4h=40.5% | 12h=66.03% | 24h=73.66% | 48h=73.66%
2025-12-25 03:33:21,587 - INFO -   [24/27] 采集 CRV-USDT-SWAP...
2025-12-25 03:33:21,819 - INFO -     💰 当前价格: $0.3841
2025-12-25 03:33:21,819 - INFO -     📊 位置: 4h=95.05% | 12h=90.43% | 24h=95.26% | 48h=95.42%
2025-12-25 03:33:22,320 - INFO -   [25/27] 采集 STX-USDT-SWAP...
2025-12-25 03:33:22,670 - INFO -     💰 当前价格: $0.2509
2025-12-25 03:33:22,670 - INFO -     📊 位置: 4h=87.5% | 12h=93.51% | 24h=96.71% | 48h=96.71%
2025-12-25 03:33:23,171 - INFO -   [26/27] 采集 LDO-USDT-SWAP...
2025-12-25 03:33:23,408 - INFO -     💰 当前价格: $0.5482
2025-12-25 03:33:23,408 - INFO -     📊 位置: 4h=78.23% | 12h=87.2% | 24h=91.37% | 48h=91.37%
2025-12-25 03:33:23,908 - INFO -   [27/27] 采集 TAO-USDT-SWAP...
2025-12-25 03:33:24,142 - INFO -     💰 当前价格: $222.8
2025-12-25 03:33:24,142 - INFO -     📊 位置: 4h=86.89% | 12h=92.38% | 24h=95.43% | 48h=95.43%
2025-12-25 03:33:24,648 - INFO - 💾 数据保存成功: 27 个币种
2025-12-25 03:33:24,653 - INFO - 📊 统计数据保存成功:
2025-12-25 03:33:24,654 - INFO -     4h低于1%: 0/27
2025-12-25 03:33:24,654 - INFO -    12h低于1%: 0/27
2025-12-25 03:33:24,654 - INFO -    24h低于1%: 0/27
2025-12-25 03:33:24,654 - INFO -    48h低于1%: 0/27
2025-12-25 03:33:24,654 - INFO - ✅ 数据采集完成: 成功 27/27
2025-12-25 03:33:24,654 - INFO - ⏳ 等待 300 秒后进行下一次采集...

2025-12-25 03:37:45,369 - INFO - ⛔ 收到停止信号，退出采集器
2025-12-25 03:37:45,708 - INFO - ✅ 数据库初始化完成
2025-12-25 03:37:45,708 - INFO - 📊 开始采集位置系统数据...
2025-12-25 03:37:45,708 - INFO - 📋 币种列表: 27 个币种
2025-12-25 03:37:45,718 - INFO -   [1/27] 采集 BTC-USDT-SWAP...
2025-12-25 03:37:45,954 - INFO -     💰 当前价格: $87754.9
2025-12-25 03:37:45,954 - INFO -     📊 位置: 4h=60.21% | 12h=75.99% | 24h=83.41% | 48h=70.85%
2025-12-25 03:37:46,454 - INFO -   [2/27] 采集 ETH-USDT-SWAP...
2025-12-25 03:37:46,696 - INFO -     💰 当前价格: $2944.61
2025-12-25 03:37:46,696 - INFO -     📊 位置: 4h=45.58% | 12h=57.5% | 24h=76.23% | 48h=51.81%
2025-12-25 03:37:47,197 - INFO -   [3/27] 采集 XRP-USDT-SWAP...
2025-12-25 03:37:47,584 - INFO -     💰 当前价格: $1.8719
2025-12-25 03:37:47,584 - INFO -     📊 位置: 4h=93.22% | 12h=95.16% | 24h=87.56% | 48h=52.56%
2025-12-25 03:37:48,085 - INFO -   [4/27] 采集 BNB-USDT-SWAP...
2025-12-25 03:37:48,321 - INFO -     💰 当前价格: $843.8
2025-12-25 03:37:48,321 - INFO -     📊 位置: 4h=0.0% | 12h=43.69% | 24h=61.33% | 48h=41.07%
2025-12-25 03:37:48,822 - INFO -   [5/27] 采集 SOL-USDT-SWAP...
2025-12-25 03:37:49,051 - INFO -     💰 当前价格: $122.65
2025-12-25 03:37:49,051 - INFO -     📊 位置: 4h=58.49% | 12h=54.65% | 24h=73.2% | 48h=38.66%
2025-12-25 03:37:49,552 - INFO -   [6/27] 采集 LTC-USDT-SWAP...
2025-12-25 03:37:49,789 - INFO -     💰 当前价格: $76.31
2025-12-25 03:37:49,789 - INFO -     📊 位置: 4h=86.46% | 12h=88.18% | 24h=68.24% | 48h=41.73%
2025-12-25 03:37:50,290 - INFO -   [7/27] 采集 DOGE-USDT-SWAP...
2025-12-25 03:37:50,518 - INFO -     💰 当前价格: $0.12853
2025-12-25 03:37:50,518 - INFO -     📊 位置: 4h=56.2% | 12h=52.17% | 24h=71.05% | 48h=32.58%
2025-12-25 03:37:51,018 - INFO -   [8/27] 采集 SUI-USDT-SWAP...
2025-12-25 03:37:51,251 - INFO -     💰 当前价格: $1.415
2025-12-25 03:37:51,251 - INFO -     📊 位置: 4h=53.57% | 12h=40.28% | 24h=68.3% | 48h=39.89%
2025-12-25 03:37:51,752 - INFO -   [9/27] 采集 TRX-USDT-SWAP...
2025-12-25 03:37:51,973 - INFO -     💰 当前价格: $0.28008
2025-12-25 03:37:51,974 - INFO -     📊 位置: 4h=25.69% | 12h=37.06% | 24h=25.25% | 48h=21.39%
2025-12-25 03:37:52,474 - INFO -   [10/27] 采集 TON-USDT-SWAP...
2025-12-25 03:37:52,709 - INFO -     💰 当前价格: $1.523
2025-12-25 03:37:52,709 - INFO -     📊 位置: 4h=100.0% | 12h=100.0% | 24h=100.0% | 48h=100.0%
2025-12-25 03:37:53,209 - INFO -   [11/27] 采集 ETC-USDT-SWAP...
2025-12-25 03:37:53,447 - INFO -     💰 当前价格: $12.07
2025-12-25 03:37:53,447 - INFO -     📊 位置: 4h=62.5% | 12h=75.0% | 24h=82.86% | 48h=69.05%
2025-12-25 03:37:53,948 - INFO -   [12/27] 采集 BCH-USDT-SWAP...
2025-12-25 03:37:54,182 - INFO -     💰 当前价格: $570.1
2025-12-25 03:37:54,183 - INFO -     📊 位置: 4h=50.63% | 12h=64.22% | 24h=40.0% | 48h=26.22%
2025-12-25 03:37:54,683 - INFO -   [13/27] 采集 HBAR-USDT-SWAP...
2025-12-25 03:37:54,907 - INFO -     💰 当前价格: $0.11035
2025-12-25 03:37:54,908 - INFO -     📊 位置: 4h=77.88% | 12h=79.82% | 24h=79.43% | 48h=47.86%
2025-12-25 03:37:55,408 - INFO -   [14/27] 采集 XLM-USDT-SWAP...
2025-12-25 03:37:55,635 - INFO -     💰 当前价格: $0.21471
2025-12-25 03:37:55,635 - INFO -     📊 位置: 4h=87.0% | 12h=87.81% | 24h=63.83% | 48h=41.0%
2025-12-25 03:37:56,136 - INFO -   [15/27] 采集 FIL-USDT-SWAP...
2025-12-25 03:37:56,369 - INFO -     💰 当前价格: $1.283
2025-12-25 03:37:56,369 - INFO -     📊 位置: 4h=70.83% | 12h=73.08% | 24h=60.0% | 48h=23.33%
2025-12-25 03:37:56,870 - INFO -   [16/27] 采集 LINK-USDT-SWAP...
2025-12-25 03:37:57,109 - INFO -     💰 当前价格: $12.318
2025-12-25 03:37:57,109 - INFO -     📊 位置: 4h=71.53% | 12h=78.46% | 24h=85.26% | 48h=61.36%
2025-12-25 03:37:57,610 - INFO -   [17/27] 采集 CRO-USDT-SWAP...
2025-12-25 03:37:57,847 - INFO -     💰 当前价格: $0.09405
2025-12-25 03:37:57,848 - INFO -     📊 位置: 4h=91.25% | 12h=92.89% | 24h=92.89% | 48h=50.83%
2025-12-25 03:37:58,348 - INFO -   [18/27] 采集 DOT-USDT-SWAP...
2025-12-25 03:37:58,585 - INFO -     💰 当前价格: $1.745
2025-12-25 03:37:58,585 - INFO -     📊 位置: 4h=72.73% | 12h=83.78% | 24h=77.36% | 48h=50.0%
2025-12-25 03:37:59,085 - INFO -   [19/27] 采集 AAVE-USDT-SWAP...
2025-12-25 03:37:59,326 - INFO -     💰 当前价格: $150.1
2025-12-25 03:37:59,326 - INFO -     📊 位置: 4h=63.64% | 12h=67.88% | 24h=75.4% | 48h=41.17%
2025-12-25 03:37:59,826 - INFO -   [20/27] 采集 UNI-USDT-SWAP...
2025-12-25 03:38:00,054 - INFO -     💰 当前价格: $5.811
2025-12-25 03:38:00,054 - INFO -     📊 位置: 4h=52.53% | 12h=46.32% | 24h=75.5% | 48h=43.02%
2025-12-25 03:38:00,554 - INFO -   [21/27] 采集 NEAR-USDT-SWAP...
2025-12-25 03:38:00,788 - INFO -     💰 当前价格: $1.489
2025-12-25 03:38:00,788 - INFO -     📊 位置: 4h=75.51% | 12h=79.66% | 24h=82.35% | 48h=57.73%
2025-12-25 03:38:01,288 - INFO -   [22/27] 采集 APT-USDT-SWAP...
2025-12-25 03:38:01,516 - INFO -     💰 当前价格: $1.649
2025-12-25 03:38:01,516 - INFO -     📊 位置: 4h=76.19% | 12h=87.34% | 24h=90.65% | 48h=90.65%
2025-12-25 03:38:02,017 - INFO -   [23/27] 采集 CFX-USDT-SWAP...
2025-12-25 03:38:02,247 - INFO -     💰 当前价格: $0.07626
2025-12-25 03:38:02,247 - INFO -     📊 位置: 4h=51.36% | 12h=72.23% | 24h=78.47% | 48h=78.47%
2025-12-25 03:38:02,747 - INFO -   [24/27] 采集 CRV-USDT-SWAP...
2025-12-25 03:38:02,983 - INFO -     💰 当前价格: $0.3841
2025-12-25 03:38:02,983 - INFO -     📊 位置: 4h=95.05% | 12h=90.43% | 24h=95.26% | 48h=95.42%
2025-12-25 03:38:03,484 - INFO -   [25/27] 采集 STX-USDT-SWAP...
2025-12-25 03:38:03,715 - INFO -     💰 当前价格: $0.2513
2025-12-25 03:38:03,715 - INFO -     📊 位置: 4h=97.5% | 12h=98.7% | 24h=99.34% | 48h=99.34%
2025-12-25 03:38:04,215 - INFO -   [26/27] 采集 LDO-USDT-SWAP...
2025-12-25 03:38:04,459 - INFO -     💰 当前价格: $0.5492
2025-12-25 03:38:04,459 - INFO -     📊 位置: 4h=85.03% | 12h=91.2% | 24h=94.07% | 48h=94.07%
2025-12-25 03:38:04,959 - INFO -   [27/27] 采集 TAO-USDT-SWAP...
2025-12-25 03:38:05,222 - INFO -     💰 当前价格: $222.2
2025-12-25 03:38:05,223 - INFO -     📊 位置: 4h=77.05% | 12h=86.67% | 24h=92.0% | 48h=92.0%
2025-12-25 03:38:05,725 - INFO - 💾 数据保存成功: 27 个币种
2025-12-25 03:38:05,729 - INFO - 📊 统计数据保存成功:
2025-12-25 03:38:05,729 - INFO -     4h低于1%: 1/27
2025-12-25 03:38:05,729 - INFO -    12h低于1%: 0/27
2025-12-25 03:38:05,729 - INFO -    24h低于1%: 0/27
2025-12-25 03:38:05,729 - INFO -    48h低于1%: 0/27
2025-12-25 03:38:05,729 - INFO - ✅ 数据采集完成: 成功 27/27
2025-12-25 03:38:05,730 - INFO - 🚀 位置系统采集器启动，采集间隔: 300秒
2025-12-25 03:38:05,730 - INFO - 📊 开始采集位置系统数据...
2025-12-25 03:38:05,730 - INFO - 📋 币种列表: 27 个币种
2025-12-25 03:38:05,730 - INFO -   [1/27] 采集 BTC-USDT-SWAP...
2025-12-25 03:38:05,956 - INFO -     💰 当前价格: $87754.9
2025-12-25 03:38:05,957 - INFO -     📊 位置: 4h=60.21% | 12h=75.99% | 24h=83.41% | 48h=70.85%
2025-12-25 03:38:06,457 - INFO -   [2/27] 采集 ETH-USDT-SWAP...
2025-12-25 03:38:06,699 - INFO -     💰 当前价格: $2945.18
2025-12-25 03:38:06,699 - INFO -     📊 位置: 4h=48.3% | 12h=58.83% | 24h=76.97% | 48h=52.32%
2025-12-25 03:38:07,200 - INFO -   [3/27] 采集 XRP-USDT-SWAP...
2025-12-25 03:38:07,431 - INFO -     💰 当前价格: $1.872
2025-12-25 03:38:07,431 - INFO -     📊 位置: 4h=93.79% | 12h=95.56% | 24h=87.8% | 48h=52.71%
2025-12-25 03:38:07,931 - INFO -   [4/27] 采集 BNB-USDT-SWAP...
2025-12-25 03:38:08,158 - INFO -     💰 当前价格: $844.0
2025-12-25 03:38:08,158 - INFO -     📊 位置: 4h=5.56% | 12h=45.63% | 24h=62.67% | 48h=41.96%
2025-12-25 03:38:08,659 - INFO -   [5/27] 采集 SOL-USDT-SWAP...
2025-12-25 03:38:08,895 - INFO -     💰 当前价格: $122.65
2025-12-25 03:38:08,895 - INFO -     📊 位置: 4h=58.49% | 12h=54.65% | 24h=73.2% | 48h=38.66%
2025-12-25 03:38:09,396 - INFO -   [6/27] 采集 LTC-USDT-SWAP...
2025-12-25 03:38:09,627 - INFO -     💰 当前价格: $76.32
2025-12-25 03:38:09,628 - INFO -     📊 位置: 4h=87.5% | 12h=89.09% | 24h=68.82% | 48h=42.09%
2025-12-25 03:38:10,128 - INFO -   [7/27] 采集 DOGE-USDT-SWAP...
2025-12-25 03:38:10,362 - INFO -     💰 当前价格: $0.12858
2025-12-25 03:38:10,362 - INFO -     📊 位置: 4h=60.33% | 12h=54.89% | 24h=72.7% | 48h=33.33%
2025-12-25 03:38:10,863 - INFO -   [8/27] 采集 SUI-USDT-SWAP...
2025-12-25 03:38:11,089 - INFO -     💰 当前价格: $1.4155
2025-12-25 03:38:11,089 - INFO -     📊 位置: 4h=57.14% | 12h=42.59% | 24h=69.53% | 48h=40.6%
2025-12-25 03:38:11,589 - INFO -   [9/27] 采集 TRX-USDT-SWAP...
2025-12-25 03:38:11,821 - INFO -     💰 当前价格: $0.28007
2025-12-25 03:38:11,821 - INFO -     📊 位置: 4h=24.77% | 12h=36.76% | 24h=25.05% | 48h=21.22%
2025-12-25 03:38:12,322 - INFO -   [10/27] 采集 TON-USDT-SWAP...
2025-12-25 03:38:12,552 - INFO -     💰 当前价格: $1.524
2025-12-25 03:38:12,552 - INFO -     📊 位置: 4h=100.0% | 12h=100.0% | 24h=100.0% | 48h=100.0%
2025-12-25 03:38:13,052 - INFO -   [11/27] 采集 ETC-USDT-SWAP...
2025-12-25 03:38:13,284 - INFO -     💰 当前价格: $12.07
2025-12-25 03:38:13,284 - INFO -     📊 位置: 4h=62.5% | 12h=75.0% | 24h=82.86% | 48h=69.05%
2025-12-25 03:38:13,784 - INFO -   [12/27] 采集 BCH-USDT-SWAP...
2025-12-25 03:38:14,017 - INFO -     💰 当前价格: $570.2
2025-12-25 03:38:14,017 - INFO -     📊 位置: 4h=51.9% | 12h=65.14% | 24h=40.57% | 48h=26.59%
2025-12-25 03:38:14,517 - INFO -   [13/27] 采集 HBAR-USDT-SWAP...
2025-12-25 03:38:14,754 - INFO -     💰 当前价格: $0.1104
2025-12-25 03:38:14,754 - INFO -     📊 位置: 4h=80.29% | 12h=82.02% | 24h=81.21% | 48h=48.93%
2025-12-25 03:38:15,255 - INFO -   [14/27] 采集 XLM-USDT-SWAP...
2025-12-25 03:38:15,488 - INFO -     💰 当前价格: $0.21474
2025-12-25 03:38:15,489 - INFO -     📊 位置: 4h=87.8% | 12h=88.56% | 24h=64.38% | 48h=41.35%
2025-12-25 03:38:15,989 - INFO -   [15/27] 采集 FIL-USDT-SWAP...
2025-12-25 03:38:16,222 - INFO -     💰 当前价格: $1.283
2025-12-25 03:38:16,222 - INFO -     📊 位置: 4h=70.83% | 12h=73.08% | 24h=60.0% | 48h=23.33%
2025-12-25 03:38:16,722 - INFO -   [16/27] 采集 LINK-USDT-SWAP...
2025-12-25 03:38:16,947 - INFO -     💰 当前价格: $12.322
2025-12-25 03:38:16,948 - INFO -     📊 位置: 4h=74.45% | 12h=80.0% | 24h=86.32% | 48h=62.12%
2025-12-25 03:38:17,448 - INFO -   [17/27] 采集 CRO-USDT-SWAP...
2025-12-25 03:38:17,679 - INFO -     💰 当前价格: $0.09405
2025-12-25 03:38:17,679 - INFO -     📊 位置: 4h=91.25% | 12h=92.89% | 24h=92.89% | 48h=50.83%
2025-12-25 03:38:18,180 - INFO -   [18/27] 采集 DOT-USDT-SWAP...
2025-12-25 03:38:18,422 - INFO -     💰 当前价格: $1.746
2025-12-25 03:38:18,422 - INFO -     📊 位置: 4h=77.27% | 12h=86.49% | 24h=79.25% | 48h=51.22%
2025-12-25 03:38:18,923 - INFO -   [19/27] 采集 AAVE-USDT-SWAP...
2025-12-25 03:38:19,160 - INFO -     💰 当前价格: $150.16
2025-12-25 03:38:19,160 - INFO -     📊 位置: 4h=65.4% | 12h=69.43% | 24h=76.59% | 48h=41.82%
2025-12-25 03:38:19,660 - INFO -   [20/27] 采集 UNI-USDT-SWAP...
2025-12-25 03:38:19,895 - INFO -     💰 当前价格: $5.812
2025-12-25 03:38:19,895 - INFO -     📊 位置: 4h=53.54% | 12h=47.06% | 24h=75.84% | 48h=43.21%
2025-12-25 03:38:20,396 - INFO -   [21/27] 采集 NEAR-USDT-SWAP...
2025-12-25 03:38:20,624 - INFO -     💰 当前价格: $1.491
2025-12-25 03:38:20,624 - INFO -     📊 位置: 4h=79.59% | 12h=83.05% | 24h=85.29% | 48h=59.79%
2025-12-25 03:38:21,125 - INFO -   [22/27] 采集 APT-USDT-SWAP...
2025-12-25 03:38:21,356 - INFO -     💰 当前价格: $1.65
2025-12-25 03:38:21,357 - INFO -     📊 位置: 4h=78.57% | 12h=88.61% | 24h=91.59% | 48h=91.59%
2025-12-25 03:38:21,857 - INFO -   [23/27] 采集 CFX-USDT-SWAP...
2025-12-25 03:38:22,096 - INFO -     💰 当前价格: $0.07631
2025-12-25 03:38:22,096 - INFO -     📊 位置: 4h=52.4% | 12h=72.82% | 24h=78.93% | 48h=78.93%
2025-12-25 03:38:22,596 - INFO -   [24/27] 采集 CRV-USDT-SWAP...
2025-12-25 03:38:22,820 - INFO -     💰 当前价格: $0.384
2025-12-25 03:38:22,820 - INFO -     📊 位置: 4h=94.06% | 12h=89.57% | 24h=94.83% | 48h=95.0%
2025-12-25 03:38:23,321 - INFO -   [25/27] 采集 STX-USDT-SWAP...
2025-12-25 03:38:23,568 - INFO -     💰 当前价格: $0.2513
2025-12-25 03:38:23,569 - INFO -     📊 位置: 4h=97.5% | 12h=98.7% | 24h=99.34% | 48h=99.34%
2025-12-25 03:38:24,069 - INFO -   [26/27] 采集 LDO-USDT-SWAP...
2025-12-25 03:38:24,305 - INFO -     💰 当前价格: $0.5494
2025-12-25 03:38:24,305 - INFO -     📊 位置: 4h=86.39% | 12h=92.0% | 24h=94.61% | 48h=94.61%
2025-12-25 03:38:24,805 - INFO -   [27/27] 采集 TAO-USDT-SWAP...
2025-12-25 03:38:25,039 - INFO -     💰 当前价格: $222.3
2025-12-25 03:38:25,039 - INFO -     📊 位置: 4h=78.69% | 12h=87.62% | 24h=92.57% | 48h=92.57%
2025-12-25 03:38:25,546 - INFO - 💾 数据保存成功: 27 个币种
2025-12-25 03:38:25,551 - INFO - 📊 统计数据保存成功:
2025-12-25 03:38:25,552 - INFO -     4h低于1%: 0/27
2025-12-25 03:38:25,552 - INFO -    12h低于1%: 0/27
2025-12-25 03:38:25,552 - INFO -    24h低于1%: 0/27
2025-12-25 03:38:25,552 - INFO -    48h低于1%: 0/27
2025-12-25 03:38:25,552 - INFO - ✅ 数据采集完成: 成功 27/27
2025-12-25 03:38:25,552 - INFO - ⏳ 等待 300 秒后进行下一次采集...

2025-12-25 03:42:46,283 - INFO - ⛔ 收到停止信号，退出采集器
2025-12-25 03:42:46,626 - INFO - ✅ 数据库初始化完成
2025-12-25 03:42:46,626 - INFO - 📊 开始采集位置系统数据...
2025-12-25 03:42:46,626 - INFO - 📋 币种列表: 27 个币种
2025-12-25 03:42:46,637 - INFO -   [1/27] 采集 BTC-USDT-SWAP...
2025-12-25 03:42:46,868 - INFO -     💰 当前价格: $87739.9
2025-12-25 03:42:46,869 - INFO -     📊 位置: 4h=56.98% | 12h=74.7% | 24h=82.52% | 48h=70.09%
2025-12-25 03:42:47,369 - INFO -   [2/27] 采集 ETH-USDT-SWAP...
2025-12-25 03:42:47,613 - INFO -     💰 当前价格: $2942.89
2025-12-25 03:42:47,613 - INFO -     📊 位置: 4h=37.36% | 12h=53.49% | 24h=73.98% | 48h=50.29%
2025-12-25 03:42:48,113 - INFO -   [3/27] 采集 XRP-USDT-SWAP...
2025-12-25 03:42:48,351 - INFO -     💰 当前价格: $1.8728
2025-12-25 03:42:48,352 - INFO -     📊 位置: 4h=98.31% | 12h=98.79% | 24h=89.76% | 48h=53.88%
2025-12-25 03:42:48,852 - INFO -   [4/27] 采集 BNB-USDT-SWAP...
2025-12-25 03:42:49,086 - INFO -     💰 当前价格: $843.6
2025-12-25 03:42:49,087 - INFO -     📊 位置: 4h=0.0% | 12h=41.75% | 24h=60.0% | 48h=40.18%
2025-12-25 03:42:49,587 - INFO -   [5/27] 采集 SOL-USDT-SWAP...
2025-12-25 03:42:49,822 - INFO -     💰 当前价格: $122.57
2025-12-25 03:42:49,822 - INFO -     📊 位置: 4h=50.94% | 12h=50.0% | 24h=70.45% | 48h=37.21%
2025-12-25 03:42:50,323 - INFO -   [6/27] 采集 LTC-USDT-SWAP...
2025-12-25 03:42:50,555 - INFO -     💰 当前价格: $76.18
2025-12-25 03:42:50,555 - INFO -     📊 位置: 4h=72.92% | 12h=76.36% | 24h=60.59% | 48h=37.05%
2025-12-25 03:42:51,056 - INFO -   [7/27] 采集 DOGE-USDT-SWAP...
2025-12-25 03:42:51,285 - INFO -     💰 当前价格: $0.12854
2025-12-25 03:42:51,285 - INFO -     📊 位置: 4h=57.02% | 12h=52.72% | 24h=71.38% | 48h=32.73%
2025-12-25 03:42:51,786 - INFO -   [8/27] 采集 SUI-USDT-SWAP...
2025-12-25 03:42:52,028 - INFO -     💰 当前价格: $1.4146
2025-12-25 03:42:52,029 - INFO -     📊 位置: 4h=50.71% | 12h=38.43% | 24h=67.32% | 48h=39.31%
2025-12-25 03:42:52,529 - INFO -   [9/27] 采集 TRX-USDT-SWAP...
2025-12-25 03:42:52,757 - INFO -     💰 当前价格: $0.28004
2025-12-25 03:42:52,757 - INFO -     📊 位置: 4h=22.02% | 12h=35.88% | 24h=24.45% | 48h=20.71%
2025-12-25 03:42:53,258 - INFO -   [10/27] 采集 TON-USDT-SWAP...
2025-12-25 03:42:53,485 - INFO -     💰 当前价格: $1.525
2025-12-25 03:42:53,485 - INFO -     📊 位置: 4h=100.0% | 12h=100.0% | 24h=100.0% | 48h=100.0%
2025-12-25 03:42:53,985 - INFO -   [11/27] 采集 ETC-USDT-SWAP...
2025-12-25 03:42:54,219 - INFO -     💰 当前价格: $12.05
2025-12-25 03:42:54,220 - INFO -     📊 位置: 4h=50.0% | 12h=66.67% | 24h=77.14% | 48h=64.29%
2025-12-25 03:42:54,720 - INFO -   [12/27] 采集 BCH-USDT-SWAP...
2025-12-25 03:42:55,122 - INFO -     💰 当前价格: $570.2
2025-12-25 03:42:55,122 - INFO -     📊 位置: 4h=51.9% | 12h=65.14% | 24h=40.57% | 48h=26.59%
2025-12-25 03:42:55,622 - INFO -   [13/27] 采集 HBAR-USDT-SWAP...
2025-12-25 03:42:55,858 - INFO -     💰 当前价格: $0.11036
2025-12-25 03:42:55,858 - INFO -     📊 位置: 4h=78.37% | 12h=80.26% | 24h=79.79% | 48h=48.08%
2025-12-25 03:42:56,359 - INFO -   [14/27] 采集 XLM-USDT-SWAP...
2025-12-25 03:42:56,597 - INFO -     💰 当前价格: $0.2146
2025-12-25 03:42:56,597 - INFO -     📊 位置: 4h=84.08% | 12h=85.07% | 24h=61.84% | 48h=39.72%
2025-12-25 03:42:57,097 - INFO -   [15/27] 采集 FIL-USDT-SWAP...
2025-12-25 03:42:57,332 - INFO -     💰 当前价格: $1.284
2025-12-25 03:42:57,332 - INFO -     📊 位置: 4h=75.0% | 12h=76.92% | 24h=62.86% | 48h=24.44%
2025-12-25 03:42:57,833 - INFO -   [16/27] 采集 LINK-USDT-SWAP...
2025-12-25 03:42:58,073 - INFO -     💰 当前价格: $12.316
2025-12-25 03:42:58,073 - INFO -     📊 位置: 4h=70.07% | 12h=77.69% | 24h=84.74% | 48h=60.98%
2025-12-25 03:42:58,573 - INFO -   [17/27] 采集 CRO-USDT-SWAP...
2025-12-25 03:42:58,816 - INFO -     💰 当前价格: $0.09418
2025-12-25 03:42:58,816 - INFO -     📊 位置: 4h=99.38% | 12h=99.49% | 24h=99.49% | 48h=54.44%
2025-12-25 03:42:59,317 - INFO -   [18/27] 采集 DOT-USDT-SWAP...
2025-12-25 03:42:59,542 - INFO -     💰 当前价格: $1.744
2025-12-25 03:42:59,542 - INFO -     📊 位置: 4h=68.18% | 12h=81.08% | 24h=75.47% | 48h=48.78%
2025-12-25 03:43:00,042 - INFO -   [19/27] 采集 AAVE-USDT-SWAP...
2025-12-25 03:43:00,268 - INFO -     💰 当前价格: $149.97
2025-12-25 03:43:00,269 - INFO -     📊 位置: 4h=59.82% | 12h=64.51% | 24h=72.82% | 48h=39.76%
2025-12-25 03:43:00,769 - INFO -   [20/27] 采集 UNI-USDT-SWAP...
2025-12-25 03:43:01,178 - INFO -     💰 当前价格: $5.807
2025-12-25 03:43:01,178 - INFO -     📊 位置: 4h=48.48% | 12h=43.38% | 24h=74.16% | 48h=42.26%
2025-12-25 03:43:01,679 - INFO -   [21/27] 采集 NEAR-USDT-SWAP...
2025-12-25 03:43:01,913 - INFO -     💰 当前价格: $1.49
2025-12-25 03:43:01,914 - INFO -     📊 位置: 4h=77.55% | 12h=81.36% | 24h=83.82% | 48h=58.76%
2025-12-25 03:43:02,414 - INFO -   [22/27] 采集 APT-USDT-SWAP...
2025-12-25 03:43:02,650 - INFO -     💰 当前价格: $1.649
2025-12-25 03:43:02,650 - INFO -     📊 位置: 4h=76.19% | 12h=87.34% | 24h=90.65% | 48h=90.65%
2025-12-25 03:43:03,150 - INFO -   [23/27] 采集 CFX-USDT-SWAP...
2025-12-25 03:43:03,388 - INFO -     💰 当前价格: $0.0763
2025-12-25 03:43:03,389 - INFO -     📊 位置: 4h=52.19% | 12h=72.71% | 24h=78.84% | 48h=78.84%
2025-12-25 03:43:03,889 - INFO -   [24/27] 采集 CRV-USDT-SWAP...
2025-12-25 03:43:04,127 - INFO -     💰 当前价格: $0.3831
2025-12-25 03:43:04,127 - INFO -     📊 位置: 4h=85.15% | 12h=81.74% | 24h=90.95% | 48h=91.25%
2025-12-25 03:43:04,627 - INFO -   [25/27] 采集 STX-USDT-SWAP...
2025-12-25 03:43:04,866 - INFO -     💰 当前价格: $0.2514
2025-12-25 03:43:04,867 - INFO -     📊 位置: 4h=97.56% | 12h=98.72% | 24h=99.35% | 48h=99.35%
2025-12-25 03:43:05,368 - INFO -   [26/27] 采集 LDO-USDT-SWAP...
2025-12-25 03:43:05,595 - INFO -     💰 当前价格: $0.5485
2025-12-25 03:43:05,595 - INFO -     📊 位置: 4h=80.27% | 12h=88.4% | 24h=92.18% | 48h=92.18%
2025-12-25 03:43:06,095 - INFO -   [27/27] 采集 TAO-USDT-SWAP...
2025-12-25 03:43:06,368 - INFO -     💰 当前价格: $222.2
2025-12-25 03:43:06,368 - INFO -     📊 位置: 4h=77.05% | 12h=86.67% | 24h=92.0% | 48h=92.0%
2025-12-25 03:43:06,875 - INFO - 💾 数据保存成功: 27 个币种
2025-12-25 03:43:06,880 - INFO - 📊 统计数据保存成功:
2025-12-25 03:43:06,881 - INFO -     4h低于1%: 1/27
2025-12-25 03:43:06,881 - INFO -    12h低于1%: 0/27
2025-12-25 03:43:06,881 - INFO -    24h低于1%: 0/27
2025-12-25 03:43:06,881 - INFO -    48h低于1%: 0/27
2025-12-25 03:43:06,881 - INFO - ✅ 数据采集完成: 成功 27/27
2025-12-25 03:43:06,881 - INFO - 🚀 位置系统采集器启动，采集间隔: 300秒
2025-12-25 03:43:06,881 - INFO - 📊 开始采集位置系统数据...
2025-12-25 03:43:06,881 - INFO - 📋 币种列表: 27 个币种
2025-12-25 03:43:06,882 - INFO -   [1/27] 采集 BTC-USDT-SWAP...
2025-12-25 03:43:07,112 - INFO -     💰 当前价格: $87752.0
2025-12-25 03:43:07,112 - INFO -     📊 位置: 4h=59.59% | 12h=75.74% | 24h=83.23% | 48h=70.7%
2025-12-25 03:43:07,613 - INFO -   [2/27] 采集 ETH-USDT-SWAP...
2025-12-25 03:43:07,849 - INFO -     💰 当前价格: $2942.89
2025-12-25 03:43:07,849 - INFO -     📊 位置: 4h=37.36% | 12h=53.49% | 24h=73.98% | 48h=50.29%
2025-12-25 03:43:08,349 - INFO -   [3/27] 采集 XRP-USDT-SWAP...
2025-12-25 03:43:08,578 - INFO -     💰 当前价格: $1.8727
2025-12-25 03:43:08,578 - INFO -     📊 位置: 4h=97.74% | 12h=98.39% | 24h=89.51% | 48h=53.73%
2025-12-25 03:43:09,078 - INFO -   [4/27] 采集 BNB-USDT-SWAP...
2025-12-25 03:43:09,300 - INFO -     💰 当前价格: $843.7
2025-12-25 03:43:09,300 - INFO -     📊 位置: 4h=2.63% | 12h=42.72% | 24h=60.67% | 48h=40.63%
2025-12-25 03:43:09,800 - INFO -   [5/27] 采集 SOL-USDT-SWAP...
2025-12-25 03:43:10,035 - INFO -     💰 当前价格: $122.59
2025-12-25 03:43:10,035 - INFO -     📊 位置: 4h=52.83% | 12h=51.16% | 24h=71.13% | 48h=37.57%
2025-12-25 03:43:10,536 - INFO -   [6/27] 采集 LTC-USDT-SWAP...
2025-12-25 03:43:10,775 - INFO -     💰 当前价格: $76.18
2025-12-25 03:43:10,775 - INFO -     📊 位置: 4h=72.92% | 12h=76.36% | 24h=60.59% | 48h=37.05%
2025-12-25 03:43:11,275 - INFO -   [7/27] 采集 DOGE-USDT-SWAP...
2025-12-25 03:43:11,517 - INFO -     💰 当前价格: $0.12853
2025-12-25 03:43:11,517 - INFO -     📊 位置: 4h=56.2% | 12h=52.17% | 24h=71.05% | 48h=32.58%
2025-12-25 03:43:12,018 - INFO -   [8/27] 采集 SUI-USDT-SWAP...
2025-12-25 03:43:12,263 - INFO -     💰 当前价格: $1.4148
2025-12-25 03:43:12,263 - INFO -     📊 位置: 4h=52.14% | 12h=39.35% | 24h=67.81% | 48h=39.6%
2025-12-25 03:43:12,764 - INFO -   [9/27] 采集 TRX-USDT-SWAP...
2025-12-25 03:43:13,004 - INFO -     💰 当前价格: $0.28004
2025-12-25 03:43:13,005 - INFO -     📊 位置: 4h=22.02% | 12h=35.88% | 24h=24.45% | 48h=20.71%
2025-12-25 03:43:13,505 - INFO -   [10/27] 采集 TON-USDT-SWAP...
2025-12-25 03:43:13,734 - INFO -     💰 当前价格: $1.525
2025-12-25 03:43:13,734 - INFO -     📊 位置: 4h=100.0% | 12h=100.0% | 24h=100.0% | 48h=100.0%
2025-12-25 03:43:14,235 - INFO -   [11/27] 采集 ETC-USDT-SWAP...
2025-12-25 03:43:14,477 - INFO -     💰 当前价格: $12.05
2025-12-25 03:43:14,478 - INFO -     📊 位置: 4h=50.0% | 12h=66.67% | 24h=77.14% | 48h=64.29%
2025-12-25 03:43:14,978 - INFO -   [12/27] 采集 BCH-USDT-SWAP...
2025-12-25 03:43:15,211 - INFO -     💰 当前价格: $570.2
2025-12-25 03:43:15,211 - INFO -     📊 位置: 4h=51.9% | 12h=65.14% | 24h=40.57% | 48h=26.59%
2025-12-25 03:43:15,711 - INFO -   [13/27] 采集 HBAR-USDT-SWAP...
2025-12-25 03:43:15,949 - INFO -     💰 当前价格: $0.11035
2025-12-25 03:43:15,949 - INFO -     📊 位置: 4h=77.88% | 12h=79.82% | 24h=79.43% | 48h=47.86%
2025-12-25 03:43:16,449 - INFO -   [14/27] 采集 XLM-USDT-SWAP...
2025-12-25 03:43:16,713 - INFO -     💰 当前价格: $0.21459
2025-12-25 03:43:16,713 - INFO -     📊 位置: 4h=83.82% | 12h=84.83% | 24h=61.66% | 48h=39.61%
2025-12-25 03:43:17,214 - INFO -   [15/27] 采集 FIL-USDT-SWAP...
2025-12-25 03:43:17,441 - INFO -     💰 当前价格: $1.284
2025-12-25 03:43:17,441 - INFO -     📊 位置: 4h=75.0% | 12h=76.92% | 24h=62.86% | 48h=24.44%
2025-12-25 03:43:17,941 - INFO -   [16/27] 采集 LINK-USDT-SWAP...
2025-12-25 03:43:18,179 - INFO -     💰 当前价格: $12.318
2025-12-25 03:43:18,179 - INFO -     📊 位置: 4h=71.53% | 12h=78.46% | 24h=85.26% | 48h=61.36%
2025-12-25 03:43:18,679 - INFO -   [17/27] 采集 CRO-USDT-SWAP...
2025-12-25 03:43:18,907 - INFO -     💰 当前价格: $0.09418
2025-12-25 03:43:18,908 - INFO -     📊 位置: 4h=99.38% | 12h=99.49% | 24h=99.49% | 48h=54.44%
2025-12-25 03:43:19,408 - INFO -   [18/27] 采集 DOT-USDT-SWAP...
2025-12-25 03:43:19,639 - INFO -     💰 当前价格: $1.744
2025-12-25 03:43:19,640 - INFO -     📊 位置: 4h=68.18% | 12h=81.08% | 24h=75.47% | 48h=48.78%
2025-12-25 03:43:20,140 - INFO -   [19/27] 采集 AAVE-USDT-SWAP...
2025-12-25 03:43:20,365 - INFO -     💰 当前价格: $149.97
2025-12-25 03:43:20,365 - INFO -     📊 位置: 4h=59.82% | 12h=64.51% | 24h=72.82% | 48h=39.76%
2025-12-25 03:43:20,865 - INFO -   [20/27] 采集 UNI-USDT-SWAP...
2025-12-25 03:43:21,097 - INFO -     💰 当前价格: $5.809
2025-12-25 03:43:21,097 - INFO -     📊 位置: 4h=50.51% | 12h=44.85% | 24h=74.83% | 48h=42.64%
2025-12-25 03:43:21,597 - INFO -   [21/27] 采集 NEAR-USDT-SWAP...
2025-12-25 03:43:21,826 - INFO -     💰 当前价格: $1.49
2025-12-25 03:43:21,827 - INFO -     📊 位置: 4h=77.55% | 12h=81.36% | 24h=83.82% | 48h=58.76%
2025-12-25 03:43:22,327 - INFO -   [22/27] 采集 APT-USDT-SWAP...
2025-12-25 03:43:22,562 - INFO -     💰 当前价格: $1.649
2025-12-25 03:43:22,562 - INFO -     📊 位置: 4h=76.19% | 12h=87.34% | 24h=90.65% | 48h=90.65%
2025-12-25 03:43:23,063 - INFO -   [23/27] 采集 CFX-USDT-SWAP...
2025-12-25 03:43:23,301 - INFO -     💰 当前价格: $0.07634
2025-12-25 03:43:23,301 - INFO -     📊 位置: 4h=53.03% | 12h=73.18% | 24h=79.21% | 48h=79.21%
2025-12-25 03:43:23,801 - INFO -   [24/27] 采集 CRV-USDT-SWAP...
2025-12-25 03:43:24,031 - INFO -     💰 当前价格: $0.3831
2025-12-25 03:43:24,031 - INFO -     📊 位置: 4h=85.15% | 12h=81.74% | 24h=90.95% | 48h=91.25%
2025-12-25 03:43:24,531 - INFO -   [25/27] 采集 STX-USDT-SWAP...
2025-12-25 03:43:24,766 - INFO -     💰 当前价格: $0.2514
2025-12-25 03:43:24,766 - INFO -     📊 位置: 4h=97.56% | 12h=98.72% | 24h=99.35% | 48h=99.35%
2025-12-25 03:43:25,267 - INFO -   [26/27] 采集 LDO-USDT-SWAP...
2025-12-25 03:43:25,499 - INFO -     💰 当前价格: $0.5486
2025-12-25 03:43:25,499 - INFO -     📊 位置: 4h=80.95% | 12h=88.8% | 24h=92.45% | 48h=92.45%
2025-12-25 03:43:26,000 - INFO -   [27/27] 采集 TAO-USDT-SWAP...
2025-12-25 03:43:26,233 - INFO -     💰 当前价格: $222.2
2025-12-25 03:43:26,234 - INFO -     📊 位置: 4h=77.05% | 12h=86.67% | 24h=92.0% | 48h=92.0%
2025-12-25 03:43:26,740 - INFO - 💾 数据保存成功: 27 个币种
2025-12-25 03:43:26,746 - INFO - 📊 统计数据保存成功:
2025-12-25 03:43:26,746 - INFO -     4h低于1%: 0/27
2025-12-25 03:43:26,746 - INFO -    12h低于1%: 0/27
2025-12-25 03:43:26,746 - INFO -    24h低于1%: 0/27
2025-12-25 03:43:26,746 - INFO -    48h低于1%: 0/27
2025-12-25 03:43:26,746 - INFO - ✅ 数据采集完成: 成功 27/27
2025-12-25 03:43:26,746 - INFO - ⏳ 等待 300 秒后进行下一次采集...

2025-12-25 03:47:47,152 - INFO - ⛔ 收到停止信号，退出采集器
2025-12-25 03:47:47,487 - INFO - ✅ 数据库初始化完成
2025-12-25 03:47:47,487 - INFO - 📊 开始采集位置系统数据...
2025-12-25 03:47:47,487 - INFO - 📋 币种列表: 27 个币种
2025-12-25 03:47:47,498 - INFO -   [1/27] 采集 BTC-USDT-SWAP...
2025-12-25 03:47:47,735 - INFO -     💰 当前价格: $87731.4
2025-12-25 03:47:47,735 - INFO -     📊 位置: 4h=55.15% | 12h=73.97% | 24h=82.01% | 48h=69.66%
2025-12-25 03:47:48,235 - INFO -   [2/27] 采集 ETH-USDT-SWAP...
2025-12-25 03:47:48,474 - INFO -     💰 当前价格: $2942.72
2025-12-25 03:47:48,474 - INFO -     📊 位置: 4h=36.55% | 12h=53.1% | 24h=73.76% | 48h=50.14%
2025-12-25 03:47:48,974 - INFO -   [3/27] 采集 XRP-USDT-SWAP...
2025-12-25 03:47:49,222 - INFO -     💰 当前价格: $1.8709
2025-12-25 03:47:49,222 - INFO -     📊 位置: 4h=87.57% | 12h=91.13% | 24h=85.12% | 48h=51.1%
2025-12-25 03:47:49,723 - INFO -   [4/27] 采集 BNB-USDT-SWAP...
2025-12-25 03:47:49,958 - INFO -     💰 当前价格: $843.5
2025-12-25 03:47:49,958 - INFO -     📊 位置: 4h=0.0% | 12h=40.78% | 24h=59.33% | 48h=39.73%
2025-12-25 03:47:50,459 - INFO -   [5/27] 采集 SOL-USDT-SWAP...
2025-12-25 03:47:50,697 - INFO -     💰 当前价格: $122.51
2025-12-25 03:47:50,698 - INFO -     📊 位置: 4h=45.28% | 12h=46.51% | 24h=68.38% | 48h=36.12%
2025-12-25 03:47:51,198 - INFO -   [6/27] 采集 LTC-USDT-SWAP...
2025-12-25 03:47:51,436 - INFO -     💰 当前价格: $76.14
2025-12-25 03:47:51,436 - INFO -     📊 位置: 4h=68.75% | 12h=72.73% | 24h=58.24% | 48h=35.61%
2025-12-25 03:47:51,936 - INFO -   [7/27] 采集 DOGE-USDT-SWAP...
2025-12-25 03:47:52,173 - INFO -     💰 当前价格: $0.12851
2025-12-25 03:47:52,174 - INFO -     📊 位置: 4h=54.55% | 12h=51.09% | 24h=70.39% | 48h=32.28%
2025-12-25 03:47:52,674 - INFO -   [8/27] 采集 SUI-USDT-SWAP...
2025-12-25 03:47:52,907 - INFO -     💰 当前价格: $1.4132
2025-12-25 03:47:52,907 - INFO -     📊 位置: 4h=40.71% | 12h=31.94% | 24h=63.88% | 48h=37.3%
2025-12-25 03:47:53,407 - INFO -   [9/27] 采集 TRX-USDT-SWAP...
2025-12-25 03:47:53,646 - INFO -     💰 当前价格: $0.28006
2025-12-25 03:47:53,647 - INFO -     📊 位置: 4h=23.85% | 12h=36.47% | 24h=24.85% | 48h=21.05%
2025-12-25 03:47:54,147 - INFO -   [10/27] 采集 TON-USDT-SWAP...
2025-12-25 03:47:54,377 - INFO -     💰 当前价格: $1.526
2025-12-25 03:47:54,377 - INFO -     📊 位置: 4h=100.0% | 12h=100.0% | 24h=100.0% | 48h=100.0%
2025-12-25 03:47:54,877 - INFO -   [11/27] 采集 ETC-USDT-SWAP...
2025-12-25 03:47:55,115 - INFO -     💰 当前价格: $12.04
2025-12-25 03:47:55,115 - INFO -     📊 位置: 4h=43.75% | 12h=62.5% | 24h=74.29% | 48h=61.9%
2025-12-25 03:47:55,615 - INFO -   [12/27] 采集 BCH-USDT-SWAP...
2025-12-25 03:47:55,853 - INFO -     💰 当前价格: $570.8
2025-12-25 03:47:55,853 - INFO -     📊 位置: 4h=59.49% | 12h=70.64% | 24h=44.0% | 48h=28.84%
2025-12-25 03:47:56,354 - INFO -   [13/27] 采集 HBAR-USDT-SWAP...
2025-12-25 03:47:56,574 - INFO -     💰 当前价格: $0.11026
2025-12-25 03:47:56,574 - INFO -     📊 位置: 4h=73.56% | 12h=75.88% | 24h=76.24% | 48h=45.94%
2025-12-25 03:47:57,074 - INFO -   [14/27] 采集 XLM-USDT-SWAP...
2025-12-25 03:47:57,299 - INFO -     💰 当前价格: $0.21412
2025-12-25 03:47:57,300 - INFO -     📊 位置: 4h=71.35% | 12h=73.13% | 24h=53.16% | 48h=34.15%
2025-12-25 03:47:57,800 - INFO -   [15/27] 采集 FIL-USDT-SWAP...
2025-12-25 03:47:58,034 - INFO -     💰 当前价格: $1.284
2025-12-25 03:47:58,035 - INFO -     📊 位置: 4h=75.0% | 12h=76.92% | 24h=62.86% | 48h=24.44%
2025-12-25 03:47:58,535 - INFO -   [16/27] 采集 LINK-USDT-SWAP...
2025-12-25 03:47:58,784 - INFO -     💰 当前价格: $12.301
2025-12-25 03:47:58,784 - INFO -     📊 位置: 4h=59.12% | 12h=71.92% | 24h=80.79% | 48h=58.14%
2025-12-25 03:47:59,285 - INFO -   [17/27] 采集 CRO-USDT-SWAP...
2025-12-25 03:47:59,520 - INFO -     💰 当前价格: $0.09399
2025-12-25 03:47:59,520 - INFO -     📊 位置: 4h=87.5% | 12h=89.85% | 24h=89.85% | 48h=49.17%
2025-12-25 03:48:00,021 - INFO -   [18/27] 采集 DOT-USDT-SWAP...
2025-12-25 03:48:00,257 - INFO -     💰 当前价格: $1.743
2025-12-25 03:48:00,257 - INFO -     📊 位置: 4h=63.64% | 12h=78.38% | 24h=73.58% | 48h=47.56%
2025-12-25 03:48:00,758 - INFO -   [19/27] 采集 AAVE-USDT-SWAP...
2025-12-25 03:48:00,995 - INFO -     💰 当前价格: $149.91
2025-12-25 03:48:00,995 - INFO -     📊 位置: 4h=58.06% | 12h=62.95% | 24h=71.63% | 48h=39.11%
2025-12-25 03:48:01,495 - INFO -   [20/27] 采集 UNI-USDT-SWAP...
2025-12-25 03:48:01,726 - INFO -     💰 当前价格: $5.795
2025-12-25 03:48:01,726 - INFO -     📊 位置: 4h=36.36% | 12h=34.56% | 24h=70.13% | 48h=39.96%
2025-12-25 03:48:02,226 - INFO -   [21/27] 采集 NEAR-USDT-SWAP...
2025-12-25 03:48:02,471 - INFO -     💰 当前价格: $1.489
2025-12-25 03:48:02,471 - INFO -     📊 位置: 4h=75.51% | 12h=79.66% | 24h=82.35% | 48h=57.73%
2025-12-25 03:48:02,971 - INFO -   [22/27] 采集 APT-USDT-SWAP...
2025-12-25 03:48:03,202 - INFO -     💰 当前价格: $1.649
2025-12-25 03:48:03,202 - INFO -     📊 位置: 4h=76.19% | 12h=87.34% | 24h=90.65% | 48h=90.65%
2025-12-25 03:48:03,703 - INFO -   [23/27] 采集 CFX-USDT-SWAP...
2025-12-25 03:48:03,938 - INFO -     💰 当前价格: $0.07638
2025-12-25 03:48:03,938 - INFO -     📊 位置: 4h=53.86% | 12h=73.66% | 24h=79.57% | 48h=79.57%
2025-12-25 03:48:04,439 - INFO -   [24/27] 采集 CRV-USDT-SWAP...
2025-12-25 03:48:04,678 - INFO -     💰 当前价格: $0.3825
2025-12-25 03:48:04,679 - INFO -     📊 位置: 4h=79.21% | 12h=76.52% | 24h=88.36% | 48h=88.75%
2025-12-25 03:48:05,179 - INFO -   [25/27] 采集 STX-USDT-SWAP...
2025-12-25 03:48:05,406 - INFO -     💰 当前价格: $0.2512
2025-12-25 03:48:05,406 - INFO -     📊 位置: 4h=92.68% | 12h=96.15% | 24h=98.04% | 48h=98.04%
2025-12-25 03:48:05,906 - INFO -   [26/27] 采集 LDO-USDT-SWAP...
2025-12-25 03:48:06,147 - INFO -     💰 当前价格: $0.5492
2025-12-25 03:48:06,147 - INFO -     📊 位置: 4h=85.03% | 12h=91.2% | 24h=94.07% | 48h=94.07%
2025-12-25 03:48:06,647 - INFO -   [27/27] 采集 TAO-USDT-SWAP...
2025-12-25 03:48:06,896 - INFO -     💰 当前价格: $222.6
2025-12-25 03:48:06,896 - INFO -     📊 位置: 4h=83.61% | 12h=90.48% | 24h=94.29% | 48h=94.29%
2025-12-25 03:48:07,403 - INFO - 💾 数据保存成功: 27 个币种
2025-12-25 03:48:07,408 - INFO - 📊 统计数据保存成功:
2025-12-25 03:48:07,408 - INFO -     4h低于1%: 1/27
2025-12-25 03:48:07,408 - INFO -    12h低于1%: 0/27
2025-12-25 03:48:07,408 - INFO -    24h低于1%: 0/27
2025-12-25 03:48:07,408 - INFO -    48h低于1%: 0/27
2025-12-25 03:48:07,408 - INFO - ✅ 数据采集完成: 成功 27/27
2025-12-25 03:48:07,409 - INFO - 🚀 位置系统采集器启动，采集间隔: 300秒
2025-12-25 03:48:07,409 - INFO - 📊 开始采集位置系统数据...
2025-12-25 03:48:07,409 - INFO - 📋 币种列表: 27 个币种
2025-12-25 03:48:07,409 - INFO -   [1/27] 采集 BTC-USDT-SWAP...
2025-12-25 03:48:07,665 - INFO -     💰 当前价格: $87735.0
2025-12-25 03:48:07,666 - INFO -     📊 位置: 4h=55.93% | 12h=74.28% | 24h=82.23% | 48h=69.84%
2025-12-25 03:48:08,166 - INFO -   [2/27] 采集 ETH-USDT-SWAP...
2025-12-25 03:48:08,402 - INFO -     💰 当前价格: $2943.1
2025-12-25 03:48:08,403 - INFO -     📊 位置: 4h=38.37% | 12h=53.98% | 24h=74.26% | 48h=50.47%
2025-12-25 03:48:08,903 - INFO -   [3/27] 采集 XRP-USDT-SWAP...
2025-12-25 03:48:09,138 - INFO -     💰 当前价格: $1.8712
2025-12-25 03:48:09,139 - INFO -     📊 位置: 4h=89.27% | 12h=92.34% | 24h=85.85% | 48h=51.54%
2025-12-25 03:48:09,639 - INFO -   [4/27] 采集 BNB-USDT-SWAP...
2025-12-25 03:48:09,867 - INFO -     💰 当前价格: $843.5
2025-12-25 03:48:09,867 - INFO -     📊 位置: 4h=2.5% | 12h=40.78% | 24h=59.33% | 48h=39.73%
2025-12-25 03:48:10,367 - INFO -   [5/27] 采集 SOL-USDT-SWAP...
2025-12-25 03:48:10,592 - INFO -     💰 当前价格: $122.51
2025-12-25 03:48:10,593 - INFO -     📊 位置: 4h=45.28% | 12h=46.51% | 24h=68.38% | 48h=36.12%
2025-12-25 03:48:11,093 - INFO -   [6/27] 采集 LTC-USDT-SWAP...
2025-12-25 03:48:11,321 - INFO -     💰 当前价格: $76.14
2025-12-25 03:48:11,321 - INFO -     📊 位置: 4h=68.75% | 12h=72.73% | 24h=58.24% | 48h=35.61%
2025-12-25 03:48:11,822 - INFO -   [7/27] 采集 DOGE-USDT-SWAP...
2025-12-25 03:48:12,043 - INFO -     💰 当前价格: $0.12857
2025-12-25 03:48:12,043 - INFO -     📊 位置: 4h=59.5% | 12h=54.35% | 24h=72.37% | 48h=33.18%
2025-12-25 03:48:12,543 - INFO -   [8/27] 采集 SUI-USDT-SWAP...
2025-12-25 03:48:12,771 - INFO -     💰 当前价格: $1.4132
2025-12-25 03:48:12,772 - INFO -     📊 位置: 4h=40.71% | 12h=31.94% | 24h=63.88% | 48h=37.3%
2025-12-25 03:48:13,272 - INFO -   [9/27] 采集 TRX-USDT-SWAP...
2025-12-25 03:48:13,503 - INFO -     💰 当前价格: $0.28006
2025-12-25 03:48:13,504 - INFO -     📊 位置: 4h=23.85% | 12h=36.47% | 24h=24.85% | 48h=21.05%
2025-12-25 03:48:14,004 - INFO -   [10/27] 采集 TON-USDT-SWAP...
2025-12-25 03:48:14,233 - INFO -     💰 当前价格: $1.525
2025-12-25 03:48:14,233 - INFO -     📊 位置: 4h=97.22% | 12h=98.04% | 24h=98.68% | 48h=98.82%
2025-12-25 03:48:14,734 - INFO -   [11/27] 采集 ETC-USDT-SWAP...
2025-12-25 03:48:14,972 - INFO -     💰 当前价格: $12.04
2025-12-25 03:48:14,972 - INFO -     📊 位置: 4h=43.75% | 12h=62.5% | 24h=74.29% | 48h=61.9%
2025-12-25 03:48:15,473 - INFO -   [12/27] 采集 BCH-USDT-SWAP...
2025-12-25 03:48:15,713 - INFO -     💰 当前价格: $570.8
2025-12-25 03:48:15,713 - INFO -     📊 位置: 4h=59.49% | 12h=70.64% | 24h=44.0% | 48h=28.84%
2025-12-25 03:48:16,213 - INFO -   [13/27] 采集 HBAR-USDT-SWAP...
2025-12-25 03:48:16,446 - INFO -     💰 当前价格: $0.11031
2025-12-25 03:48:16,447 - INFO -     📊 位置: 4h=75.96% | 12h=78.07% | 24h=78.01% | 48h=47.01%
2025-12-25 03:48:16,947 - INFO -   [14/27] 采集 XLM-USDT-SWAP...
2025-12-25 03:48:17,176 - INFO -     💰 当前价格: $0.21423
2025-12-25 03:48:17,177 - INFO -     📊 位置: 4h=74.27% | 12h=75.87% | 24h=55.15% | 48h=35.42%
2025-12-25 03:48:17,677 - INFO -   [15/27] 采集 FIL-USDT-SWAP...
2025-12-25 03:48:17,910 - INFO -     💰 当前价格: $1.284
2025-12-25 03:48:17,910 - INFO -     📊 位置: 4h=75.0% | 12h=76.92% | 24h=62.86% | 48h=24.44%
2025-12-25 03:48:18,411 - INFO -   [16/27] 采集 LINK-USDT-SWAP...
2025-12-25 03:48:18,651 - INFO -     💰 当前价格: $12.306
2025-12-25 03:48:18,651 - INFO -     📊 位置: 4h=62.77% | 12h=73.85% | 24h=82.11% | 48h=59.09%
2025-12-25 03:48:19,152 - INFO -   [17/27] 采集 CRO-USDT-SWAP...
2025-12-25 03:48:19,396 - INFO -     💰 当前价格: $0.09404
2025-12-25 03:48:19,396 - INFO -     📊 位置: 4h=90.63% | 12h=92.39% | 24h=92.39% | 48h=50.56%
2025-12-25 03:48:19,897 - INFO -   [18/27] 采集 DOT-USDT-SWAP...
2025-12-25 03:48:20,124 - INFO -     💰 当前价格: $1.743
2025-12-25 03:48:20,125 - INFO -     📊 位置: 4h=63.64% | 12h=78.38% | 24h=73.58% | 48h=47.56%
2025-12-25 03:48:20,625 - INFO -   [19/27] 采集 AAVE-USDT-SWAP...
2025-12-25 03:48:20,850 - INFO -     💰 当前价格: $149.85
2025-12-25 03:48:20,851 - INFO -     📊 位置: 4h=56.3% | 12h=61.4% | 24h=70.44% | 48h=38.46%
2025-12-25 03:48:21,351 - INFO -   [20/27] 采集 UNI-USDT-SWAP...
2025-12-25 03:48:21,591 - INFO -     💰 当前价格: $5.795
2025-12-25 03:48:21,591 - INFO -     📊 位置: 4h=36.36% | 12h=34.56% | 24h=70.13% | 48h=39.96%
2025-12-25 03:48:22,092 - INFO -   [21/27] 采集 NEAR-USDT-SWAP...
2025-12-25 03:48:22,320 - INFO -     💰 当前价格: $1.49
2025-12-25 03:48:22,321 - INFO -     📊 位置: 4h=77.55% | 12h=81.36% | 24h=83.82% | 48h=58.76%
2025-12-25 03:48:22,821 - INFO -   [22/27] 采集 APT-USDT-SWAP...
2025-12-25 03:48:23,059 - INFO -     💰 当前价格: $1.651
2025-12-25 03:48:23,059 - INFO -     📊 位置: 4h=80.95% | 12h=89.87% | 24h=92.52% | 48h=92.52%
2025-12-25 03:48:23,559 - INFO -   [23/27] 采集 CFX-USDT-SWAP...
2025-12-25 03:48:23,791 - INFO -     💰 当前价格: $0.07641
2025-12-25 03:48:23,791 - INFO -     📊 位置: 4h=54.49% | 12h=74.02% | 24h=79.85% | 48h=79.85%
2025-12-25 03:48:24,291 - INFO -   [24/27] 采集 CRV-USDT-SWAP...
2025-12-25 03:48:24,521 - INFO -     💰 当前价格: $0.3826
2025-12-25 03:48:24,522 - INFO -     📊 位置: 4h=80.2% | 12h=77.39% | 24h=88.79% | 48h=89.17%
2025-12-25 03:48:25,022 - INFO -   [25/27] 采集 STX-USDT-SWAP...
2025-12-25 03:48:25,258 - INFO -     💰 当前价格: $0.2512
2025-12-25 03:48:25,258 - INFO -     📊 位置: 4h=92.68% | 12h=96.15% | 24h=98.04% | 48h=98.04%
2025-12-25 03:48:25,759 - INFO -   [26/27] 采集 LDO-USDT-SWAP...
2025-12-25 03:48:25,983 - INFO -     💰 当前价格: $0.5495
2025-12-25 03:48:25,983 - INFO -     📊 位置: 4h=87.07% | 12h=92.4% | 24h=94.88% | 48h=94.88%
2025-12-25 03:48:26,483 - INFO -   [27/27] 采集 TAO-USDT-SWAP...
2025-12-25 03:48:26,721 - INFO -     💰 当前价格: $222.9
2025-12-25 03:48:26,722 - INFO -     📊 位置: 4h=88.52% | 12h=93.33% | 24h=96.0% | 48h=96.0%
2025-12-25 03:48:27,229 - INFO - 💾 数据保存成功: 27 个币种
2025-12-25 03:48:27,234 - INFO - 📊 统计数据保存成功:
2025-12-25 03:48:27,234 - INFO -     4h低于1%: 0/27
2025-12-25 03:48:27,234 - INFO -    12h低于1%: 0/27
2025-12-25 03:48:27,234 - INFO -    24h低于1%: 0/27
2025-12-25 03:48:27,234 - INFO -    48h低于1%: 0/27
2025-12-25 03:48:27,234 - INFO - ✅ 数据采集完成: 成功 27/27
2025-12-25 03:48:27,235 - INFO - ⏳ 等待 300 秒后进行下一次采集...

2025-12-25 03:52:48,013 - INFO - ⛔ 收到停止信号，退出采集器
2025-12-25 03:52:48,358 - INFO - ✅ 数据库初始化完成
2025-12-25 03:52:48,358 - INFO - 📊 开始采集位置系统数据...
2025-12-25 03:52:48,358 - INFO - 📋 币种列表: 27 个币种
2025-12-25 03:52:48,369 - INFO -   [1/27] 采集 BTC-USDT-SWAP...
2025-12-25 03:52:48,602 - INFO -     💰 当前价格: $87796.7
2025-12-25 03:52:48,603 - INFO -     📊 位置: 4h=69.21% | 12h=79.58% | 24h=85.89% | 48h=72.96%
2025-12-25 03:52:49,103 - INFO -   [2/27] 采集 ETH-USDT-SWAP...
2025-12-25 03:52:49,344 - INFO -     💰 当前价格: $2945.32
2025-12-25 03:52:49,345 - INFO -     📊 位置: 4h=48.97% | 12h=59.16% | 24h=77.15% | 48h=52.44%
2025-12-25 03:52:49,845 - INFO -   [3/27] 采集 XRP-USDT-SWAP...
2025-12-25 03:52:50,083 - INFO -     💰 当前价格: $1.8693
2025-12-25 03:52:50,084 - INFO -     📊 位置: 4h=78.53% | 12h=84.68% | 24h=81.22% | 48h=48.76%
2025-12-25 03:52:50,584 - INFO -   [4/27] 采集 BNB-USDT-SWAP...
2025-12-25 03:52:50,825 - INFO -     💰 当前价格: $844.0
2025-12-25 03:52:50,825 - INFO -     📊 位置: 4h=15.0% | 12h=45.63% | 24h=62.67% | 48h=41.96%
2025-12-25 03:52:51,325 - INFO -   [5/27] 采集 SOL-USDT-SWAP...
2025-12-25 03:52:51,555 - INFO -     💰 当前价格: $122.58
2025-12-25 03:52:51,556 - INFO -     📊 位置: 4h=51.89% | 12h=50.58% | 24h=70.79% | 48h=37.39%
2025-12-25 03:52:52,056 - INFO -   [6/27] 采集 LTC-USDT-SWAP...
2025-12-25 03:52:52,289 - INFO -     💰 当前价格: $76.17
2025-12-25 03:52:52,289 - INFO -     📊 位置: 4h=71.88% | 12h=75.45% | 24h=60.0% | 48h=36.69%
2025-12-25 03:52:52,790 - INFO -   [7/27] 采集 DOGE-USDT-SWAP...
2025-12-25 03:52:53,027 - INFO -     💰 当前价格: $0.12864
2025-12-25 03:52:53,028 - INFO -     📊 位置: 4h=65.29% | 12h=58.15% | 24h=74.67% | 48h=34.24%
2025-12-25 03:52:53,528 - INFO -   [8/27] 采集 SUI-USDT-SWAP...
2025-12-25 03:52:53,751 - INFO -     💰 当前价格: $1.4162
2025-12-25 03:52:53,751 - INFO -     📊 位置: 4h=62.14% | 12h=45.83% | 24h=71.25% | 48h=41.61%
2025-12-25 03:52:54,252 - INFO -   [9/27] 采集 TRX-USDT-SWAP...
2025-12-25 03:52:54,486 - INFO -     💰 当前价格: $0.28005
2025-12-25 03:52:54,486 - INFO -     📊 位置: 4h=22.94% | 12h=36.18% | 24h=24.65% | 48h=20.88%
2025-12-25 03:52:54,986 - INFO -   [10/27] 采集 TON-USDT-SWAP...
2025-12-25 03:52:55,223 - INFO -     💰 当前价格: $1.522
2025-12-25 03:52:55,224 - INFO -     📊 位置: 4h=88.89% | 12h=92.16% | 24h=94.74% | 48h=95.29%
2025-12-25 03:52:55,724 - INFO -   [11/27] 采集 ETC-USDT-SWAP...
2025-12-25 03:52:55,957 - INFO -     💰 当前价格: $12.05
2025-12-25 03:52:55,957 - INFO -     📊 位置: 4h=50.0% | 12h=66.67% | 24h=77.14% | 48h=64.29%
2025-12-25 03:52:56,457 - INFO -   [12/27] 采集 BCH-USDT-SWAP...
2025-12-25 03:52:56,694 - INFO -     💰 当前价格: $571.7
2025-12-25 03:52:56,694 - INFO -     📊 位置: 4h=70.89% | 12h=78.9% | 24h=49.14% | 48h=32.21%
2025-12-25 03:52:57,194 - INFO -   [13/27] 采集 HBAR-USDT-SWAP...
2025-12-25 03:52:57,427 - INFO -     💰 当前价格: $0.1105
2025-12-25 03:52:57,427 - INFO -     📊 位置: 4h=85.1% | 12h=86.4% | 24h=84.75% | 48h=51.07%
2025-12-25 03:52:57,928 - INFO -   [14/27] 采集 XLM-USDT-SWAP...
2025-12-25 03:52:58,157 - INFO -     💰 当前价格: $0.21428
2025-12-25 03:52:58,157 - INFO -     📊 位置: 4h=75.6% | 12h=77.11% | 24h=56.06% | 48h=36.0%
2025-12-25 03:52:58,657 - INFO -   [15/27] 采集 FIL-USDT-SWAP...
2025-12-25 03:52:58,889 - INFO -     💰 当前价格: $1.284
2025-12-25 03:52:58,889 - INFO -     📊 位置: 4h=75.0% | 12h=76.92% | 24h=62.86% | 48h=24.44%
2025-12-25 03:52:59,390 - INFO -   [16/27] 采集 LINK-USDT-SWAP...
2025-12-25 03:52:59,625 - INFO -     💰 当前价格: $12.32
2025-12-25 03:52:59,626 - INFO -     📊 位置: 4h=72.99% | 12h=79.23% | 24h=85.79% | 48h=61.74%
2025-12-25 03:53:00,126 - INFO -   [17/27] 采集 CRO-USDT-SWAP...
2025-12-25 03:53:00,356 - INFO -     💰 当前价格: $0.09415
2025-12-25 03:53:00,357 - INFO -     📊 位置: 4h=97.5% | 12h=97.97% | 24h=97.97% | 48h=53.61%
2025-12-25 03:53:00,857 - INFO -   [18/27] 采集 DOT-USDT-SWAP...
2025-12-25 03:53:01,097 - INFO -     💰 当前价格: $1.746
2025-12-25 03:53:01,097 - INFO -     📊 位置: 4h=77.27% | 12h=86.49% | 24h=79.25% | 48h=51.22%
2025-12-25 03:53:01,597 - INFO -   [19/27] 采集 AAVE-USDT-SWAP...
2025-12-25 03:53:01,820 - INFO -     💰 当前价格: $150.12
2025-12-25 03:53:01,820 - INFO -     📊 位置: 4h=64.22% | 12h=68.39% | 24h=75.79% | 48h=41.39%
2025-12-25 03:53:02,320 - INFO -   [20/27] 采集 UNI-USDT-SWAP...
2025-12-25 03:53:02,555 - INFO -     💰 当前价格: $5.813
2025-12-25 03:53:02,555 - INFO -     📊 位置: 4h=54.55% | 12h=47.79% | 24h=76.17% | 48h=43.4%
2025-12-25 03:53:03,055 - INFO -   [21/27] 采集 NEAR-USDT-SWAP...
2025-12-25 03:53:03,285 - INFO -     💰 当前价格: $1.495
2025-12-25 03:53:03,285 - INFO -     📊 位置: 4h=87.76% | 12h=89.83% | 24h=91.18% | 48h=63.92%
2025-12-25 03:53:03,786 - INFO -   [22/27] 采集 APT-USDT-SWAP...
2025-12-25 03:53:04,030 - INFO -     💰 当前价格: $1.651
2025-12-25 03:53:04,031 - INFO -     📊 位置: 4h=80.95% | 12h=89.87% | 24h=92.52% | 48h=92.52%
2025-12-25 03:53:04,531 - INFO -   [23/27] 采集 CFX-USDT-SWAP...
2025-12-25 03:53:04,771 - INFO -     💰 当前价格: $0.0762
2025-12-25 03:53:04,771 - INFO -     📊 位置: 4h=50.1% | 12h=71.51% | 24h=77.91% | 48h=77.91%
2025-12-25 03:53:05,272 - INFO -   [24/27] 采集 CRV-USDT-SWAP...
2025-12-25 03:53:05,510 - INFO -     💰 当前价格: $0.3826
2025-12-25 03:53:05,510 - INFO -     📊 位置: 4h=80.2% | 12h=77.39% | 24h=88.79% | 48h=89.17%
2025-12-25 03:53:06,011 - INFO -   [25/27] 采集 STX-USDT-SWAP...
2025-12-25 03:53:06,239 - INFO -     💰 当前价格: $0.2516
2025-12-25 03:53:06,240 - INFO -     📊 位置: 4h=100.0% | 12h=100.0% | 24h=100.0% | 48h=100.0%
2025-12-25 03:53:06,740 - INFO -   [26/27] 采集 LDO-USDT-SWAP...
2025-12-25 03:53:06,970 - INFO -     💰 当前价格: $0.5499
2025-12-25 03:53:06,970 - INFO -     📊 位置: 4h=89.8% | 12h=94.0% | 24h=95.96% | 48h=95.96%
2025-12-25 03:53:07,471 - INFO -   [27/27] 采集 TAO-USDT-SWAP...
2025-12-25 03:53:07,721 - INFO -     💰 当前价格: $222.9
2025-12-25 03:53:07,721 - INFO -     📊 位置: 4h=88.52% | 12h=93.33% | 24h=96.0% | 48h=96.0%
2025-12-25 03:53:08,228 - INFO - 💾 数据保存成功: 27 个币种
2025-12-25 03:53:08,234 - INFO - 📊 统计数据保存成功:
2025-12-25 03:53:08,234 - INFO -     4h低于1%: 0/27
2025-12-25 03:53:08,234 - INFO -    12h低于1%: 0/27
2025-12-25 03:53:08,234 - INFO -    24h低于1%: 0/27
2025-12-25 03:53:08,234 - INFO -    48h低于1%: 0/27
2025-12-25 03:53:08,234 - INFO - ✅ 数据采集完成: 成功 27/27
2025-12-25 03:53:08,234 - INFO - 🚀 位置系统采集器启动，采集间隔: 300秒
2025-12-25 03:53:08,235 - INFO - 📊 开始采集位置系统数据...
2025-12-25 03:53:08,235 - INFO - 📋 币种列表: 27 个币种
2025-12-25 03:53:08,235 - INFO -   [1/27] 采集 BTC-USDT-SWAP...
2025-12-25 03:53:08,481 - INFO -     💰 当前价格: $87796.6
2025-12-25 03:53:08,482 - INFO -     📊 位置: 4h=69.18% | 12h=79.57% | 24h=85.88% | 48h=72.95%
2025-12-25 03:53:08,982 - INFO -   [2/27] 采集 ETH-USDT-SWAP...
2025-12-25 03:53:09,215 - INFO -     💰 当前价格: $2945.34
2025-12-25 03:53:09,215 - INFO -     📊 位置: 4h=49.07% | 12h=59.2% | 24h=77.18% | 48h=52.46%
2025-12-25 03:53:09,716 - INFO -   [3/27] 采集 XRP-USDT-SWAP...
2025-12-25 03:53:09,954 - INFO -     💰 当前价格: $1.8694
2025-12-25 03:53:09,954 - INFO -     📊 位置: 4h=79.1% | 12h=85.08% | 24h=81.46% | 48h=48.9%
2025-12-25 03:53:10,454 - INFO -   [4/27] 采集 BNB-USDT-SWAP...
2025-12-25 03:53:10,699 - INFO -     💰 当前价格: $844.1
2025-12-25 03:53:10,700 - INFO -     📊 位置: 4h=17.5% | 12h=46.6% | 24h=63.33% | 48h=42.41%
2025-12-25 03:53:11,200 - INFO -   [5/27] 采集 SOL-USDT-SWAP...
2025-12-25 03:53:11,440 - INFO -     💰 当前价格: $122.58
2025-12-25 03:53:11,440 - INFO -     📊 位置: 4h=51.89% | 12h=50.58% | 24h=70.79% | 48h=37.39%
2025-12-25 03:53:11,940 - INFO -   [6/27] 采集 LTC-USDT-SWAP...
2025-12-25 03:53:12,170 - INFO -     💰 当前价格: $76.17
2025-12-25 03:53:12,170 - INFO -     📊 位置: 4h=71.88% | 12h=75.45% | 24h=60.0% | 48h=36.69%
2025-12-25 03:53:12,671 - INFO -   [7/27] 采集 DOGE-USDT-SWAP...
2025-12-25 03:53:12,934 - INFO -     💰 当前价格: $0.12864
2025-12-25 03:53:12,934 - INFO -     📊 位置: 4h=65.29% | 12h=58.15% | 24h=74.67% | 48h=34.24%
2025-12-25 03:53:13,435 - INFO -   [8/27] 采集 SUI-USDT-SWAP...
2025-12-25 03:53:13,661 - INFO -     💰 当前价格: $1.4162
2025-12-25 03:53:13,661 - INFO -     📊 位置: 4h=62.14% | 12h=45.83% | 24h=71.25% | 48h=41.61%
2025-12-25 03:53:14,161 - INFO -   [9/27] 采集 TRX-USDT-SWAP...
2025-12-25 03:53:14,399 - INFO -     💰 当前价格: $0.28005
2025-12-25 03:53:14,399 - INFO -     📊 位置: 4h=22.94% | 12h=36.18% | 24h=24.65% | 48h=20.88%
2025-12-25 03:53:14,899 - INFO -   [10/27] 采集 TON-USDT-SWAP...
2025-12-25 03:53:15,128 - INFO -     💰 当前价格: $1.523
2025-12-25 03:53:15,128 - INFO -     📊 位置: 4h=91.67% | 12h=94.12% | 24h=96.05% | 48h=96.47%
2025-12-25 03:53:15,628 - INFO -   [11/27] 采集 ETC-USDT-SWAP...
2025-12-25 03:53:15,853 - INFO -     💰 当前价格: $12.05
2025-12-25 03:53:15,853 - INFO -     📊 位置: 4h=50.0% | 12h=66.67% | 24h=77.14% | 48h=64.29%
2025-12-25 03:53:16,354 - INFO -   [12/27] 采集 BCH-USDT-SWAP...
2025-12-25 03:53:16,599 - INFO -     💰 当前价格: $571.8
2025-12-25 03:53:16,599 - INFO -     📊 位置: 4h=72.15% | 12h=79.82% | 24h=49.71% | 48h=32.58%
2025-12-25 03:53:17,100 - INFO -   [13/27] 采集 HBAR-USDT-SWAP...
2025-12-25 03:53:17,339 - INFO -     💰 当前价格: $0.1105
2025-12-25 03:53:17,340 - INFO -     📊 位置: 4h=85.1% | 12h=86.4% | 24h=84.75% | 48h=51.07%
2025-12-25 03:53:17,840 - INFO -   [14/27] 采集 XLM-USDT-SWAP...
2025-12-25 03:53:18,075 - INFO -     💰 当前价格: $0.2143
2025-12-25 03:53:18,076 - INFO -     📊 位置: 4h=76.13% | 12h=77.61% | 24h=56.42% | 48h=36.24%
2025-12-25 03:53:18,576 - INFO -   [15/27] 采集 FIL-USDT-SWAP...
2025-12-25 03:53:18,815 - INFO -     💰 当前价格: $1.284
2025-12-25 03:53:18,816 - INFO -     📊 位置: 4h=75.0% | 12h=76.92% | 24h=62.86% | 48h=24.44%
2025-12-25 03:53:19,316 - INFO -   [16/27] 采集 LINK-USDT-SWAP...
2025-12-25 03:53:19,556 - INFO -     💰 当前价格: $12.32
2025-12-25 03:53:19,556 - INFO -     📊 位置: 4h=72.99% | 12h=79.23% | 24h=85.79% | 48h=61.74%
2025-12-25 03:53:20,056 - INFO -   [17/27] 采集 CRO-USDT-SWAP...
2025-12-25 03:53:20,389 - INFO -     💰 当前价格: $0.09415
2025-12-25 03:53:20,390 - INFO -     📊 位置: 4h=97.5% | 12h=97.97% | 24h=97.97% | 48h=53.61%
2025-12-25 03:53:20,890 - INFO -   [18/27] 采集 DOT-USDT-SWAP...
2025-12-25 03:53:21,116 - INFO -     💰 当前价格: $1.745
2025-12-25 03:53:21,117 - INFO -     📊 位置: 4h=72.73% | 12h=83.78% | 24h=77.36% | 48h=50.0%
2025-12-25 03:53:21,617 - INFO -   [19/27] 采集 AAVE-USDT-SWAP...
2025-12-25 03:53:21,856 - INFO -     💰 当前价格: $150.12
2025-12-25 03:53:21,856 - INFO -     📊 位置: 4h=64.22% | 12h=68.39% | 24h=75.79% | 48h=41.39%
2025-12-25 03:53:22,356 - INFO -   [20/27] 采集 UNI-USDT-SWAP...
2025-12-25 03:53:22,584 - INFO -     💰 当前价格: $5.814
2025-12-25 03:53:22,585 - INFO -     📊 位置: 4h=55.56% | 12h=48.53% | 24h=76.51% | 48h=43.59%
2025-12-25 03:53:23,085 - INFO -   [21/27] 采集 NEAR-USDT-SWAP...
2025-12-25 03:53:23,315 - INFO -     💰 当前价格: $1.496
2025-12-25 03:53:23,316 - INFO -     📊 位置: 4h=89.8% | 12h=91.53% | 24h=92.65% | 48h=64.95%
2025-12-25 03:53:23,816 - INFO -   [22/27] 采集 APT-USDT-SWAP...
2025-12-25 03:53:24,045 - INFO -     💰 当前价格: $1.652
2025-12-25 03:53:24,045 - INFO -     📊 位置: 4h=83.33% | 12h=91.14% | 24h=93.46% | 48h=93.46%
2025-12-25 03:53:24,545 - INFO -   [23/27] 采集 CFX-USDT-SWAP...
2025-12-25 03:53:24,769 - INFO -     💰 当前价格: $0.07613
2025-12-25 03:53:24,769 - INFO -     📊 位置: 4h=48.64% | 12h=70.68% | 24h=77.26% | 48h=77.26%
2025-12-25 03:53:25,270 - INFO -   [24/27] 采集 CRV-USDT-SWAP...
2025-12-25 03:53:25,500 - INFO -     💰 当前价格: $0.3826
2025-12-25 03:53:25,500 - INFO -     📊 位置: 4h=80.2% | 12h=77.39% | 24h=88.79% | 48h=89.17%
2025-12-25 03:53:26,001 - INFO -   [25/27] 采集 STX-USDT-SWAP...
2025-12-25 03:53:26,236 - INFO -     💰 当前价格: $0.2516
2025-12-25 03:53:26,236 - INFO -     📊 位置: 4h=100.0% | 12h=100.0% | 24h=100.0% | 48h=100.0%
2025-12-25 03:53:26,736 - INFO -   [26/27] 采集 LDO-USDT-SWAP...
2025-12-25 03:53:26,966 - INFO -     💰 当前价格: $0.5499
2025-12-25 03:53:26,966 - INFO -     📊 位置: 4h=89.8% | 12h=94.0% | 24h=95.96% | 48h=95.96%
2025-12-25 03:53:27,466 - INFO -   [27/27] 采集 TAO-USDT-SWAP...
2025-12-25 03:53:27,700 - INFO -     💰 当前价格: $222.9
2025-12-25 03:53:27,700 - INFO -     📊 位置: 4h=88.52% | 12h=93.33% | 24h=96.0% | 48h=96.0%
2025-12-25 03:53:28,206 - INFO - 💾 数据保存成功: 27 个币种
2025-12-25 03:53:28,211 - INFO - 📊 统计数据保存成功:
2025-12-25 03:53:28,212 - INFO -     4h低于1%: 0/27
2025-12-25 03:53:28,212 - INFO -    12h低于1%: 0/27
2025-12-25 03:53:28,212 - INFO -    24h低于1%: 0/27
2025-12-25 03:53:28,212 - INFO -    48h低于1%: 0/27
2025-12-25 03:53:28,212 - INFO - ✅ 数据采集完成: 成功 27/27
2025-12-25 03:53:28,213 - INFO - ⏳ 等待 300 秒后进行下一次采集...

2025-12-25 03:57:48,868 - INFO - ⛔ 收到停止信号，退出采集器
2025-12-25 03:57:49,209 - INFO - ✅ 数据库初始化完成
2025-12-25 03:57:49,209 - INFO - 📊 开始采集位置系统数据...
2025-12-25 03:57:49,210 - INFO - 📋 币种列表: 27 个币种
2025-12-25 03:57:49,220 - INFO -   [1/27] 采集 BTC-USDT-SWAP...
2025-12-25 03:57:49,458 - INFO -     💰 当前价格: $87808.2
2025-12-25 03:57:49,458 - INFO -     📊 位置: 4h=71.68% | 12h=80.57% | 24h=86.57% | 48h=73.54%
2025-12-25 03:57:49,958 - INFO -   [2/27] 采集 ETH-USDT-SWAP...
2025-12-25 03:57:50,196 - INFO -     💰 当前价格: $2946.0
2025-12-25 03:57:50,196 - INFO -     📊 位置: 4h=52.22% | 12h=60.74% | 24h=78.04% | 48h=53.04%
2025-12-25 03:57:50,697 - INFO -   [3/27] 采集 XRP-USDT-SWAP...
2025-12-25 03:57:50,938 - INFO -     💰 当前价格: $1.8694
2025-12-25 03:57:50,939 - INFO -     📊 位置: 4h=79.1% | 12h=85.08% | 24h=81.46% | 48h=48.9%
2025-12-25 03:57:51,439 - INFO -   [4/27] 采集 BNB-USDT-SWAP...
2025-12-25 03:57:51,672 - INFO -     💰 当前价格: $844.4
2025-12-25 03:57:51,672 - INFO -     📊 位置: 4h=25.0% | 12h=49.51% | 24h=65.33% | 48h=43.75%
2025-12-25 03:57:52,173 - INFO -   [5/27] 采集 SOL-USDT-SWAP...
2025-12-25 03:57:52,413 - INFO -     💰 当前价格: $122.62
2025-12-25 03:57:52,414 - INFO -     📊 位置: 4h=55.66% | 12h=52.91% | 24h=72.16% | 48h=38.11%
2025-12-25 03:57:52,914 - INFO -   [6/27] 采集 LTC-USDT-SWAP...
2025-12-25 03:57:53,150 - INFO -     💰 当前价格: $76.22
2025-12-25 03:57:53,151 - INFO -     📊 位置: 4h=77.08% | 12h=80.0% | 24h=62.94% | 48h=38.49%
2025-12-25 03:57:53,651 - INFO -   [7/27] 采集 DOGE-USDT-SWAP...
2025-12-25 03:57:53,894 - INFO -     💰 当前价格: $0.12873
2025-12-25 03:57:53,894 - INFO -     📊 位置: 4h=72.73% | 12h=63.04% | 24h=77.63% | 48h=35.6%
2025-12-25 03:57:54,394 - INFO -   [8/27] 采集 SUI-USDT-SWAP...
2025-12-25 03:57:54,635 - INFO -     💰 当前价格: $1.417
2025-12-25 03:57:54,636 - INFO -     📊 位置: 4h=67.86% | 12h=49.54% | 24h=73.22% | 48h=42.75%
2025-12-25 03:57:55,136 - INFO -   [9/27] 采集 TRX-USDT-SWAP...
2025-12-25 03:57:55,360 - INFO -     💰 当前价格: $0.28003
2025-12-25 03:57:55,361 - INFO -     📊 位置: 4h=21.1% | 12h=35.59% | 24h=24.25% | 48h=20.54%
2025-12-25 03:57:55,861 - INFO -   [10/27] 采集 TON-USDT-SWAP...
2025-12-25 03:57:56,082 - INFO -     💰 当前价格: $1.523
2025-12-25 03:57:56,083 - INFO -     📊 位置: 4h=91.67% | 12h=94.12% | 24h=96.05% | 48h=96.47%
2025-12-25 03:57:56,583 - INFO -   [11/27] 采集 ETC-USDT-SWAP...
2025-12-25 03:57:56,801 - INFO -     💰 当前价格: $12.05
2025-12-25 03:57:56,801 - INFO -     📊 位置: 4h=50.0% | 12h=66.67% | 24h=77.14% | 48h=64.29%
2025-12-25 03:57:57,301 - INFO -   [12/27] 采集 BCH-USDT-SWAP...
2025-12-25 03:57:57,530 - INFO -     💰 当前价格: $571.8
2025-12-25 03:57:57,530 - INFO -     📊 位置: 4h=72.15% | 12h=79.82% | 24h=49.71% | 48h=32.58%
2025-12-25 03:57:58,031 - INFO -   [13/27] 采集 HBAR-USDT-SWAP...
2025-12-25 03:57:58,268 - INFO -     💰 当前价格: $0.11057
2025-12-25 03:57:58,269 - INFO -     📊 位置: 4h=88.46% | 12h=89.47% | 24h=87.23% | 48h=52.56%
2025-12-25 03:57:58,769 - INFO -   [14/27] 采集 XLM-USDT-SWAP...
2025-12-25 03:57:59,005 - INFO -     💰 当前价格: $0.21436
2025-12-25 03:57:59,005 - INFO -     📊 位置: 4h=77.72% | 12h=79.1% | 24h=57.5% | 48h=36.93%
2025-12-25 03:57:59,506 - INFO -   [15/27] 采集 FIL-USDT-SWAP...
2025-12-25 03:57:59,745 - INFO -     💰 当前价格: $1.283
2025-12-25 03:57:59,745 - INFO -     📊 位置: 4h=70.83% | 12h=73.08% | 24h=60.0% | 48h=23.33%
2025-12-25 03:58:00,245 - INFO -   [16/27] 采集 LINK-USDT-SWAP...
2025-12-25 03:58:00,483 - INFO -     💰 当前价格: $12.326
2025-12-25 03:58:00,483 - INFO -     📊 位置: 4h=77.37% | 12h=81.54% | 24h=87.37% | 48h=62.88%
2025-12-25 03:58:00,984 - INFO -   [17/27] 采集 CRO-USDT-SWAP...
2025-12-25 03:58:01,210 - INFO -     💰 当前价格: $0.09422
2025-12-25 03:58:01,210 - INFO -     📊 位置: 4h=100.0% | 12h=100.0% | 24h=100.0% | 48h=55.56%
2025-12-25 03:58:01,711 - INFO -   [18/27] 采集 DOT-USDT-SWAP...
2025-12-25 03:58:01,951 - INFO -     💰 当前价格: $1.745
2025-12-25 03:58:01,951 - INFO -     📊 位置: 4h=72.73% | 12h=83.78% | 24h=77.36% | 48h=50.0%
2025-12-25 03:58:02,451 - INFO -   [19/27] 采集 AAVE-USDT-SWAP...
2025-12-25 03:58:02,695 - INFO -     💰 当前价格: $150.44
2025-12-25 03:58:02,696 - INFO -     📊 位置: 4h=73.61% | 12h=76.68% | 24h=82.14% | 48h=44.85%
2025-12-25 03:58:03,196 - INFO -   [20/27] 采集 UNI-USDT-SWAP...
2025-12-25 03:58:03,438 - INFO -     💰 当前价格: $5.817
2025-12-25 03:58:03,438 - INFO -     📊 位置: 4h=58.59% | 12h=50.74% | 24h=77.52% | 48h=44.17%
2025-12-25 03:58:03,939 - INFO -   [21/27] 采集 NEAR-USDT-SWAP...
2025-12-25 03:58:04,334 - INFO -     💰 当前价格: $1.496
2025-12-25 03:58:04,335 - INFO -     📊 位置: 4h=89.8% | 12h=91.53% | 24h=92.65% | 48h=64.95%
2025-12-25 03:58:04,835 - INFO -   [22/27] 采集 APT-USDT-SWAP...
2025-12-25 03:58:05,065 - INFO -     💰 当前价格: $1.649
2025-12-25 03:58:05,065 - INFO -     📊 位置: 4h=76.19% | 12h=87.34% | 24h=90.65% | 48h=90.65%
2025-12-25 03:58:05,566 - INFO -   [23/27] 采集 CFX-USDT-SWAP...
2025-12-25 03:58:05,812 - INFO -     💰 当前价格: $0.07649
2025-12-25 03:58:05,813 - INFO -     📊 位置: 4h=56.16% | 12h=74.97% | 24h=80.59% | 48h=80.59%
2025-12-25 03:58:06,313 - INFO -   [24/27] 采集 CRV-USDT-SWAP...
2025-12-25 03:58:06,553 - INFO -     💰 当前价格: $0.3827
2025-12-25 03:58:06,553 - INFO -     📊 位置: 4h=81.19% | 12h=78.26% | 24h=89.22% | 48h=89.58%
2025-12-25 03:58:07,053 - INFO -   [25/27] 采集 STX-USDT-SWAP...
2025-12-25 03:58:07,293 - INFO -     💰 当前价格: $0.2516
2025-12-25 03:58:07,293 - INFO -     📊 位置: 4h=97.67% | 12h=98.75% | 24h=99.35% | 48h=99.35%
2025-12-25 03:58:07,794 - INFO -   [26/27] 采集 LDO-USDT-SWAP...
2025-12-25 03:58:08,038 - INFO -     💰 当前价格: $0.5498
2025-12-25 03:58:08,038 - INFO -     📊 位置: 4h=89.12% | 12h=93.6% | 24h=95.69% | 48h=95.69%
2025-12-25 03:58:08,539 - INFO -   [27/27] 采集 TAO-USDT-SWAP...
2025-12-25 03:58:08,772 - INFO -     💰 当前价格: $223.5
2025-12-25 03:58:08,772 - INFO -     📊 位置: 4h=98.36% | 12h=99.05% | 24h=99.43% | 48h=99.43%
2025-12-25 03:58:09,279 - INFO - 💾 数据保存成功: 27 个币种
2025-12-25 03:58:09,284 - INFO - 📊 统计数据保存成功:
2025-12-25 03:58:09,284 - INFO -     4h低于1%: 0/27
2025-12-25 03:58:09,285 - INFO -    12h低于1%: 0/27
2025-12-25 03:58:09,285 - INFO -    24h低于1%: 0/27
2025-12-25 03:58:09,285 - INFO -    48h低于1%: 0/27
2025-12-25 03:58:09,285 - INFO - ✅ 数据采集完成: 成功 27/27
2025-12-25 03:58:09,285 - INFO - 🚀 位置系统采集器启动，采集间隔: 300秒
2025-12-25 03:58:09,286 - INFO - 📊 开始采集位置系统数据...
2025-12-25 03:58:09,286 - INFO - 📋 币种列表: 27 个币种
2025-12-25 03:58:09,286 - INFO -   [1/27] 采集 BTC-USDT-SWAP...
2025-12-25 03:58:09,516 - INFO -     💰 当前价格: $87804.5
2025-12-25 03:58:09,516 - INFO -     📊 位置: 4h=70.88% | 12h=80.25% | 24h=86.35% | 48h=73.35%
2025-12-25 03:58:10,016 - INFO -   [2/27] 采集 ETH-USDT-SWAP...
2025-12-25 03:58:10,247 - INFO -     💰 当前价格: $2946.0
2025-12-25 03:58:10,247 - INFO -     📊 位置: 4h=52.22% | 12h=60.74% | 24h=78.04% | 48h=53.04%
2025-12-25 03:58:10,747 - INFO -   [3/27] 采集 XRP-USDT-SWAP...
2025-12-25 03:58:10,976 - INFO -     💰 当前价格: $1.8692
2025-12-25 03:58:10,976 - INFO -     📊 位置: 4h=77.97% | 12h=84.27% | 24h=80.98% | 48h=48.61%
2025-12-25 03:58:11,476 - INFO -   [4/27] 采集 BNB-USDT-SWAP...
2025-12-25 03:58:11,708 - INFO -     💰 当前价格: $844.4
2025-12-25 03:58:11,708 - INFO -     📊 位置: 4h=25.0% | 12h=49.51% | 24h=65.33% | 48h=43.75%
2025-12-25 03:58:12,209 - INFO -   [5/27] 采集 SOL-USDT-SWAP...
2025-12-25 03:58:12,443 - INFO -     💰 当前价格: $122.63
2025-12-25 03:58:12,444 - INFO -     📊 位置: 4h=56.6% | 12h=53.49% | 24h=72.51% | 48h=38.29%
2025-12-25 03:58:12,944 - INFO -   [6/27] 采集 LTC-USDT-SWAP...
2025-12-25 03:58:13,193 - INFO -     💰 当前价格: $76.22
2025-12-25 03:58:13,193 - INFO -     📊 位置: 4h=77.08% | 12h=80.0% | 24h=62.94% | 48h=38.49%
2025-12-25 03:58:13,693 - INFO -   [7/27] 采集 DOGE-USDT-SWAP...
2025-12-25 03:58:13,926 - INFO -     💰 当前价格: $0.12874
2025-12-25 03:58:13,926 - INFO -     📊 位置: 4h=73.55% | 12h=63.59% | 24h=77.96% | 48h=35.75%
2025-12-25 03:58:14,427 - INFO -   [8/27] 采集 SUI-USDT-SWAP...
2025-12-25 03:58:14,661 - INFO -     💰 当前价格: $1.4173
2025-12-25 03:58:14,661 - INFO -     📊 位置: 4h=70.0% | 12h=50.93% | 24h=73.96% | 48h=43.19%
2025-12-25 03:58:15,162 - INFO -   [9/27] 采集 TRX-USDT-SWAP...
2025-12-25 03:58:15,401 - INFO -     💰 当前价格: $0.28003
2025-12-25 03:58:15,401 - INFO -     📊 位置: 4h=21.1% | 12h=35.59% | 24h=24.25% | 48h=20.54%
2025-12-25 03:58:15,902 - INFO -   [10/27] 采集 TON-USDT-SWAP...
2025-12-25 03:58:16,307 - INFO -     💰 当前价格: $1.522
2025-12-25 03:58:16,307 - INFO -     📊 位置: 4h=88.89% | 12h=92.16% | 24h=94.74% | 48h=95.29%
2025-12-25 03:58:16,808 - INFO -   [11/27] 采集 ETC-USDT-SWAP...
2025-12-25 03:58:17,039 - INFO -     💰 当前价格: $12.05
2025-12-25 03:58:17,039 - INFO -     📊 位置: 4h=50.0% | 12h=66.67% | 24h=77.14% | 48h=64.29%
2025-12-25 03:58:17,540 - INFO -   [12/27] 采集 BCH-USDT-SWAP...
2025-12-25 03:58:17,770 - INFO -     💰 当前价格: $571.7
2025-12-25 03:58:17,771 - INFO -     📊 位置: 4h=70.89% | 12h=78.9% | 24h=49.14% | 48h=32.21%
2025-12-25 03:58:18,271 - INFO -   [13/27] 采集 HBAR-USDT-SWAP...
2025-12-25 03:58:18,503 - INFO -     💰 当前价格: $0.11057
2025-12-25 03:58:18,503 - INFO -     📊 位置: 4h=88.46% | 12h=89.47% | 24h=87.23% | 48h=52.56%
2025-12-25 03:58:19,004 - INFO -   [14/27] 采集 XLM-USDT-SWAP...
2025-12-25 03:58:19,230 - INFO -     💰 当前价格: $0.2144
2025-12-25 03:58:19,230 - INFO -     📊 位置: 4h=78.78% | 12h=80.1% | 24h=58.23% | 48h=37.4%
2025-12-25 03:58:19,730 - INFO -   [15/27] 采集 FIL-USDT-SWAP...
2025-12-25 03:58:19,959 - INFO -     💰 当前价格: $1.283
2025-12-25 03:58:19,960 - INFO -     📊 位置: 4h=70.83% | 12h=73.08% | 24h=60.0% | 48h=23.33%
2025-12-25 03:58:20,460 - INFO -   [16/27] 采集 LINK-USDT-SWAP...
2025-12-25 03:58:20,691 - INFO -     💰 当前价格: $12.326
2025-12-25 03:58:20,692 - INFO -     📊 位置: 4h=77.37% | 12h=81.54% | 24h=87.37% | 48h=62.88%
2025-12-25 03:58:21,192 - INFO -   [17/27] 采集 CRO-USDT-SWAP...
2025-12-25 03:58:21,424 - INFO -     💰 当前价格: $0.09416
2025-12-25 03:58:21,424 - INFO -     📊 位置: 4h=96.32% | 12h=97.0% | 24h=97.0% | 48h=53.89%
2025-12-25 03:58:21,925 - INFO -   [18/27] 采集 DOT-USDT-SWAP...
2025-12-25 03:58:22,162 - INFO -     💰 当前价格: $1.745
2025-12-25 03:58:22,163 - INFO -     📊 位置: 4h=72.73% | 12h=83.78% | 24h=77.36% | 48h=50.0%
2025-12-25 03:58:22,663 - INFO -   [19/27] 采集 AAVE-USDT-SWAP...
2025-12-25 03:58:22,903 - INFO -     💰 当前价格: $150.44
2025-12-25 03:58:22,904 - INFO -     📊 位置: 4h=73.61% | 12h=76.68% | 24h=82.14% | 48h=44.85%
2025-12-25 03:58:23,405 - INFO -   [20/27] 采集 UNI-USDT-SWAP...
2025-12-25 03:58:23,641 - INFO -     💰 当前价格: $5.816
2025-12-25 03:58:23,642 - INFO -     📊 位置: 4h=57.58% | 12h=50.0% | 24h=77.18% | 48h=43.98%
2025-12-25 03:58:24,142 - INFO -   [21/27] 采集 NEAR-USDT-SWAP...
2025-12-25 03:58:24,373 - INFO -     💰 当前价格: $1.497
2025-12-25 03:58:24,374 - INFO -     📊 位置: 4h=91.84% | 12h=93.22% | 24h=94.12% | 48h=65.98%
2025-12-25 03:58:24,874 - INFO -   [22/27] 采集 APT-USDT-SWAP...
2025-12-25 03:58:25,110 - INFO -     💰 当前价格: $1.65
2025-12-25 03:58:25,110 - INFO -     📊 位置: 4h=78.57% | 12h=88.61% | 24h=91.59% | 48h=91.59%
2025-12-25 03:58:25,611 - INFO -   [23/27] 采集 CFX-USDT-SWAP...
2025-12-25 03:58:25,851 - INFO -     💰 当前价格: $0.07653
2025-12-25 03:58:25,852 - INFO -     📊 位置: 4h=56.99% | 12h=75.45% | 24h=80.96% | 48h=80.96%
2025-12-25 03:58:26,352 - INFO -   [24/27] 采集 CRV-USDT-SWAP...
2025-12-25 03:58:26,592 - INFO -     💰 当前价格: $0.3827
2025-12-25 03:58:26,593 - INFO -     📊 位置: 4h=81.19% | 12h=78.26% | 24h=89.22% | 48h=89.58%
2025-12-25 03:58:27,093 - INFO -   [25/27] 采集 STX-USDT-SWAP...
2025-12-25 03:58:27,331 - INFO -     💰 当前价格: $0.2516
2025-12-25 03:58:27,332 - INFO -     📊 位置: 4h=97.67% | 12h=98.75% | 24h=99.35% | 48h=99.35%
2025-12-25 03:58:27,832 - INFO -   [26/27] 采集 LDO-USDT-SWAP...
2025-12-25 03:58:28,064 - INFO -     💰 当前价格: $0.5498
2025-12-25 03:58:28,065 - INFO -     📊 位置: 4h=89.12% | 12h=93.6% | 24h=95.69% | 48h=95.69%
2025-12-25 03:58:28,565 - INFO -   [27/27] 采集 TAO-USDT-SWAP...
2025-12-25 03:58:28,797 - INFO -     💰 当前价格: $223.7
2025-12-25 03:58:28,797 - INFO -     📊 位置: 4h=100.0% | 12h=100.0% | 24h=100.0% | 48h=100.0%
2025-12-25 03:58:29,304 - INFO - 💾 数据保存成功: 27 个币种
2025-12-25 03:58:29,309 - INFO - 📊 统计数据保存成功:
2025-12-25 03:58:29,309 - INFO -     4h低于1%: 0/27
2025-12-25 03:58:29,309 - INFO -    12h低于1%: 0/27
2025-12-25 03:58:29,309 - INFO -    24h低于1%: 0/27
2025-12-25 03:58:29,309 - INFO -    48h低于1%: 0/27
2025-12-25 03:58:29,310 - INFO - ✅ 数据采集完成: 成功 27/27
2025-12-25 03:58:29,310 - INFO - ⏳ 等待 300 秒后进行下一次采集...

2025-12-25 04:02:49,671 - INFO - ⛔ 收到停止信号，退出采集器
2025-12-25 04:02:50,019 - INFO - ✅ 数据库初始化完成
2025-12-25 04:02:50,020 - INFO - 📊 开始采集位置系统数据...
2025-12-25 04:02:50,020 - INFO - 📋 币种列表: 27 个币种
2025-12-25 04:02:50,030 - INFO -   [1/27] 采集 BTC-USDT-SWAP...
2025-12-25 04:02:50,250 - INFO -     💰 当前价格: $87750.3
2025-12-25 04:02:50,250 - INFO -     📊 位置: 4h=54.64% | 12h=65.94% | 24h=83.13% | 48h=70.62%
2025-12-25 04:02:50,751 - INFO -   [2/27] 采集 ETH-USDT-SWAP...
2025-12-25 04:02:50,985 - INFO -     💰 当前价格: $2944.76
2025-12-25 04:02:50,985 - INFO -     📊 位置: 4h=36.82% | 12h=47.6% | 24h=76.42% | 48h=58.32%
2025-12-25 04:02:51,486 - INFO -   [3/27] 采集 XRP-USDT-SWAP...
2025-12-25 04:02:51,725 - INFO -     💰 当前价格: $1.8695
2025-12-25 04:02:51,726 - INFO -     📊 位置: 4h=79.66% | 12h=85.48% | 24h=81.71% | 48h=49.05%
2025-12-25 04:02:52,226 - INFO -   [4/27] 采集 BNB-USDT-SWAP...
2025-12-25 04:02:52,458 - INFO -     💰 当前价格: $844.3
2025-12-25 04:02:52,459 - INFO -     📊 位置: 4h=22.5% | 12h=20.9% | 24h=64.67% | 48h=47.78%
2025-12-25 04:02:52,959 - INFO -   [5/27] 采集 SOL-USDT-SWAP...
2025-12-25 04:02:53,200 - INFO -     💰 当前价格: $122.58
2025-12-25 04:02:53,200 - INFO -     📊 位置: 4h=50.0% | 12h=52.41% | 24h=70.79% | 48h=40.63%
2025-12-25 04:02:53,701 - INFO -   [6/27] 采集 LTC-USDT-SWAP...
2025-12-25 04:02:53,926 - INFO -     💰 当前价格: $76.18
2025-12-25 04:02:53,926 - INFO -     📊 位置: 4h=72.04% | 12h=76.36% | 24h=63.19% | 48h=37.05%
2025-12-25 04:02:54,426 - INFO -   [7/27] 采集 DOGE-USDT-SWAP...
2025-12-25 04:02:54,651 - INFO -     💰 当前价格: $0.12864
2025-12-25 04:02:54,652 - INFO -     📊 位置: 4h=62.83% | 12h=60.8% | 24h=74.67% | 48h=40.61%
2025-12-25 04:02:55,152 - INFO -   [8/27] 采集 SUI-USDT-SWAP...
2025-12-25 04:02:55,383 - INFO -     💰 当前价格: $1.4153
2025-12-25 04:02:55,384 - INFO -     📊 位置: 4h=51.94% | 12h=41.86% | 24h=69.04% | 48h=40.32%
2025-12-25 04:02:55,884 - INFO -   [9/27] 采集 TRX-USDT-SWAP...
2025-12-25 04:02:56,122 - INFO -     💰 当前价格: $0.27995
2025-12-25 04:02:56,122 - INFO -     📊 位置: 4h=0.0% | 12h=33.24% | 24h=22.65% | 48h=19.19%
2025-12-25 04:02:56,623 - INFO -   [10/27] 采集 TON-USDT-SWAP...
2025-12-25 04:02:56,859 - INFO -     💰 当前价格: $1.525
2025-12-25 04:02:56,860 - INFO -     📊 位置: 4h=97.14% | 12h=98.04% | 24h=98.68% | 48h=98.82%
2025-12-25 04:02:57,360 - INFO -   [11/27] 采集 ETC-USDT-SWAP...
2025-12-25 04:02:57,601 - INFO -     💰 当前价格: $12.05
2025-12-25 04:02:57,602 - INFO -     📊 位置: 4h=46.67% | 12h=61.9% | 24h=77.14% | 48h=64.29%
2025-12-25 04:02:58,102 - INFO -   [12/27] 采集 BCH-USDT-SWAP...
2025-12-25 04:02:58,340 - INFO -     💰 当前价格: $571.1
2025-12-25 04:02:58,340 - INFO -     📊 位置: 4h=63.29% | 12h=73.39% | 24h=45.71% | 48h=32.79%
2025-12-25 04:02:58,841 - INFO -   [13/27] 采集 HBAR-USDT-SWAP...
2025-12-25 04:02:59,068 - INFO -     💰 当前价格: $0.11043
2025-12-25 04:02:59,069 - INFO -     📊 位置: 4h=81.28% | 12h=83.33% | 24h=85.93% | 48h=49.57%
2025-12-25 04:02:59,569 - INFO -   [14/27] 采集 XLM-USDT-SWAP...
2025-12-25 04:02:59,808 - INFO -     💰 当前价格: $0.21425
2025-12-25 04:02:59,809 - INFO -     📊 位置: 4h=74.8% | 12h=76.37% | 24h=74.33% | 48h=39.61%
2025-12-25 04:03:00,309 - INFO -   [15/27] 采集 FIL-USDT-SWAP...
2025-12-25 04:03:00,552 - INFO -     💰 当前价格: $1.282
2025-12-25 04:03:00,552 - INFO -     📊 位置: 4h=66.67% | 12h=69.23% | 24h=71.43% | 48h=22.22%
2025-12-25 04:03:01,053 - INFO -   [16/27] 采集 LINK-USDT-SWAP...
2025-12-25 04:03:01,287 - INFO -     💰 当前价格: $12.331
2025-12-25 04:03:01,287 - INFO -     📊 位置: 4h=81.02% | 12h=83.46% | 24h=88.68% | 48h=64.93%
2025-12-25 04:03:01,787 - INFO -   [17/27] 采集 CRO-USDT-SWAP...
2025-12-25 04:03:02,019 - INFO -     💰 当前价格: $0.0941
2025-12-25 04:03:02,019 - INFO -     📊 位置: 4h=87.65% | 12h=89.95% | 24h=89.95% | 48h=52.22%
2025-12-25 04:03:02,520 - INFO -   [18/27] 采集 DOT-USDT-SWAP...
2025-12-25 04:03:02,758 - INFO -     💰 当前价格: $1.743
2025-12-25 04:03:02,758 - INFO -     📊 位置: 4h=60.0% | 12h=78.38% | 24h=82.98% | 48h=47.56%
2025-12-25 04:03:03,258 - INFO -   [19/27] 采集 AAVE-USDT-SWAP...
2025-12-25 04:03:03,495 - INFO -     💰 当前价格: $150.36
2025-12-25 04:03:03,495 - INFO -     📊 位置: 4h=64.1% | 12h=74.61% | 24h=80.56% | 48h=47.32%
2025-12-25 04:03:03,996 - INFO -   [20/27] 采集 UNI-USDT-SWAP...
2025-12-25 04:03:04,231 - INFO -     💰 当前价格: $5.811
2025-12-25 04:03:04,231 - INFO -     📊 位置: 4h=31.88% | 12h=47.9% | 24h=75.5% | 48h=43.02%
2025-12-25 04:03:04,731 - INFO -   [21/27] 采集 NEAR-USDT-SWAP...
2025-12-25 04:03:04,957 - INFO -     💰 当前价格: $1.494
2025-12-25 04:03:04,957 - INFO -     📊 位置: 4h=85.11% | 12h=88.14% | 24h=89.71% | 48h=62.89%
2025-12-25 04:03:05,458 - INFO -   [22/27] 采集 APT-USDT-SWAP...
2025-12-25 04:03:05,690 - INFO -     💰 当前价格: $1.642
2025-12-25 04:03:05,690 - INFO -     📊 位置: 4h=59.52% | 12h=77.33% | 24h=84.11% | 48h=84.11%
2025-12-25 04:03:06,190 - INFO -   [23/27] 采集 CFX-USDT-SWAP...
2025-12-25 04:03:06,427 - INFO -     💰 当前价格: $0.07698
2025-12-25 04:03:06,427 - INFO -     📊 位置: 4h=97.96% | 12h=78.42% | 24h=85.12% | 48h=85.12%
2025-12-25 04:03:06,927 - INFO -   [24/27] 采集 CRV-USDT-SWAP...
2025-12-25 04:03:07,159 - INFO -     💰 当前价格: $0.3822
2025-12-25 04:03:07,159 - INFO -     📊 位置: 4h=75.0% | 12h=77.98% | 24h=87.07% | 48h=87.5%
2025-12-25 04:03:07,659 - INFO -   [25/27] 采集 STX-USDT-SWAP...
2025-12-25 04:03:07,899 - INFO -     💰 当前价格: $0.2517
2025-12-25 04:03:07,899 - INFO -     📊 位置: 4h=97.62% | 12h=98.7% | 24h=99.36% | 48h=99.36%
2025-12-25 04:03:08,400 - INFO -   [26/27] 采集 LDO-USDT-SWAP...
2025-12-25 04:03:08,630 - INFO -     💰 当前价格: $0.5521
2025-12-25 04:03:08,631 - INFO -     📊 位置: 4h=88.41% | 12h=93.01% | 24h=95.21% | 48h=95.21%
2025-12-25 04:03:09,131 - INFO -   [27/27] 采集 TAO-USDT-SWAP...
2025-12-25 04:03:09,362 - INFO -     💰 当前价格: $223.7
2025-12-25 04:03:09,362 - INFO -     📊 位置: 4h=95.38% | 12h=96.74% | 24h=98.32% | 48h=98.32%
2025-12-25 04:03:09,869 - INFO - 💾 数据保存成功: 27 个币种
2025-12-25 04:03:09,874 - INFO - 📊 统计数据保存成功:
2025-12-25 04:03:09,874 - INFO -     4h低于1%: 1/27
2025-12-25 04:03:09,874 - INFO -    12h低于1%: 0/27
2025-12-25 04:03:09,874 - INFO -    24h低于1%: 0/27
2025-12-25 04:03:09,875 - INFO -    48h低于1%: 0/27
2025-12-25 04:03:09,875 - INFO - ✅ 数据采集完成: 成功 27/27
2025-12-25 04:03:09,875 - INFO - 🚀 位置系统采集器启动，采集间隔: 300秒
2025-12-25 04:03:09,875 - INFO - 📊 开始采集位置系统数据...
2025-12-25 04:03:09,875 - INFO - 📋 币种列表: 27 个币种
2025-12-25 04:03:09,875 - INFO -   [1/27] 采集 BTC-USDT-SWAP...
2025-12-25 04:03:10,108 - INFO -     💰 当前价格: $87743.5
2025-12-25 04:03:10,108 - INFO -     📊 位置: 4h=53.02% | 12h=65.13% | 24h=82.73% | 48h=70.27%
2025-12-25 04:03:10,609 - INFO -   [2/27] 采集 ETH-USDT-SWAP...
2025-12-25 04:03:10,840 - INFO -     💰 当前价格: $2944.96
2025-12-25 04:03:10,840 - INFO -     📊 位置: 4h=37.94% | 12h=48.17% | 24h=76.68% | 48h=58.51%
2025-12-25 04:03:11,341 - INFO -   [3/27] 采集 XRP-USDT-SWAP...
2025-12-25 04:03:11,587 - INFO -     💰 当前价格: $1.8692
2025-12-25 04:03:11,587 - INFO -     📊 位置: 4h=77.97% | 12h=84.27% | 24h=80.98% | 48h=48.61%
2025-12-25 04:03:12,087 - INFO -   [4/27] 采集 BNB-USDT-SWAP...
2025-12-25 04:03:12,316 - INFO -     💰 当前价格: $844.3
2025-12-25 04:03:12,316 - INFO -     📊 位置: 4h=22.5% | 12h=20.9% | 24h=64.67% | 48h=47.78%
2025-12-25 04:03:12,817 - INFO -   [5/27] 采集 SOL-USDT-SWAP...
2025-12-25 04:03:13,051 - INFO -     💰 当前价格: $122.57
2025-12-25 04:03:13,052 - INFO -     📊 位置: 4h=49.02% | 12h=51.81% | 24h=70.45% | 48h=40.43%
2025-12-25 04:03:13,552 - INFO -   [6/27] 采集 LTC-USDT-SWAP...
2025-12-25 04:03:13,898 - INFO -     💰 当前价格: $76.19
2025-12-25 04:03:13,899 - INFO -     📊 位置: 4h=73.12% | 12h=77.27% | 24h=63.8% | 48h=37.41%
2025-12-25 04:03:14,399 - INFO -   [7/27] 采集 DOGE-USDT-SWAP...
2025-12-25 04:03:14,629 - INFO -     💰 当前价格: $0.12862
2025-12-25 04:03:14,629 - INFO -     📊 位置: 4h=61.06% | 12h=59.66% | 24h=74.01% | 48h=40.25%
2025-12-25 04:03:15,130 - INFO -   [8/27] 采集 SUI-USDT-SWAP...
2025-12-25 04:03:15,369 - INFO -     💰 当前价格: $1.4149
2025-12-25 04:03:15,369 - INFO -     📊 位置: 4h=48.84% | 12h=40.0% | 24h=68.06% | 48h=39.74%
2025-12-25 04:03:15,869 - INFO -   [9/27] 采集 TRX-USDT-SWAP...
2025-12-25 04:03:16,104 - INFO -     💰 当前价格: $0.27995
2025-12-25 04:03:16,105 - INFO -     📊 位置: 4h=0.0% | 12h=33.24% | 24h=22.65% | 48h=19.19%
2025-12-25 04:03:16,605 - INFO -   [10/27] 采集 TON-USDT-SWAP...
2025-12-25 04:03:16,833 - INFO -     💰 当前价格: $1.524
2025-12-25 04:03:16,834 - INFO -     📊 位置: 4h=94.29% | 12h=96.08% | 24h=97.37% | 48h=97.65%
2025-12-25 04:03:17,334 - INFO -   [11/27] 采集 ETC-USDT-SWAP...
2025-12-25 04:03:17,565 - INFO -     💰 当前价格: $12.03
2025-12-25 04:03:17,565 - INFO -     📊 位置: 4h=33.33% | 12h=52.38% | 24h=71.43% | 48h=59.52%
2025-12-25 04:03:18,066 - INFO -   [12/27] 采集 BCH-USDT-SWAP...
2025-12-25 04:03:18,299 - INFO -     💰 当前价格: $571.0
2025-12-25 04:03:18,299 - INFO -     📊 位置: 4h=62.03% | 12h=72.48% | 24h=45.14% | 48h=32.38%
2025-12-25 04:03:18,799 - INFO -   [13/27] 采集 HBAR-USDT-SWAP...
2025-12-25 04:03:19,037 - INFO -     💰 当前价格: $0.11038
2025-12-25 04:03:19,037 - INFO -     📊 位置: 4h=78.82% | 12h=81.14% | 24h=84.07% | 48h=48.5%
2025-12-25 04:03:19,538 - INFO -   [14/27] 采集 XLM-USDT-SWAP...
2025-12-25 04:03:19,771 - INFO -     💰 当前价格: $0.21423
2025-12-25 04:03:19,771 - INFO -     📊 位置: 4h=74.27% | 12h=75.87% | 24h=73.85% | 48h=39.35%
2025-12-25 04:03:20,272 - INFO -   [15/27] 采集 FIL-USDT-SWAP...
2025-12-25 04:03:20,496 - INFO -     💰 当前价格: $1.281
2025-12-25 04:03:20,496 - INFO -     📊 位置: 4h=62.5% | 12h=65.38% | 24h=67.86% | 48h=21.11%
2025-12-25 04:03:20,996 - INFO -   [16/27] 采集 LINK-USDT-SWAP...
2025-12-25 04:03:21,224 - INFO -     💰 当前价格: $12.329
2025-12-25 04:03:21,225 - INFO -     📊 位置: 4h=79.56% | 12h=82.69% | 24h=88.16% | 48h=64.55%
2025-12-25 04:03:21,725 - INFO -   [17/27] 采集 CRO-USDT-SWAP...
2025-12-25 04:03:21,968 - INFO -     💰 当前价格: $0.09415
2025-12-25 04:03:21,968 - INFO -     📊 位置: 4h=90.59% | 12h=92.34% | 24h=92.34% | 48h=53.61%
2025-12-25 04:03:22,468 - INFO -   [18/27] 采集 DOT-USDT-SWAP...
2025-12-25 04:03:22,706 - INFO -     💰 当前价格: $1.743
2025-12-25 04:03:22,706 - INFO -     📊 位置: 4h=60.0% | 12h=78.38% | 24h=82.98% | 48h=47.56%
2025-12-25 04:03:23,207 - INFO -   [19/27] 采集 AAVE-USDT-SWAP...
2025-12-25 04:03:23,443 - INFO -     💰 当前价格: $150.41
2025-12-25 04:03:23,444 - INFO -     📊 位置: 4h=65.93% | 12h=75.91% | 24h=81.55% | 48h=47.9%
2025-12-25 04:03:23,944 - INFO -   [20/27] 采集 UNI-USDT-SWAP...
2025-12-25 04:03:24,173 - INFO -     💰 当前价格: $5.81
2025-12-25 04:03:24,173 - INFO -     📊 位置: 4h=30.43% | 12h=47.06% | 24h=75.17% | 48h=42.83%
2025-12-25 04:03:24,673 - INFO -   [21/27] 采集 NEAR-USDT-SWAP...
2025-12-25 04:03:24,908 - INFO -     💰 当前价格: $1.493
2025-12-25 04:03:24,909 - INFO -     📊 位置: 4h=82.98% | 12h=86.44% | 24h=88.24% | 48h=61.86%
2025-12-25 04:03:25,409 - INFO -   [22/27] 采集 APT-USDT-SWAP...
2025-12-25 04:03:25,638 - INFO -     💰 当前价格: $1.643
2025-12-25 04:03:25,638 - INFO -     📊 位置: 4h=61.9% | 12h=78.67% | 24h=85.05% | 48h=85.05%
2025-12-25 04:03:26,138 - INFO -   [23/27] 采集 CFX-USDT-SWAP...
2025-12-25 04:03:26,370 - INFO -     💰 当前价格: $0.07698
2025-12-25 04:03:26,370 - INFO -     📊 位置: 4h=97.96% | 12h=78.42% | 24h=85.12% | 48h=85.12%
2025-12-25 04:03:26,871 - INFO -   [24/27] 采集 CRV-USDT-SWAP...
2025-12-25 04:03:27,106 - INFO -     💰 当前价格: $0.383
2025-12-25 04:03:27,107 - INFO -     📊 位置: 4h=83.33% | 12h=85.32% | 24h=90.52% | 48h=90.83%
2025-12-25 04:03:27,607 - INFO -   [25/27] 采集 STX-USDT-SWAP...
2025-12-25 04:03:27,841 - INFO -     💰 当前价格: $0.2514
2025-12-25 04:03:27,842 - INFO -     📊 位置: 4h=90.48% | 12h=94.81% | 24h=97.44% | 48h=97.44%
2025-12-25 04:03:28,342 - INFO -   [26/27] 采集 LDO-USDT-SWAP...
2025-12-25 04:03:28,571 - INFO -     💰 当前价格: $0.5517
2025-12-25 04:03:28,571 - INFO -     📊 位置: 4h=85.98% | 12h=91.54% | 24h=94.21% | 48h=94.21%
2025-12-25 04:03:29,072 - INFO -   [27/27] 采集 TAO-USDT-SWAP...
2025-12-25 04:03:29,315 - INFO -     💰 当前价格: $223.6
2025-12-25 04:03:29,315 - INFO -     📊 位置: 4h=93.85% | 12h=95.65% | 24h=97.77% | 48h=97.77%
2025-12-25 04:03:29,822 - INFO - 💾 数据保存成功: 27 个币种
2025-12-25 04:03:29,829 - INFO - 📊 统计数据保存成功:
2025-12-25 04:03:29,829 - INFO -     4h低于1%: 1/27
2025-12-25 04:03:29,829 - INFO -    12h低于1%: 0/27
2025-12-25 04:03:29,830 - INFO -    24h低于1%: 0/27
2025-12-25 04:03:29,830 - INFO -    48h低于1%: 0/27
2025-12-25 04:03:29,830 - INFO - ✅ 数据采集完成: 成功 27/27
2025-12-25 04:03:29,830 - INFO - ⏳ 等待 300 秒后进行下一次采集...

2025-12-25 04:07:50,564 - INFO - ⛔ 收到停止信号，退出采集器
2025-12-25 04:07:50,905 - INFO - ✅ 数据库初始化完成
2025-12-25 04:07:50,905 - INFO - 📊 开始采集位置系统数据...
2025-12-25 04:07:50,905 - INFO - 📋 币种列表: 27 个币种
2025-12-25 04:07:50,916 - INFO -   [1/27] 采集 BTC-USDT-SWAP...
2025-12-25 04:07:51,152 - INFO -     💰 当前价格: $87736.7
2025-12-25 04:07:51,152 - INFO -     📊 位置: 4h=51.39% | 12h=64.31% | 24h=82.33% | 48h=69.93%
2025-12-25 04:07:51,652 - INFO -   [2/27] 采集 ETH-USDT-SWAP...
2025-12-25 04:07:51,885 - INFO -     💰 当前价格: $2944.66
2025-12-25 04:07:51,885 - INFO -     📊 位置: 4h=36.26% | 12h=47.31% | 24h=76.29% | 48h=58.22%
2025-12-25 04:07:52,385 - INFO -   [3/27] 采集 XRP-USDT-SWAP...
2025-12-25 04:07:52,630 - INFO -     💰 当前价格: $1.8699
2025-12-25 04:07:52,631 - INFO -     📊 位置: 4h=81.92% | 12h=87.1% | 24h=82.68% | 48h=49.63%
2025-12-25 04:07:53,131 - INFO -   [4/27] 采集 BNB-USDT-SWAP...
2025-12-25 04:07:53,365 - INFO -     💰 当前价格: $844.5
2025-12-25 04:07:53,365 - INFO -     📊 位置: 4h=27.5% | 12h=23.88% | 24h=66.0% | 48h=48.77%
2025-12-25 04:07:53,865 - INFO -   [5/27] 采集 SOL-USDT-SWAP...
2025-12-25 04:07:54,100 - INFO -     💰 当前价格: $122.62
2025-12-25 04:07:54,100 - INFO -     📊 位置: 4h=53.92% | 12h=54.82% | 24h=72.16% | 48h=41.42%
2025-12-25 04:07:54,600 - INFO -   [6/27] 采集 LTC-USDT-SWAP...
2025-12-25 04:07:54,828 - INFO -     💰 当前价格: $76.29
2025-12-25 04:07:54,828 - INFO -     📊 位置: 4h=83.87% | 12h=86.36% | 24h=69.94% | 48h=41.01%
2025-12-25 04:07:55,329 - INFO -   [7/27] 采集 DOGE-USDT-SWAP...
2025-12-25 04:07:55,559 - INFO -     💰 当前价格: $0.12869
2025-12-25 04:07:55,560 - INFO -     📊 位置: 4h=67.26% | 12h=63.64% | 24h=76.32% | 48h=41.5%
2025-12-25 04:07:56,060 - INFO -   [8/27] 采集 SUI-USDT-SWAP...
2025-12-25 04:07:56,290 - INFO -     💰 当前价格: $1.4153
2025-12-25 04:07:56,291 - INFO -     📊 位置: 4h=51.94% | 12h=41.86% | 24h=69.04% | 48h=40.32%
2025-12-25 04:07:56,791 - INFO -   [9/27] 采集 TRX-USDT-SWAP...
2025-12-25 04:07:57,026 - INFO -     💰 当前价格: $0.28012
2025-12-25 04:07:57,026 - INFO -     📊 位置: 4h=18.09% | 12h=38.24% | 24h=26.05% | 48h=22.07%
2025-12-25 04:07:57,526 - INFO -   [10/27] 采集 TON-USDT-SWAP...
2025-12-25 04:07:57,765 - INFO -     💰 当前价格: $1.526
2025-12-25 04:07:57,765 - INFO -     📊 位置: 4h=97.22% | 12h=98.08% | 24h=98.7% | 48h=98.84%
2025-12-25 04:07:58,266 - INFO -   [11/27] 采集 ETC-USDT-SWAP...
2025-12-25 04:07:58,497 - INFO -     💰 当前价格: $12.05
2025-12-25 04:07:58,497 - INFO -     📊 位置: 4h=46.67% | 12h=61.9% | 24h=77.14% | 48h=64.29%
2025-12-25 04:07:58,997 - INFO -   [12/27] 采集 BCH-USDT-SWAP...
2025-12-25 04:07:59,233 - INFO -     💰 当前价格: $571.1
2025-12-25 04:07:59,233 - INFO -     📊 位置: 4h=63.29% | 12h=73.39% | 24h=45.71% | 48h=32.79%
2025-12-25 04:07:59,734 - INFO -   [13/27] 采集 HBAR-USDT-SWAP...
2025-12-25 04:07:59,966 - INFO -     💰 当前价格: $0.11038
2025-12-25 04:07:59,967 - INFO -     📊 位置: 4h=78.82% | 12h=81.14% | 24h=84.07% | 48h=48.5%
2025-12-25 04:08:00,467 - INFO -   [14/27] 采集 XLM-USDT-SWAP...
2025-12-25 04:08:00,716 - INFO -     💰 当前价格: $0.21424
2025-12-25 04:08:00,716 - INFO -     📊 位置: 4h=74.54% | 12h=76.12% | 24h=74.09% | 48h=39.48%
2025-12-25 04:08:01,217 - INFO -   [15/27] 采集 FIL-USDT-SWAP...
2025-12-25 04:08:01,455 - INFO -     💰 当前价格: $1.282
2025-12-25 04:08:01,455 - INFO -     📊 位置: 4h=66.67% | 12h=69.23% | 24h=71.43% | 48h=22.22%
2025-12-25 04:08:01,956 - INFO -   [16/27] 采集 LINK-USDT-SWAP...
2025-12-25 04:08:02,200 - INFO -     💰 当前价格: $12.333
2025-12-25 04:08:02,200 - INFO -     📊 位置: 4h=82.48% | 12h=84.23% | 24h=89.21% | 48h=65.32%
2025-12-25 04:08:02,701 - INFO -   [17/27] 采集 CRO-USDT-SWAP...
2025-12-25 04:08:02,936 - INFO -     💰 当前价格: $0.09417
2025-12-25 04:08:02,937 - INFO -     📊 位置: 4h=91.76% | 12h=93.3% | 24h=93.3% | 48h=54.17%
2025-12-25 04:08:03,437 - INFO -   [18/27] 采集 DOT-USDT-SWAP...
2025-12-25 04:08:03,669 - INFO -     💰 当前价格: $1.743
2025-12-25 04:08:03,669 - INFO -     📊 位置: 4h=60.0% | 12h=78.38% | 24h=82.98% | 48h=47.56%
2025-12-25 04:08:04,171 - INFO -   [19/27] 采集 AAVE-USDT-SWAP...
2025-12-25 04:08:04,410 - INFO -     💰 当前价格: $150.3
2025-12-25 04:08:04,411 - INFO -     📊 位置: 4h=61.9% | 12h=73.06% | 24h=79.37% | 48h=46.62%
2025-12-25 04:08:04,911 - INFO -   [20/27] 采集 UNI-USDT-SWAP...
2025-12-25 04:08:05,146 - INFO -     💰 当前价格: $5.795
2025-12-25 04:08:05,147 - INFO -     📊 位置: 4h=8.7% | 12h=34.45% | 24h=70.13% | 48h=39.96%
2025-12-25 04:08:05,647 - INFO -   [21/27] 采集 NEAR-USDT-SWAP...
2025-12-25 04:08:05,870 - INFO -     💰 当前价格: $1.493
2025-12-25 04:08:05,871 - INFO -     📊 位置: 4h=82.98% | 12h=86.44% | 24h=88.24% | 48h=61.86%
2025-12-25 04:08:06,371 - INFO -   [22/27] 采集 APT-USDT-SWAP...
2025-12-25 04:08:06,604 - INFO -     💰 当前价格: $1.647
2025-12-25 04:08:06,604 - INFO -     📊 位置: 4h=71.43% | 12h=84.0% | 24h=88.79% | 48h=88.79%
2025-12-25 04:08:07,105 - INFO -   [23/27] 采集 CFX-USDT-SWAP...
2025-12-25 04:08:07,330 - INFO -     💰 当前价格: $0.0767
2025-12-25 04:08:07,330 - INFO -     📊 位置: 4h=86.53% | 12h=74.66% | 24h=82.53% | 48h=82.53%
2025-12-25 04:08:07,830 - INFO -   [24/27] 采集 CRV-USDT-SWAP...
2025-12-25 04:08:08,069 - INFO -     💰 当前价格: $0.3826
2025-12-25 04:08:08,070 - INFO -     📊 位置: 4h=79.17% | 12h=81.65% | 24h=88.79% | 48h=89.17%
2025-12-25 04:08:08,570 - INFO -   [25/27] 采集 STX-USDT-SWAP...
2025-12-25 04:08:08,805 - INFO -     💰 当前价格: $0.2516
2025-12-25 04:08:08,806 - INFO -     📊 位置: 4h=95.24% | 12h=97.4% | 24h=98.72% | 48h=98.72%
2025-12-25 04:08:09,306 - INFO -   [26/27] 采集 LDO-USDT-SWAP...
2025-12-25 04:08:09,554 - INFO -     💰 当前价格: $0.5522
2025-12-25 04:08:09,554 - INFO -     📊 位置: 4h=89.02% | 12h=93.38% | 24h=95.47% | 48h=95.47%
2025-12-25 04:08:10,054 - INFO -   [27/27] 采集 TAO-USDT-SWAP...
2025-12-25 04:08:10,294 - INFO -     💰 当前价格: $224.0
2025-12-25 04:08:10,294 - INFO -     📊 位置: 4h=97.01% | 12h=97.87% | 24h=98.9% | 48h=98.9%
2025-12-25 04:08:10,800 - INFO - 💾 数据保存成功: 27 个币种
2025-12-25 04:08:10,803 - INFO - 📊 统计数据保存成功:
2025-12-25 04:08:10,803 - INFO -     4h低于1%: 0/27
2025-12-25 04:08:10,803 - INFO -    12h低于1%: 0/27
2025-12-25 04:08:10,803 - INFO -    24h低于1%: 0/27
2025-12-25 04:08:10,804 - INFO -    48h低于1%: 0/27
2025-12-25 04:08:10,804 - INFO - ✅ 数据采集完成: 成功 27/27
2025-12-25 04:08:10,804 - INFO - 🚀 位置系统采集器启动，采集间隔: 300秒
2025-12-25 04:08:10,804 - INFO - 📊 开始采集位置系统数据...
2025-12-25 04:08:10,804 - INFO - 📋 币种列表: 27 个币种
2025-12-25 04:08:10,804 - INFO -   [1/27] 采集 BTC-USDT-SWAP...
2025-12-25 04:08:11,035 - INFO -     💰 当前价格: $87748.9
2025-12-25 04:08:11,035 - INFO -     📊 位置: 4h=54.31% | 12h=65.78% | 24h=83.05% | 48h=70.54%
2025-12-25 04:08:11,535 - INFO -   [2/27] 采集 ETH-USDT-SWAP...
2025-12-25 04:08:11,775 - INFO -     💰 当前价格: $2945.69
2025-12-25 04:08:11,776 - INFO -     📊 位置: 4h=42.05% | 12h=50.29% | 24h=77.63% | 48h=59.24%
2025-12-25 04:08:12,276 - INFO -   [3/27] 采集 XRP-USDT-SWAP...
2025-12-25 04:08:12,509 - INFO -     💰 当前价格: $1.8702
2025-12-25 04:08:12,509 - INFO -     📊 位置: 4h=83.62% | 12h=88.31% | 24h=83.41% | 48h=50.07%
2025-12-25 04:08:13,009 - INFO -   [4/27] 采集 BNB-USDT-SWAP...
2025-12-25 04:08:13,248 - INFO -     💰 当前价格: $844.5
2025-12-25 04:08:13,248 - INFO -     📊 位置: 4h=27.5% | 12h=23.88% | 24h=66.0% | 48h=48.77%
2025-12-25 04:08:13,748 - INFO -   [5/27] 采集 SOL-USDT-SWAP...
2025-12-25 04:08:13,982 - INFO -     💰 当前价格: $122.66
2025-12-25 04:08:13,982 - INFO -     📊 位置: 4h=57.84% | 12h=57.23% | 24h=73.54% | 48h=42.21%
2025-12-25 04:08:14,483 - INFO -   [6/27] 采集 LTC-USDT-SWAP...
2025-12-25 04:08:14,723 - INFO -     💰 当前价格: $76.32
2025-12-25 04:08:14,724 - INFO -     📊 位置: 4h=87.1% | 12h=89.09% | 24h=71.78% | 48h=42.09%
2025-12-25 04:08:15,224 - INFO -   [7/27] 采集 DOGE-USDT-SWAP...
2025-12-25 04:08:15,453 - INFO -     💰 当前价格: $0.1287
2025-12-25 04:08:15,453 - INFO -     📊 位置: 4h=68.14% | 12h=64.2% | 24h=76.64% | 48h=41.68%
2025-12-25 04:08:15,953 - INFO -   [8/27] 采集 SUI-USDT-SWAP...
2025-12-25 04:08:16,191 - INFO -     💰 当前价格: $1.4158
2025-12-25 04:08:16,191 - INFO -     📊 位置: 4h=55.81% | 12h=44.19% | 24h=70.27% | 48h=41.03%
2025-12-25 04:08:16,692 - INFO -   [9/27] 采集 TRX-USDT-SWAP...
2025-12-25 04:08:16,933 - INFO -     💰 当前价格: $0.28012
2025-12-25 04:08:16,934 - INFO -     📊 位置: 4h=18.09% | 12h=38.24% | 24h=26.05% | 48h=22.07%
2025-12-25 04:08:17,434 - INFO -   [10/27] 采集 TON-USDT-SWAP...
2025-12-25 04:08:17,671 - INFO -     💰 当前价格: $1.526
2025-12-25 04:08:17,672 - INFO -     📊 位置: 4h=97.22% | 12h=98.08% | 24h=98.7% | 48h=98.84%
2025-12-25 04:08:18,172 - INFO -   [11/27] 采集 ETC-USDT-SWAP...
2025-12-25 04:08:18,401 - INFO -     💰 当前价格: $12.05
2025-12-25 04:08:18,402 - INFO -     📊 位置: 4h=46.67% | 12h=61.9% | 24h=77.14% | 48h=64.29%
2025-12-25 04:08:18,902 - INFO -   [12/27] 采集 BCH-USDT-SWAP...
2025-12-25 04:08:19,149 - INFO -     💰 当前价格: $571.0
2025-12-25 04:08:19,150 - INFO -     📊 位置: 4h=62.03% | 12h=72.48% | 24h=45.14% | 48h=32.38%
2025-12-25 04:08:19,650 - INFO -   [13/27] 采集 HBAR-USDT-SWAP...
2025-12-25 04:08:19,891 - INFO -     💰 当前价格: $0.11042
2025-12-25 04:08:19,891 - INFO -     📊 位置: 4h=80.79% | 12h=82.89% | 24h=85.56% | 48h=49.36%
2025-12-25 04:08:20,392 - INFO -   [14/27] 采集 XLM-USDT-SWAP...
2025-12-25 04:08:20,633 - INFO -     💰 当前价格: $0.21428
2025-12-25 04:08:20,634 - INFO -     📊 位置: 4h=75.6% | 12h=77.11% | 24h=75.06% | 48h=40.0%
2025-12-25 04:08:21,134 - INFO -   [15/27] 采集 FIL-USDT-SWAP...
2025-12-25 04:08:21,372 - INFO -     💰 当前价格: $1.283
2025-12-25 04:08:21,372 - INFO -     📊 位置: 4h=70.83% | 12h=73.08% | 24h=75.0% | 48h=23.33%
2025-12-25 04:08:21,873 - INFO -   [16/27] 采集 LINK-USDT-SWAP...
2025-12-25 04:08:22,110 - INFO -     💰 当前价格: $12.334
2025-12-25 04:08:22,110 - INFO -     📊 位置: 4h=83.21% | 12h=84.62% | 24h=89.47% | 48h=65.51%
2025-12-25 04:08:22,611 - INFO -   [17/27] 采集 CRO-USDT-SWAP...
2025-12-25 04:08:22,846 - INFO -     💰 当前价格: $0.09417
2025-12-25 04:08:22,847 - INFO -     📊 位置: 4h=91.76% | 12h=93.3% | 24h=93.3% | 48h=54.17%
2025-12-25 04:08:23,347 - INFO -   [18/27] 采集 DOT-USDT-SWAP...
2025-12-25 04:08:23,576 - INFO -     💰 当前价格: $1.743
2025-12-25 04:08:23,577 - INFO -     📊 位置: 4h=60.0% | 12h=78.38% | 24h=82.98% | 48h=47.56%
2025-12-25 04:08:24,077 - INFO -   [19/27] 采集 AAVE-USDT-SWAP...
2025-12-25 04:08:24,308 - INFO -     💰 当前价格: $150.44
2025-12-25 04:08:24,308 - INFO -     📊 位置: 4h=67.03% | 12h=76.68% | 24h=82.14% | 48h=48.25%
2025-12-25 04:08:24,809 - INFO -   [20/27] 采集 UNI-USDT-SWAP...
2025-12-25 04:08:25,044 - INFO -     💰 当前价格: $5.797
2025-12-25 04:08:25,044 - INFO -     📊 位置: 4h=11.59% | 12h=36.13% | 24h=70.81% | 48h=40.34%
2025-12-25 04:08:25,544 - INFO -   [21/27] 采集 NEAR-USDT-SWAP...
2025-12-25 04:08:25,788 - INFO -     💰 当前价格: $1.492
2025-12-25 04:08:25,789 - INFO -     📊 位置: 4h=80.85% | 12h=84.75% | 24h=86.76% | 48h=60.82%
2025-12-25 04:08:26,289 - INFO -   [22/27] 采集 APT-USDT-SWAP...
2025-12-25 04:08:26,527 - INFO -     💰 当前价格: $1.647
2025-12-25 04:08:26,527 - INFO -     📊 位置: 4h=71.43% | 12h=84.0% | 24h=88.79% | 48h=88.79%
2025-12-25 04:08:27,027 - INFO -   [23/27] 采集 CFX-USDT-SWAP...
2025-12-25 04:08:27,269 - INFO -     💰 当前价格: $0.07663
2025-12-25 04:08:27,270 - INFO -     📊 位置: 4h=83.67% | 12h=73.73% | 24h=81.89% | 48h=81.89%
2025-12-25 04:08:27,770 - INFO -   [24/27] 采集 CRV-USDT-SWAP...
2025-12-25 04:08:27,996 - INFO -     💰 当前价格: $0.3825
2025-12-25 04:08:27,996 - INFO -     📊 位置: 4h=78.13% | 12h=80.73% | 24h=88.36% | 48h=88.75%
2025-12-25 04:08:28,496 - INFO -   [25/27] 采集 STX-USDT-SWAP...
2025-12-25 04:08:28,725 - INFO -     💰 当前价格: $0.2516
2025-12-25 04:08:28,726 - INFO -     📊 位置: 4h=95.24% | 12h=97.4% | 24h=98.72% | 48h=98.72%
2025-12-25 04:08:29,226 - INFO -   [26/27] 采集 LDO-USDT-SWAP...
2025-12-25 04:08:29,471 - INFO -     💰 当前价格: $0.5521
2025-12-25 04:08:29,471 - INFO -     📊 位置: 4h=88.41% | 12h=93.01% | 24h=95.21% | 48h=95.21%
2025-12-25 04:08:29,971 - INFO -   [27/27] 采集 TAO-USDT-SWAP...
2025-12-25 04:08:30,204 - INFO -     💰 当前价格: $223.3
2025-12-25 04:08:30,205 - INFO -     📊 位置: 4h=86.57% | 12h=90.43% | 24h=95.03% | 48h=95.03%
2025-12-25 04:08:30,711 - INFO - 💾 数据保存成功: 27 个币种
2025-12-25 04:08:30,716 - INFO - 📊 统计数据保存成功:
2025-12-25 04:08:30,717 - INFO -     4h低于1%: 0/27
2025-12-25 04:08:30,717 - INFO -    12h低于1%: 0/27
2025-12-25 04:08:30,717 - INFO -    24h低于1%: 0/27
2025-12-25 04:08:30,717 - INFO -    48h低于1%: 0/27
2025-12-25 04:08:30,717 - INFO - ✅ 数据采集完成: 成功 27/27
2025-12-25 04:08:30,717 - INFO - ⏳ 等待 300 秒后进行下一次采集...

2025-12-25 04:12:51,397 - INFO - ⛔ 收到停止信号，退出采集器
2025-12-25 04:12:51,711 - INFO - ✅ 数据库初始化完成
2025-12-25 04:12:51,711 - INFO - 📊 开始采集位置系统数据...
2025-12-25 04:12:51,711 - INFO - 📋 币种列表: 27 个币种
2025-12-25 04:12:51,721 - INFO -   [1/27] 采集 BTC-USDT-SWAP...
2025-12-25 04:12:51,945 - INFO -     💰 当前价格: $87724.1
2025-12-25 04:12:51,945 - INFO -     📊 位置: 4h=48.37% | 12h=62.8% | 24h=81.58% | 48h=69.29%
2025-12-25 04:12:52,445 - INFO -   [2/27] 采集 ETH-USDT-SWAP...
2025-12-25 04:12:52,687 - INFO -     💰 当前价格: $2943.26
2025-12-25 04:12:52,687 - INFO -     📊 位置: 4h=28.39% | 12h=43.25% | 24h=74.47% | 48h=56.82%
2025-12-25 04:12:53,188 - INFO -   [3/27] 采集 XRP-USDT-SWAP...
2025-12-25 04:12:53,424 - INFO -     💰 当前价格: $1.8687
2025-12-25 04:12:53,424 - INFO -     📊 位置: 4h=75.14% | 12h=82.26% | 24h=79.76% | 48h=47.88%
2025-12-25 04:12:53,925 - INFO -   [4/27] 采集 BNB-USDT-SWAP...
2025-12-25 04:12:54,153 - INFO -     💰 当前价格: $844.1
2025-12-25 04:12:54,154 - INFO -     📊 位置: 4h=17.5% | 12h=17.91% | 24h=63.33% | 48h=46.8%
2025-12-25 04:12:54,654 - INFO -   [5/27] 采集 SOL-USDT-SWAP...
2025-12-25 04:12:54,893 - INFO -     💰 当前价格: $122.62
2025-12-25 04:12:54,893 - INFO -     📊 位置: 4h=53.92% | 12h=54.82% | 24h=72.16% | 48h=41.42%
2025-12-25 04:12:55,393 - INFO -   [6/27] 采集 LTC-USDT-SWAP...
2025-12-25 04:12:55,634 - INFO -     💰 当前价格: $76.26
2025-12-25 04:12:55,634 - INFO -     📊 位置: 4h=80.65% | 12h=83.64% | 24h=68.1% | 48h=39.93%
2025-12-25 04:12:56,134 - INFO -   [7/27] 采集 DOGE-USDT-SWAP...
2025-12-25 04:12:56,357 - INFO -     💰 当前价格: $0.1286
2025-12-25 04:12:56,357 - INFO -     📊 位置: 4h=59.29% | 12h=58.52% | 24h=73.36% | 48h=39.89%
2025-12-25 04:12:56,857 - INFO -   [8/27] 采集 SUI-USDT-SWAP...
2025-12-25 04:12:57,089 - INFO -     💰 当前价格: $1.4139
2025-12-25 04:12:57,089 - INFO -     📊 位置: 4h=41.09% | 12h=35.35% | 24h=65.6% | 48h=38.31%
2025-12-25 04:12:57,589 - INFO -   [9/27] 采集 TRX-USDT-SWAP...
2025-12-25 04:12:57,822 - INFO -     💰 当前价格: $0.2801
2025-12-25 04:12:57,822 - INFO -     📊 位置: 4h=15.96% | 12h=37.65% | 24h=25.65% | 48h=21.73%
2025-12-25 04:12:58,323 - INFO -   [10/27] 采集 TON-USDT-SWAP...
2025-12-25 04:12:58,564 - INFO -     💰 当前价格: $1.526
2025-12-25 04:12:58,564 - INFO -     📊 位置: 4h=97.22% | 12h=98.08% | 24h=98.7% | 48h=98.84%
2025-12-25 04:12:59,064 - INFO -   [11/27] 采集 ETC-USDT-SWAP...
2025-12-25 04:12:59,296 - INFO -     💰 当前价格: $12.05
2025-12-25 04:12:59,296 - INFO -     📊 位置: 4h=46.67% | 12h=61.9% | 24h=77.14% | 48h=64.29%
2025-12-25 04:12:59,796 - INFO -   [12/27] 采集 BCH-USDT-SWAP...
2025-12-25 04:13:00,033 - INFO -     💰 当前价格: $570.6
2025-12-25 04:13:00,034 - INFO -     📊 位置: 4h=56.96% | 12h=68.81% | 24h=42.86% | 48h=30.74%
2025-12-25 04:13:00,534 - INFO -   [13/27] 采集 HBAR-USDT-SWAP...
2025-12-25 04:13:00,772 - INFO -     💰 当前价格: $0.11036
2025-12-25 04:13:00,772 - INFO -     📊 位置: 4h=77.83% | 12h=80.26% | 24h=83.33% | 48h=48.08%
2025-12-25 04:13:01,272 - INFO -   [14/27] 采集 XLM-USDT-SWAP...
2025-12-25 04:13:01,512 - INFO -     💰 当前价格: $0.2143
2025-12-25 04:13:01,512 - INFO -     📊 位置: 4h=76.13% | 12h=77.61% | 24h=75.54% | 48h=40.26%
2025-12-25 04:13:02,012 - INFO -   [15/27] 采集 FIL-USDT-SWAP...
2025-12-25 04:13:02,252 - INFO -     💰 当前价格: $1.28
2025-12-25 04:13:02,252 - INFO -     📊 位置: 4h=58.33% | 12h=61.54% | 24h=64.29% | 48h=20.0%
2025-12-25 04:13:02,752 - INFO -   [16/27] 采集 LINK-USDT-SWAP...
2025-12-25 04:13:02,988 - INFO -     💰 当前价格: $12.32
2025-12-25 04:13:02,989 - INFO -     📊 位置: 4h=72.99% | 12h=79.23% | 24h=85.79% | 48h=62.81%
2025-12-25 04:13:03,489 - INFO -   [17/27] 采集 CRO-USDT-SWAP...
2025-12-25 04:13:03,737 - INFO -     💰 当前价格: $0.09411
2025-12-25 04:13:03,737 - INFO -     📊 位置: 4h=88.24% | 12h=90.43% | 24h=90.43% | 48h=52.5%
2025-12-25 04:13:04,237 - INFO -   [18/27] 采集 DOT-USDT-SWAP...
2025-12-25 04:13:04,476 - INFO -     💰 当前价格: $1.741
2025-12-25 04:13:04,476 - INFO -     📊 位置: 4h=50.0% | 12h=72.97% | 24h=78.72% | 48h=45.12%
2025-12-25 04:13:04,977 - INFO -   [19/27] 采集 AAVE-USDT-SWAP...
2025-12-25 04:13:05,211 - INFO -     💰 当前价格: $150.45
2025-12-25 04:13:05,211 - INFO -     📊 位置: 4h=67.4% | 12h=76.94% | 24h=82.34% | 48h=48.37%
2025-12-25 04:13:05,711 - INFO -   [20/27] 采集 UNI-USDT-SWAP...
2025-12-25 04:13:05,948 - INFO -     💰 当前价格: $5.798
2025-12-25 04:13:05,948 - INFO -     📊 位置: 4h=13.04% | 12h=36.97% | 24h=71.14% | 48h=40.54%
2025-12-25 04:13:06,448 - INFO -   [21/27] 采集 NEAR-USDT-SWAP...
2025-12-25 04:13:06,679 - INFO -     💰 当前价格: $1.494
2025-12-25 04:13:06,679 - INFO -     📊 位置: 4h=85.11% | 12h=88.14% | 24h=89.71% | 48h=62.89%
2025-12-25 04:13:07,179 - INFO -   [22/27] 采集 APT-USDT-SWAP...
2025-12-25 04:13:07,422 - INFO -     💰 当前价格: $1.645
2025-12-25 04:13:07,422 - INFO -     📊 位置: 4h=66.67% | 12h=81.33% | 24h=86.92% | 48h=86.92%
2025-12-25 04:13:07,923 - INFO -   [23/27] 采集 CFX-USDT-SWAP...
2025-12-25 04:13:08,156 - INFO -     💰 当前价格: $0.07691
2025-12-25 04:13:08,156 - INFO -     📊 位置: 4h=95.1% | 12h=77.48% | 24h=84.47% | 48h=84.47%
2025-12-25 04:13:08,656 - INFO -   [24/27] 采集 CRV-USDT-SWAP...
2025-12-25 04:13:08,889 - INFO -     💰 当前价格: $0.3818
2025-12-25 04:13:08,890 - INFO -     📊 位置: 4h=70.83% | 12h=74.31% | 24h=85.34% | 48h=85.83%
2025-12-25 04:13:09,390 - INFO -   [25/27] 采集 STX-USDT-SWAP...
2025-12-25 04:13:09,632 - INFO -     💰 当前价格: $0.2514
2025-12-25 04:13:09,632 - INFO -     📊 位置: 4h=90.48% | 12h=94.81% | 24h=97.44% | 48h=97.44%
2025-12-25 04:13:10,132 - INFO -   [26/27] 采集 LDO-USDT-SWAP...
2025-12-25 04:13:10,365 - INFO -     💰 当前价格: $0.5516
2025-12-25 04:13:10,365 - INFO -     📊 位置: 4h=85.37% | 12h=91.18% | 24h=93.95% | 48h=93.95%
2025-12-25 04:13:10,865 - INFO -   [27/27] 采集 TAO-USDT-SWAP...
2025-12-25 04:13:11,098 - INFO -     💰 当前价格: $222.7
2025-12-25 04:13:11,099 - INFO -     📊 位置: 4h=77.61% | 12h=84.04% | 24h=91.71% | 48h=91.71%
2025-12-25 04:13:11,606 - INFO - 💾 数据保存成功: 27 个币种
2025-12-25 04:13:11,611 - INFO - 📊 统计数据保存成功:
2025-12-25 04:13:11,611 - INFO -     4h低于1%: 0/27
2025-12-25 04:13:11,611 - INFO -    12h低于1%: 0/27
2025-12-25 04:13:11,611 - INFO -    24h低于1%: 0/27
2025-12-25 04:13:11,611 - INFO -    48h低于1%: 0/27
2025-12-25 04:13:11,611 - INFO - ✅ 数据采集完成: 成功 27/27
2025-12-25 04:13:11,612 - INFO - 🚀 位置系统采集器启动，采集间隔: 300秒
2025-12-25 04:13:11,612 - INFO - 📊 开始采集位置系统数据...
2025-12-25 04:13:11,612 - INFO - 📋 币种列表: 27 个币种
2025-12-25 04:13:11,612 - INFO -   [1/27] 采集 BTC-USDT-SWAP...
2025-12-25 04:13:11,845 - INFO -     💰 当前价格: $87723.3
2025-12-25 04:13:11,845 - INFO -     📊 位置: 4h=48.18% | 12h=62.71% | 24h=81.53% | 48h=69.25%
2025-12-25 04:13:12,346 - INFO -   [2/27] 采集 ETH-USDT-SWAP...
2025-12-25 04:13:12,574 - INFO -     💰 当前价格: $2943.13
2025-12-25 04:13:12,574 - INFO -     📊 位置: 4h=27.66% | 12h=42.87% | 24h=74.3% | 48h=56.69%
2025-12-25 04:13:13,075 - INFO -   [3/27] 采集 XRP-USDT-SWAP...
2025-12-25 04:13:13,313 - INFO -     💰 当前价格: $1.8687
2025-12-25 04:13:13,313 - INFO -     📊 位置: 4h=75.14% | 12h=82.26% | 24h=79.76% | 48h=47.88%
2025-12-25 04:13:13,814 - INFO -   [4/27] 采集 BNB-USDT-SWAP...
2025-12-25 04:13:14,043 - INFO -     💰 当前价格: $844.0
2025-12-25 04:13:14,043 - INFO -     📊 位置: 4h=15.0% | 12h=16.42% | 24h=62.67% | 48h=46.31%
2025-12-25 04:13:14,544 - INFO -   [5/27] 采集 SOL-USDT-SWAP...
2025-12-25 04:13:14,789 - INFO -     💰 当前价格: $122.62
2025-12-25 04:13:14,789 - INFO -     📊 位置: 4h=53.92% | 12h=54.82% | 24h=72.16% | 48h=41.42%
2025-12-25 04:13:15,289 - INFO -   [6/27] 采集 LTC-USDT-SWAP...
2025-12-25 04:13:15,520 - INFO -     💰 当前价格: $76.26
2025-12-25 04:13:15,520 - INFO -     📊 位置: 4h=80.65% | 12h=83.64% | 24h=68.1% | 48h=39.93%
2025-12-25 04:13:16,021 - INFO -   [7/27] 采集 DOGE-USDT-SWAP...
2025-12-25 04:13:16,255 - INFO -     💰 当前价格: $0.12858
2025-12-25 04:13:16,255 - INFO -     📊 位置: 4h=57.52% | 12h=57.39% | 24h=72.7% | 48h=39.53%
2025-12-25 04:13:16,756 - INFO -   [8/27] 采集 SUI-USDT-SWAP...
2025-12-25 04:13:16,986 - INFO -     💰 当前价格: $1.414
2025-12-25 04:13:16,987 - INFO -     📊 位置: 4h=41.86% | 12h=35.81% | 24h=65.85% | 48h=38.45%
2025-12-25 04:13:17,487 - INFO -   [9/27] 采集 TRX-USDT-SWAP...
2025-12-25 04:13:17,712 - INFO -     💰 当前价格: $0.2801
2025-12-25 04:13:17,712 - INFO -     📊 位置: 4h=15.96% | 12h=37.65% | 24h=25.65% | 48h=21.73%
2025-12-25 04:13:18,213 - INFO -   [10/27] 采集 TON-USDT-SWAP...
2025-12-25 04:13:18,443 - INFO -     💰 当前价格: $1.526
2025-12-25 04:13:18,444 - INFO -     📊 位置: 4h=97.22% | 12h=98.08% | 24h=98.7% | 48h=98.84%
2025-12-25 04:13:18,944 - INFO -   [11/27] 采集 ETC-USDT-SWAP...
2025-12-25 04:13:19,178 - INFO -     💰 当前价格: $12.05
2025-12-25 04:13:19,179 - INFO -     📊 位置: 4h=46.67% | 12h=61.9% | 24h=77.14% | 48h=64.29%
2025-12-25 04:13:19,679 - INFO -   [12/27] 采集 BCH-USDT-SWAP...
2025-12-25 04:13:19,916 - INFO -     💰 当前价格: $570.4
2025-12-25 04:13:19,916 - INFO -     📊 位置: 4h=54.43% | 12h=66.97% | 24h=41.71% | 48h=29.92%
2025-12-25 04:13:20,417 - INFO -   [13/27] 采集 HBAR-USDT-SWAP...
2025-12-25 04:13:20,658 - INFO -     💰 当前价格: $0.11036
2025-12-25 04:13:20,659 - INFO -     📊 位置: 4h=77.83% | 12h=80.26% | 24h=83.33% | 48h=48.08%
2025-12-25 04:13:21,159 - INFO -   [14/27] 采集 XLM-USDT-SWAP...
2025-12-25 04:13:21,390 - INFO -     💰 当前价格: $0.2143
2025-12-25 04:13:21,391 - INFO -     📊 位置: 4h=76.13% | 12h=77.61% | 24h=75.54% | 48h=40.26%
2025-12-25 04:13:21,891 - INFO -   [15/27] 采集 FIL-USDT-SWAP...
2025-12-25 04:13:22,119 - INFO -     💰 当前价格: $1.279
2025-12-25 04:13:22,120 - INFO -     📊 位置: 4h=54.17% | 12h=57.69% | 24h=60.71% | 48h=18.89%
2025-12-25 04:13:22,620 - INFO -   [16/27] 采集 LINK-USDT-SWAP...
2025-12-25 04:13:22,857 - INFO -     💰 当前价格: $12.323
2025-12-25 04:13:22,857 - INFO -     📊 位置: 4h=75.18% | 12h=80.38% | 24h=86.58% | 48h=63.39%
2025-12-25 04:13:23,357 - INFO -   [17/27] 采集 CRO-USDT-SWAP...
2025-12-25 04:13:23,595 - INFO -     💰 当前价格: $0.09411
2025-12-25 04:13:23,595 - INFO -     📊 位置: 4h=88.24% | 12h=90.43% | 24h=90.43% | 48h=52.5%
2025-12-25 04:13:24,095 - INFO -   [18/27] 采集 DOT-USDT-SWAP...
2025-12-25 04:13:24,324 - INFO -     💰 当前价格: $1.741
2025-12-25 04:13:24,325 - INFO -     📊 位置: 4h=50.0% | 12h=72.97% | 24h=78.72% | 48h=45.12%
2025-12-25 04:13:24,825 - INFO -   [19/27] 采集 AAVE-USDT-SWAP...
2025-12-25 04:13:25,071 - INFO -     💰 当前价格: $150.43
2025-12-25 04:13:25,071 - INFO -     📊 位置: 4h=66.67% | 12h=76.42% | 24h=81.94% | 48h=48.14%
2025-12-25 04:13:25,571 - INFO -   [20/27] 采集 UNI-USDT-SWAP...
2025-12-25 04:13:25,815 - INFO -     💰 当前价格: $5.797
2025-12-25 04:13:25,815 - INFO -     📊 位置: 4h=11.59% | 12h=36.13% | 24h=70.81% | 48h=40.34%
2025-12-25 04:13:26,315 - INFO -   [21/27] 采集 NEAR-USDT-SWAP...
2025-12-25 04:13:26,545 - INFO -     💰 当前价格: $1.494
2025-12-25 04:13:26,546 - INFO -     📊 位置: 4h=85.11% | 12h=88.14% | 24h=89.71% | 48h=62.89%
2025-12-25 04:13:27,046 - INFO -   [22/27] 采集 APT-USDT-SWAP...
2025-12-25 04:13:27,274 - INFO -     💰 当前价格: $1.644
2025-12-25 04:13:27,275 - INFO -     📊 位置: 4h=64.29% | 12h=80.0% | 24h=85.98% | 48h=85.98%
2025-12-25 04:13:27,775 - INFO -   [23/27] 采集 CFX-USDT-SWAP...
2025-12-25 04:13:28,016 - INFO -     💰 当前价格: $0.07691
2025-12-25 04:13:28,017 - INFO -     📊 位置: 4h=95.1% | 12h=77.48% | 24h=84.47% | 48h=84.47%
2025-12-25 04:13:28,517 - INFO -   [24/27] 采集 CRV-USDT-SWAP...
2025-12-25 04:13:28,758 - INFO -     💰 当前价格: $0.3814
2025-12-25 04:13:28,758 - INFO -     📊 位置: 4h=66.67% | 12h=70.64% | 24h=83.62% | 48h=84.17%
2025-12-25 04:13:29,258 - INFO -   [25/27] 采集 STX-USDT-SWAP...
2025-12-25 04:13:29,495 - INFO -     💰 当前价格: $0.2514
2025-12-25 04:13:29,495 - INFO -     📊 位置: 4h=90.48% | 12h=94.81% | 24h=97.44% | 48h=97.44%
2025-12-25 04:13:29,996 - INFO -   [26/27] 采集 LDO-USDT-SWAP...
2025-12-25 04:13:30,222 - INFO -     💰 当前价格: $0.5514
2025-12-25 04:13:30,222 - INFO -     📊 位置: 4h=84.15% | 12h=90.44% | 24h=93.45% | 48h=93.45%
2025-12-25 04:13:30,722 - INFO -   [27/27] 采集 TAO-USDT-SWAP...
2025-12-25 04:13:30,960 - INFO -     💰 当前价格: $222.6
2025-12-25 04:13:30,960 - INFO -     📊 位置: 4h=76.12% | 12h=82.98% | 24h=91.16% | 48h=91.16%
2025-12-25 04:13:31,467 - INFO - 💾 数据保存成功: 27 个币种
2025-12-25 04:13:31,472 - INFO - 📊 统计数据保存成功:
2025-12-25 04:13:31,472 - INFO -     4h低于1%: 0/27
2025-12-25 04:13:31,472 - INFO -    12h低于1%: 0/27
2025-12-25 04:13:31,473 - INFO -    24h低于1%: 0/27
2025-12-25 04:13:31,473 - INFO -    48h低于1%: 0/27
2025-12-25 04:13:31,473 - INFO - ✅ 数据采集完成: 成功 27/27
2025-12-25 04:13:31,473 - INFO - ⏳ 等待 300 秒后进行下一次采集...

2025-12-25 04:17:52,284 - INFO - ⛔ 收到停止信号，退出采集器
2025-12-25 04:17:52,625 - INFO - ✅ 数据库初始化完成
2025-12-25 04:17:52,625 - INFO - 📊 开始采集位置系统数据...
2025-12-25 04:17:52,625 - INFO - 📋 币种列表: 27 个币种
2025-12-25 04:17:52,636 - INFO -   [1/27] 采集 BTC-USDT-SWAP...
2025-12-25 04:17:52,872 - INFO -     💰 当前价格: $87800.0
2025-12-25 04:17:52,872 - INFO -     📊 位置: 4h=66.54% | 12h=71.9% | 24h=86.08% | 48h=73.12%
2025-12-25 04:17:53,372 - INFO -   [2/27] 采集 ETH-USDT-SWAP...
2025-12-25 04:17:53,600 - INFO -     💰 当前价格: $2944.37
2025-12-25 04:17:53,600 - INFO -     📊 位置: 4h=34.63% | 12h=46.47% | 24h=75.91% | 48h=57.93%
2025-12-25 04:17:54,101 - INFO -   [3/27] 采集 XRP-USDT-SWAP...
2025-12-25 04:17:54,336 - INFO -     💰 当前价格: $1.8716
2025-12-25 04:17:54,336 - INFO -     📊 位置: 4h=91.53% | 12h=93.95% | 24h=86.83% | 48h=52.12%
2025-12-25 04:17:54,837 - INFO -   [4/27] 采集 BNB-USDT-SWAP...
2025-12-25 04:17:55,063 - INFO -     💰 当前价格: $844.6
2025-12-25 04:17:55,063 - INFO -     📊 位置: 4h=30.0% | 12h=25.37% | 24h=66.67% | 48h=49.26%
2025-12-25 04:17:55,563 - INFO -   [5/27] 采集 SOL-USDT-SWAP...
2025-12-25 04:17:55,805 - INFO -     💰 当前价格: $122.78
2025-12-25 04:17:55,805 - INFO -     📊 位置: 4h=69.61% | 12h=64.46% | 24h=77.66% | 48h=44.58%
2025-12-25 04:17:56,306 - INFO -   [6/27] 采集 LTC-USDT-SWAP...
2025-12-25 04:17:56,540 - INFO -     💰 当前价格: $76.34
2025-12-25 04:17:56,540 - INFO -     📊 位置: 4h=89.25% | 12h=90.91% | 24h=73.01% | 48h=42.81%
2025-12-25 04:17:57,041 - INFO -   [7/27] 采集 DOGE-USDT-SWAP...
2025-12-25 04:17:57,272 - INFO -     💰 当前价格: $0.12871
2025-12-25 04:17:57,273 - INFO -     📊 位置: 4h=69.03% | 12h=64.77% | 24h=76.97% | 48h=41.86%
2025-12-25 04:17:57,773 - INFO -   [8/27] 采集 SUI-USDT-SWAP...
2025-12-25 04:17:58,009 - INFO -     💰 当前价格: $1.4164
2025-12-25 04:17:58,009 - INFO -     📊 位置: 4h=60.47% | 12h=46.98% | 24h=71.74% | 48h=41.89%
2025-12-25 04:17:58,509 - INFO -   [9/27] 采集 TRX-USDT-SWAP...
2025-12-25 04:17:58,743 - INFO -     💰 当前价格: $0.28009
2025-12-25 04:17:58,744 - INFO -     📊 位置: 4h=14.89% | 12h=37.35% | 24h=25.45% | 48h=21.56%
2025-12-25 04:17:59,244 - INFO -   [10/27] 采集 TON-USDT-SWAP...
2025-12-25 04:17:59,492 - INFO -     💰 当前价格: $1.526
2025-12-25 04:17:59,493 - INFO -     📊 位置: 4h=97.22% | 12h=98.08% | 24h=98.7% | 48h=98.84%
2025-12-25 04:17:59,993 - INFO -   [11/27] 采集 ETC-USDT-SWAP...
2025-12-25 04:18:00,225 - INFO -     💰 当前价格: $12.08
2025-12-25 04:18:00,226 - INFO -     📊 位置: 4h=66.67% | 12h=76.19% | 24h=85.71% | 48h=71.43%
2025-12-25 04:18:00,726 - INFO -   [12/27] 采集 BCH-USDT-SWAP...
2025-12-25 04:18:00,959 - INFO -     💰 当前价格: $571.2
2025-12-25 04:18:00,960 - INFO -     📊 位置: 4h=64.56% | 12h=74.31% | 24h=46.29% | 48h=33.2%
2025-12-25 04:18:01,460 - INFO -   [13/27] 采集 HBAR-USDT-SWAP...
2025-12-25 04:18:01,702 - INFO -     💰 当前价格: $0.11093
2025-12-25 04:18:01,702 - INFO -     📊 位置: 4h=99.08% | 12h=99.17% | 24h=99.3% | 48h=60.26%
2025-12-25 04:18:02,202 - INFO -   [14/27] 采集 XLM-USDT-SWAP...
2025-12-25 04:18:02,428 - INFO -     💰 当前价格: $0.21465
2025-12-25 04:18:02,429 - INFO -     📊 位置: 4h=85.41% | 12h=86.32% | 24h=84.02% | 48h=44.77%
2025-12-25 04:18:02,929 - INFO -   [15/27] 采集 FIL-USDT-SWAP...
2025-12-25 04:18:03,162 - INFO -     💰 当前价格: $1.279
2025-12-25 04:18:03,162 - INFO -     📊 位置: 4h=54.17% | 12h=57.69% | 24h=60.71% | 48h=18.89%
2025-12-25 04:18:03,663 - INFO -   [16/27] 采集 LINK-USDT-SWAP...
2025-12-25 04:18:04,022 - INFO -     💰 当前价格: $12.339
2025-12-25 04:18:04,022 - INFO -     📊 位置: 4h=86.86% | 12h=86.54% | 24h=90.79% | 48h=66.47%
2025-12-25 04:18:04,522 - INFO -   [17/27] 采集 CRO-USDT-SWAP...
2025-12-25 04:18:04,762 - INFO -     💰 当前价格: $0.09415
2025-12-25 04:18:04,762 - INFO -     📊 位置: 4h=90.59% | 12h=92.34% | 24h=92.34% | 48h=53.61%
2025-12-25 04:18:05,262 - INFO -   [18/27] 采集 DOT-USDT-SWAP...
2025-12-25 04:18:05,499 - INFO -     💰 当前价格: $1.745
2025-12-25 04:18:05,499 - INFO -     📊 位置: 4h=70.0% | 12h=83.78% | 24h=87.23% | 48h=50.0%
2025-12-25 04:18:06,000 - INFO -   [19/27] 采集 AAVE-USDT-SWAP...
2025-12-25 04:18:06,228 - INFO -     💰 当前价格: $150.62
2025-12-25 04:18:06,229 - INFO -     📊 位置: 4h=73.63% | 12h=81.35% | 24h=85.71% | 48h=50.35%
2025-12-25 04:18:06,729 - INFO -   [20/27] 采集 UNI-USDT-SWAP...
2025-12-25 04:18:06,956 - INFO -     💰 当前价格: $5.807
2025-12-25 04:18:06,956 - INFO -     📊 位置: 4h=26.09% | 12h=44.54% | 24h=74.16% | 48h=42.26%
2025-12-25 04:18:07,457 - INFO -   [21/27] 采集 NEAR-USDT-SWAP...
2025-12-25 04:18:07,693 - INFO -     💰 当前价格: $1.502
2025-12-25 04:18:07,693 - INFO -     📊 位置: 4h=94.12% | 12h=95.24% | 24h=95.83% | 48h=71.13%
2025-12-25 04:18:08,193 - INFO -   [22/27] 采集 APT-USDT-SWAP...
2025-12-25 04:18:08,429 - INFO -     💰 当前价格: $1.657
2025-12-25 04:18:08,429 - INFO -     📊 位置: 4h=93.02% | 12h=96.05% | 24h=97.22% | 48h=97.22%
2025-12-25 04:18:08,929 - INFO -   [23/27] 采集 CFX-USDT-SWAP...
2025-12-25 04:18:09,163 - INFO -     💰 当前价格: $0.0767
2025-12-25 04:18:09,163 - INFO -     📊 位置: 4h=79.7% | 12h=74.66% | 24h=82.53% | 48h=82.53%
2025-12-25 04:18:09,664 - INFO -   [24/27] 采集 CRV-USDT-SWAP...
2025-12-25 04:18:09,902 - INFO -     💰 当前价格: $0.3825
2025-12-25 04:18:09,903 - INFO -     📊 位置: 4h=78.13% | 12h=80.73% | 24h=88.36% | 48h=88.75%
2025-12-25 04:18:10,403 - INFO -   [25/27] 采集 STX-USDT-SWAP...
2025-12-25 04:18:10,648 - INFO -     💰 当前价格: $0.2516
2025-12-25 04:18:10,649 - INFO -     📊 位置: 4h=95.24% | 12h=97.4% | 24h=98.72% | 48h=98.72%
2025-12-25 04:18:11,149 - INFO -   [26/27] 采集 LDO-USDT-SWAP...
2025-12-25 04:18:11,383 - INFO -     💰 当前价格: $0.5512
2025-12-25 04:18:11,383 - INFO -     📊 位置: 4h=82.93% | 12h=89.71% | 24h=92.95% | 48h=92.95%
2025-12-25 04:18:11,883 - INFO -   [27/27] 采集 TAO-USDT-SWAP...
2025-12-25 04:18:12,105 - INFO -     💰 当前价格: $222.6
2025-12-25 04:18:12,105 - INFO -     📊 位置: 4h=76.12% | 12h=82.98% | 24h=91.16% | 48h=91.16%
2025-12-25 04:18:12,612 - INFO - 💾 数据保存成功: 27 个币种
2025-12-25 04:18:12,617 - INFO - 📊 统计数据保存成功:
2025-12-25 04:18:12,617 - INFO -     4h低于1%: 0/27
2025-12-25 04:18:12,617 - INFO -    12h低于1%: 0/27
2025-12-25 04:18:12,617 - INFO -    24h低于1%: 0/27
2025-12-25 04:18:12,617 - INFO -    48h低于1%: 0/27
2025-12-25 04:18:12,617 - INFO - ✅ 数据采集完成: 成功 27/27
2025-12-25 04:18:12,618 - INFO - 🚀 位置系统采集器启动，采集间隔: 300秒
2025-12-25 04:18:12,618 - INFO - 📊 开始采集位置系统数据...
2025-12-25 04:18:12,618 - INFO - 📋 币种列表: 27 个币种
2025-12-25 04:18:12,618 - INFO -   [1/27] 采集 BTC-USDT-SWAP...
2025-12-25 04:18:12,849 - INFO -     💰 当前价格: $87776.6
2025-12-25 04:18:12,849 - INFO -     📊 位置: 4h=60.94% | 12h=69.1% | 24h=84.69% | 48h=71.94%
2025-12-25 04:18:13,349 - INFO -   [2/27] 采集 ETH-USDT-SWAP...
2025-12-25 04:18:13,600 - INFO -     💰 当前价格: $2944.79
2025-12-25 04:18:13,600 - INFO -     📊 位置: 4h=36.99% | 12h=47.68% | 24h=76.46% | 48h=58.34%
2025-12-25 04:18:14,101 - INFO -   [3/27] 采集 XRP-USDT-SWAP...
2025-12-25 04:18:14,325 - INFO -     💰 当前价格: $1.8711
2025-12-25 04:18:14,325 - INFO -     📊 位置: 4h=88.7% | 12h=91.94% | 24h=85.61% | 48h=51.39%
2025-12-25 04:18:14,826 - INFO -   [4/27] 采集 BNB-USDT-SWAP...
2025-12-25 04:18:15,060 - INFO -     💰 当前价格: $844.5
2025-12-25 04:18:15,060 - INFO -     📊 位置: 4h=27.5% | 12h=23.88% | 24h=66.0% | 48h=48.77%
2025-12-25 04:18:15,560 - INFO -   [5/27] 采集 SOL-USDT-SWAP...
2025-12-25 04:18:15,803 - INFO -     💰 当前价格: $122.77
2025-12-25 04:18:15,803 - INFO -     📊 位置: 4h=68.63% | 12h=63.86% | 24h=77.32% | 48h=44.38%
2025-12-25 04:18:16,304 - INFO -   [6/27] 采集 LTC-USDT-SWAP...
2025-12-25 04:18:16,545 - INFO -     💰 当前价格: $76.32
2025-12-25 04:18:16,545 - INFO -     📊 位置: 4h=87.1% | 12h=89.09% | 24h=71.78% | 48h=42.09%
2025-12-25 04:18:17,046 - INFO -   [7/27] 采集 DOGE-USDT-SWAP...
2025-12-25 04:18:17,272 - INFO -     💰 当前价格: $0.12872
2025-12-25 04:18:17,273 - INFO -     📊 位置: 4h=69.91% | 12h=65.34% | 24h=77.3% | 48h=42.04%
2025-12-25 04:18:17,773 - INFO -   [8/27] 采集 SUI-USDT-SWAP...
2025-12-25 04:18:18,009 - INFO -     💰 当前价格: $1.416
2025-12-25 04:18:18,009 - INFO -     📊 位置: 4h=57.36% | 12h=45.12% | 24h=70.76% | 48h=41.32%
2025-12-25 04:18:18,509 - INFO -   [9/27] 采集 TRX-USDT-SWAP...
2025-12-25 04:18:18,741 - INFO -     💰 当前价格: $0.28008
2025-12-25 04:18:18,741 - INFO -     📊 位置: 4h=13.83% | 12h=37.06% | 24h=25.25% | 48h=21.39%
2025-12-25 04:18:19,241 - INFO -   [10/27] 采集 TON-USDT-SWAP...
2025-12-25 04:18:19,474 - INFO -     💰 当前价格: $1.526
2025-12-25 04:18:19,475 - INFO -     📊 位置: 4h=97.22% | 12h=98.08% | 24h=98.7% | 48h=98.84%
2025-12-25 04:18:19,975 - INFO -   [11/27] 采集 ETC-USDT-SWAP...
2025-12-25 04:18:20,200 - INFO -     💰 当前价格: $12.07
2025-12-25 04:18:20,200 - INFO -     📊 位置: 4h=60.0% | 12h=71.43% | 24h=82.86% | 48h=69.05%
2025-12-25 04:18:20,701 - INFO -   [12/27] 采集 BCH-USDT-SWAP...
2025-12-25 04:18:20,933 - INFO -     💰 当前价格: $571.1
2025-12-25 04:18:20,933 - INFO -     📊 位置: 4h=63.29% | 12h=73.39% | 24h=45.71% | 48h=32.79%
2025-12-25 04:18:21,434 - INFO -   [13/27] 采集 HBAR-USDT-SWAP...
2025-12-25 04:18:21,667 - INFO -     💰 当前价格: $0.1109
2025-12-25 04:18:21,667 - INFO -     📊 位置: 4h=97.7% | 12h=97.93% | 24h=98.24% | 48h=59.62%
2025-12-25 04:18:22,168 - INFO -   [14/27] 采集 XLM-USDT-SWAP...
2025-12-25 04:18:22,412 - INFO -     💰 当前价格: $0.21465
2025-12-25 04:18:22,412 - INFO -     📊 位置: 4h=85.41% | 12h=86.32% | 24h=84.02% | 48h=44.77%
2025-12-25 04:18:22,912 - INFO -   [15/27] 采集 FIL-USDT-SWAP...
2025-12-25 04:18:23,149 - INFO -     💰 当前价格: $1.279
2025-12-25 04:18:23,149 - INFO -     📊 位置: 4h=54.17% | 12h=57.69% | 24h=60.71% | 48h=18.89%
2025-12-25 04:18:23,649 - INFO -   [16/27] 采集 LINK-USDT-SWAP...
2025-12-25 04:18:23,879 - INFO -     💰 当前价格: $12.34
2025-12-25 04:18:23,879 - INFO -     📊 位置: 4h=87.59% | 12h=86.92% | 24h=91.05% | 48h=66.67%
2025-12-25 04:18:24,379 - INFO -   [17/27] 采集 CRO-USDT-SWAP...
2025-12-25 04:18:24,618 - INFO -     💰 当前价格: $0.09415
2025-12-25 04:18:24,619 - INFO -     📊 位置: 4h=90.59% | 12h=92.34% | 24h=92.34% | 48h=53.61%
2025-12-25 04:18:25,119 - INFO -   [18/27] 采集 DOT-USDT-SWAP...
2025-12-25 04:18:25,348 - INFO -     💰 当前价格: $1.745
2025-12-25 04:18:25,348 - INFO -     📊 位置: 4h=70.0% | 12h=83.78% | 24h=87.23% | 48h=50.0%
2025-12-25 04:18:25,849 - INFO -   [19/27] 采集 AAVE-USDT-SWAP...
2025-12-25 04:18:26,073 - INFO -     💰 当前价格: $150.58
2025-12-25 04:18:26,074 - INFO -     📊 位置: 4h=72.16% | 12h=80.31% | 24h=84.92% | 48h=49.88%
2025-12-25 04:18:26,574 - INFO -   [20/27] 采集 UNI-USDT-SWAP...
2025-12-25 04:18:26,812 - INFO -     💰 当前价格: $5.802
2025-12-25 04:18:26,813 - INFO -     📊 位置: 4h=18.84% | 12h=40.34% | 24h=72.48% | 48h=41.3%
2025-12-25 04:18:27,313 - INFO -   [21/27] 采集 NEAR-USDT-SWAP...
2025-12-25 04:18:27,557 - INFO -     💰 当前价格: $1.502
2025-12-25 04:18:27,557 - INFO -     📊 位置: 4h=94.12% | 12h=95.24% | 24h=95.83% | 48h=71.13%
2025-12-25 04:18:28,057 - INFO -   [22/27] 采集 APT-USDT-SWAP...
2025-12-25 04:18:28,298 - INFO -     💰 当前价格: $1.657
2025-12-25 04:18:28,298 - INFO -     📊 位置: 4h=93.02% | 12h=96.05% | 24h=97.22% | 48h=97.22%
2025-12-25 04:18:28,799 - INFO -   [23/27] 采集 CFX-USDT-SWAP...
2025-12-25 04:18:29,036 - INFO -     💰 当前价格: $0.07661
2025-12-25 04:18:29,036 - INFO -     📊 位置: 4h=76.32% | 12h=73.46% | 24h=81.7% | 48h=81.7%
2025-12-25 04:18:29,536 - INFO -   [24/27] 采集 CRV-USDT-SWAP...
2025-12-25 04:18:29,778 - INFO -     💰 当前价格: $0.3825
2025-12-25 04:18:29,779 - INFO -     📊 位置: 4h=78.13% | 12h=80.73% | 24h=88.36% | 48h=88.75%
2025-12-25 04:18:30,279 - INFO -   [25/27] 采集 STX-USDT-SWAP...
2025-12-25 04:18:30,513 - INFO -     💰 当前价格: $0.2516
2025-12-25 04:18:30,513 - INFO -     📊 位置: 4h=95.24% | 12h=97.4% | 24h=98.72% | 48h=98.72%
2025-12-25 04:18:31,013 - INFO -   [26/27] 采集 LDO-USDT-SWAP...
2025-12-25 04:18:31,249 - INFO -     💰 当前价格: $0.5513
2025-12-25 04:18:31,249 - INFO -     📊 位置: 4h=83.54% | 12h=90.07% | 24h=93.2% | 48h=93.2%
2025-12-25 04:18:31,750 - INFO -   [27/27] 采集 TAO-USDT-SWAP...
2025-12-25 04:18:31,981 - INFO -     💰 当前价格: $222.7
2025-12-25 04:18:31,981 - INFO -     📊 位置: 4h=77.61% | 12h=84.04% | 24h=91.71% | 48h=91.71%
2025-12-25 04:18:32,487 - INFO - 💾 数据保存成功: 27 个币种
2025-12-25 04:18:32,492 - INFO - 📊 统计数据保存成功:
2025-12-25 04:18:32,493 - INFO -     4h低于1%: 0/27
2025-12-25 04:18:32,493 - INFO -    12h低于1%: 0/27
2025-12-25 04:18:32,493 - INFO -    24h低于1%: 0/27
2025-12-25 04:18:32,493 - INFO -    48h低于1%: 0/27
2025-12-25 04:18:32,493 - INFO - ✅ 数据采集完成: 成功 27/27
2025-12-25 04:18:32,493 - INFO - ⏳ 等待 300 秒后进行下一次采集...

2025-12-25 04:22:53,123 - INFO - ⛔ 收到停止信号，退出采集器
2025-12-25 04:22:53,497 - INFO - ✅ 数据库初始化完成
2025-12-25 04:22:53,497 - INFO - 📊 开始采集位置系统数据...
2025-12-25 04:22:53,497 - INFO - 📋 币种列表: 27 个币种
2025-12-25 04:22:53,507 - INFO -   [1/27] 采集 BTC-USDT-SWAP...
2025-12-25 04:22:53,745 - INFO -     💰 当前价格: $87762.0
2025-12-25 04:22:53,745 - INFO -     📊 位置: 4h=57.44% | 12h=67.35% | 24h=83.83% | 48h=71.21%
2025-12-25 04:22:54,245 - INFO -   [2/27] 采集 ETH-USDT-SWAP...
2025-12-25 04:22:54,481 - INFO -     💰 当前价格: $2942.94
2025-12-25 04:22:54,482 - INFO -     📊 位置: 4h=26.59% | 12h=42.32% | 24h=74.05% | 48h=56.5%
2025-12-25 04:22:54,982 - INFO -   [3/27] 采集 XRP-USDT-SWAP...
2025-12-25 04:22:55,345 - INFO -     💰 当前价格: $1.871
2025-12-25 04:22:55,345 - INFO -     📊 位置: 4h=88.14% | 12h=91.53% | 24h=85.37% | 48h=51.24%
2025-12-25 04:22:55,845 - INFO -   [4/27] 采集 BNB-USDT-SWAP...
2025-12-25 04:22:56,078 - INFO -     💰 当前价格: $844.0
2025-12-25 04:22:56,078 - INFO -     📊 位置: 4h=15.0% | 12h=16.42% | 24h=62.67% | 48h=46.31%
2025-12-25 04:22:56,579 - INFO -   [5/27] 采集 SOL-USDT-SWAP...
2025-12-25 04:22:56,810 - INFO -     💰 当前价格: $122.7
2025-12-25 04:22:56,810 - INFO -     📊 位置: 4h=61.76% | 12h=59.64% | 24h=74.91% | 48h=43.0%
2025-12-25 04:22:57,311 - INFO -   [6/27] 采集 LTC-USDT-SWAP...
2025-12-25 04:22:57,545 - INFO -     💰 当前价格: $76.29
2025-12-25 04:22:57,545 - INFO -     📊 位置: 4h=83.87% | 12h=86.36% | 24h=69.94% | 48h=41.01%
2025-12-25 04:22:58,045 - INFO -   [7/27] 采集 DOGE-USDT-SWAP...
2025-12-25 04:22:58,275 - INFO -     💰 当前价格: $0.12867
2025-12-25 04:22:58,276 - INFO -     📊 位置: 4h=65.49% | 12h=62.5% | 24h=75.66% | 48h=41.14%
2025-12-25 04:22:58,776 - INFO -   [8/27] 采集 SUI-USDT-SWAP...
2025-12-25 04:22:59,009 - INFO -     💰 当前价格: $1.4155
2025-12-25 04:22:59,010 - INFO -     📊 位置: 4h=53.49% | 12h=42.79% | 24h=69.53% | 48h=40.6%
2025-12-25 04:22:59,510 - INFO -   [9/27] 采集 TRX-USDT-SWAP...
2025-12-25 04:22:59,749 - INFO -     💰 当前价格: $0.27997
2025-12-25 04:22:59,749 - INFO -     📊 位置: 4h=2.13% | 12h=33.82% | 24h=23.05% | 48h=19.52%
2025-12-25 04:23:00,249 - INFO -   [10/27] 采集 TON-USDT-SWAP...
2025-12-25 04:23:00,490 - INFO -     💰 当前价格: $1.525
2025-12-25 04:23:00,491 - INFO -     📊 位置: 4h=94.44% | 12h=96.15% | 24h=97.4% | 48h=97.67%
2025-12-25 04:23:00,991 - INFO -   [11/27] 采集 ETC-USDT-SWAP...
2025-12-25 04:23:01,230 - INFO -     💰 当前价格: $12.07
2025-12-25 04:23:01,230 - INFO -     📊 位置: 4h=60.0% | 12h=71.43% | 24h=82.86% | 48h=69.05%
2025-12-25 04:23:01,731 - INFO -   [12/27] 采集 BCH-USDT-SWAP...
2025-12-25 04:23:01,955 - INFO -     💰 当前价格: $570.7
2025-12-25 04:23:01,955 - INFO -     📊 位置: 4h=58.23% | 12h=69.72% | 24h=43.43% | 48h=31.15%
2025-12-25 04:23:02,455 - INFO -   [13/27] 采集 HBAR-USDT-SWAP...
2025-12-25 04:23:02,689 - INFO -     💰 当前价格: $0.11079
2025-12-25 04:23:02,689 - INFO -     📊 位置: 4h=92.63% | 12h=93.39% | 24h=94.37% | 48h=57.26%
2025-12-25 04:23:03,190 - INFO -   [14/27] 采集 XLM-USDT-SWAP...
2025-12-25 04:23:03,434 - INFO -     💰 当前价格: $0.21482
2025-12-25 04:23:03,434 - INFO -     📊 位置: 4h=89.92% | 12h=90.55% | 24h=88.14% | 48h=46.97%
2025-12-25 04:23:03,934 - INFO -   [15/27] 采集 FIL-USDT-SWAP...
2025-12-25 04:23:04,169 - INFO -     💰 当前价格: $1.279
2025-12-25 04:23:04,169 - INFO -     📊 位置: 4h=54.17% | 12h=57.69% | 24h=60.71% | 48h=18.89%
2025-12-25 04:23:04,670 - INFO -   [16/27] 采集 LINK-USDT-SWAP...
2025-12-25 04:23:04,892 - INFO -     💰 当前价格: $12.333
2025-12-25 04:23:04,893 - INFO -     📊 位置: 4h=82.48% | 12h=84.23% | 24h=89.21% | 48h=65.32%
2025-12-25 04:23:05,393 - INFO -   [17/27] 采集 CRO-USDT-SWAP...
2025-12-25 04:23:05,618 - INFO -     💰 当前价格: $0.09419
2025-12-25 04:23:05,618 - INFO -     📊 位置: 4h=92.94% | 12h=94.26% | 24h=94.26% | 48h=54.72%
2025-12-25 04:23:06,119 - INFO -   [18/27] 采集 DOT-USDT-SWAP...
2025-12-25 04:23:06,384 - INFO -     💰 当前价格: $1.744
2025-12-25 04:23:06,384 - INFO -     📊 位置: 4h=65.0% | 12h=81.08% | 24h=85.11% | 48h=48.78%
2025-12-25 04:23:06,885 - INFO -   [19/27] 采集 AAVE-USDT-SWAP...
2025-12-25 04:23:07,126 - INFO -     💰 当前价格: $150.37
2025-12-25 04:23:07,126 - INFO -     📊 位置: 4h=64.47% | 12h=74.87% | 24h=80.75% | 48h=47.44%
2025-12-25 04:23:07,626 - INFO -   [20/27] 采集 UNI-USDT-SWAP...
2025-12-25 04:23:07,858 - INFO -     💰 当前价格: $5.825
2025-12-25 04:23:07,859 - INFO -     📊 位置: 4h=52.17% | 12h=59.66% | 24h=80.2% | 48h=45.7%
2025-12-25 04:23:08,359 - INFO -   [21/27] 采集 NEAR-USDT-SWAP...
2025-12-25 04:23:08,591 - INFO -     💰 当前价格: $1.5
2025-12-25 04:23:08,591 - INFO -     📊 位置: 4h=90.2% | 12h=92.06% | 24h=93.06% | 48h=69.07%
2025-12-25 04:23:09,091 - INFO -   [22/27] 采集 APT-USDT-SWAP...
2025-12-25 04:23:09,325 - INFO -     💰 当前价格: $1.653
2025-12-25 04:23:09,325 - INFO -     📊 位置: 4h=83.72% | 12h=90.79% | 24h=93.52% | 48h=93.52%
2025-12-25 04:23:09,825 - INFO -   [23/27] 采集 CFX-USDT-SWAP...
2025-12-25 04:23:10,065 - INFO -     💰 当前价格: $0.07669
2025-12-25 04:23:10,065 - INFO -     📊 位置: 4h=79.32% | 12h=74.53% | 24h=82.44% | 48h=82.44%
2025-12-25 04:23:10,566 - INFO -   [24/27] 采集 CRV-USDT-SWAP...
2025-12-25 04:23:10,810 - INFO -     💰 当前价格: $0.3817
2025-12-25 04:23:10,811 - INFO -     📊 位置: 4h=69.79% | 12h=73.39% | 24h=84.91% | 48h=85.42%
2025-12-25 04:23:11,311 - INFO -   [25/27] 采集 STX-USDT-SWAP...
2025-12-25 04:23:11,537 - INFO -     💰 当前价格: $0.2515
2025-12-25 04:23:11,537 - INFO -     📊 位置: 4h=92.86% | 12h=96.1% | 24h=98.08% | 48h=98.08%
2025-12-25 04:23:12,038 - INFO -   [26/27] 采集 LDO-USDT-SWAP...
2025-12-25 04:23:12,268 - INFO -     💰 当前价格: $0.5521
2025-12-25 04:23:12,268 - INFO -     📊 位置: 4h=88.41% | 12h=93.01% | 24h=95.21% | 48h=95.21%
2025-12-25 04:23:12,769 - INFO -   [27/27] 采集 TAO-USDT-SWAP...
2025-12-25 04:23:13,007 - INFO -     💰 当前价格: $222.5
2025-12-25 04:23:13,007 - INFO -     📊 位置: 4h=74.63% | 12h=81.91% | 24h=90.61% | 48h=90.61%
2025-12-25 04:23:13,514 - INFO - 💾 数据保存成功: 27 个币种
2025-12-25 04:23:13,519 - INFO - 📊 统计数据保存成功:
2025-12-25 04:23:13,519 - INFO -     4h低于1%: 0/27
2025-12-25 04:23:13,519 - INFO -    12h低于1%: 0/27
2025-12-25 04:23:13,520 - INFO -    24h低于1%: 0/27
2025-12-25 04:23:13,520 - INFO -    48h低于1%: 0/27
2025-12-25 04:23:13,520 - INFO - ✅ 数据采集完成: 成功 27/27
2025-12-25 04:23:13,520 - INFO - 🚀 位置系统采集器启动，采集间隔: 300秒
2025-12-25 04:23:13,520 - INFO - 📊 开始采集位置系统数据...
2025-12-25 04:23:13,520 - INFO - 📋 币种列表: 27 个币种
2025-12-25 04:23:13,520 - INFO -   [1/27] 采集 BTC-USDT-SWAP...
2025-12-25 04:23:13,749 - INFO -     💰 当前价格: $87762.1
2025-12-25 04:23:13,749 - INFO -     📊 位置: 4h=57.47% | 12h=67.36% | 24h=83.83% | 48h=71.21%
2025-12-25 04:23:14,250 - INFO -   [2/27] 采集 ETH-USDT-SWAP...
2025-12-25 04:23:14,471 - INFO -     💰 当前价格: $2943.22
2025-12-25 04:23:14,472 - INFO -     📊 位置: 4h=28.16% | 12h=43.13% | 24h=74.41% | 48h=56.78%
2025-12-25 04:23:14,972 - INFO -   [3/27] 采集 XRP-USDT-SWAP...
2025-12-25 04:23:15,201 - INFO -     💰 当前价格: $1.8711
2025-12-25 04:23:15,202 - INFO -     📊 位置: 4h=88.7% | 12h=91.94% | 24h=85.61% | 48h=51.39%
2025-12-25 04:23:15,702 - INFO -   [4/27] 采集 BNB-USDT-SWAP...
2025-12-25 04:23:15,929 - INFO -     💰 当前价格: $844.0
2025-12-25 04:23:15,929 - INFO -     📊 位置: 4h=15.0% | 12h=16.42% | 24h=62.67% | 48h=46.31%
2025-12-25 04:23:16,430 - INFO -   [5/27] 采集 SOL-USDT-SWAP...
2025-12-25 04:23:16,659 - INFO -     💰 当前价格: $122.72
2025-12-25 04:23:16,660 - INFO -     📊 位置: 4h=63.73% | 12h=60.84% | 24h=75.6% | 48h=43.39%
2025-12-25 04:23:17,160 - INFO -   [6/27] 采集 LTC-USDT-SWAP...
2025-12-25 04:23:17,392 - INFO -     💰 当前价格: $76.33
2025-12-25 04:23:17,392 - INFO -     📊 位置: 4h=88.17% | 12h=90.0% | 24h=72.39% | 48h=42.45%
2025-12-25 04:23:17,892 - INFO -   [7/27] 采集 DOGE-USDT-SWAP...
2025-12-25 04:23:18,133 - INFO -     💰 当前价格: $0.12869
2025-12-25 04:23:18,133 - INFO -     📊 位置: 4h=67.26% | 12h=63.64% | 24h=76.32% | 48h=41.5%
2025-12-25 04:23:18,634 - INFO -   [8/27] 采集 SUI-USDT-SWAP...
2025-12-25 04:23:18,866 - INFO -     💰 当前价格: $1.4156
2025-12-25 04:23:18,866 - INFO -     📊 位置: 4h=54.26% | 12h=43.26% | 24h=69.78% | 48h=40.75%
2025-12-25 04:23:19,367 - INFO -   [9/27] 采集 TRX-USDT-SWAP...
2025-12-25 04:23:19,598 - INFO -     💰 当前价格: $0.27992
2025-12-25 04:23:19,598 - INFO -     📊 位置: 4h=0.0% | 12h=32.35% | 24h=22.04% | 48h=18.68%
2025-12-25 04:23:20,099 - INFO -   [10/27] 采集 TON-USDT-SWAP...
2025-12-25 04:23:20,338 - INFO -     💰 当前价格: $1.526
2025-12-25 04:23:20,338 - INFO -     📊 位置: 4h=97.22% | 12h=98.08% | 24h=98.7% | 48h=98.84%
2025-12-25 04:23:20,839 - INFO -   [11/27] 采集 ETC-USDT-SWAP...
2025-12-25 04:23:21,074 - INFO -     💰 当前价格: $12.07
2025-12-25 04:23:21,075 - INFO -     📊 位置: 4h=60.0% | 12h=71.43% | 24h=82.86% | 48h=69.05%
2025-12-25 04:23:21,575 - INFO -   [12/27] 采集 BCH-USDT-SWAP...
2025-12-25 04:23:21,812 - INFO -     💰 当前价格: $570.7
2025-12-25 04:23:21,812 - INFO -     📊 位置: 4h=58.23% | 12h=69.72% | 24h=43.43% | 48h=31.15%
2025-12-25 04:23:22,312 - INFO -   [13/27] 采集 HBAR-USDT-SWAP...
2025-12-25 04:23:22,580 - INFO -     💰 当前价格: $0.11078
2025-12-25 04:23:22,581 - INFO -     📊 位置: 4h=92.17% | 12h=92.98% | 24h=94.01% | 48h=57.05%
2025-12-25 04:23:23,081 - INFO -   [14/27] 采集 XLM-USDT-SWAP...
2025-12-25 04:23:23,325 - INFO -     💰 当前价格: $0.2149
2025-12-25 04:23:23,325 - INFO -     📊 位置: 4h=92.04% | 12h=92.54% | 24h=90.07% | 48h=48.0%
2025-12-25 04:23:23,825 - INFO -   [15/27] 采集 FIL-USDT-SWAP...
2025-12-25 04:23:24,061 - INFO -     💰 当前价格: $1.279
2025-12-25 04:23:24,062 - INFO -     📊 位置: 4h=54.17% | 12h=57.69% | 24h=60.71% | 48h=18.89%
2025-12-25 04:23:24,562 - INFO -   [16/27] 采集 LINK-USDT-SWAP...
2025-12-25 04:23:24,796 - INFO -     💰 当前价格: $12.337
2025-12-25 04:23:24,797 - INFO -     📊 位置: 4h=85.4% | 12h=85.77% | 24h=90.26% | 48h=66.09%
2025-12-25 04:23:25,297 - INFO -   [17/27] 采集 CRO-USDT-SWAP...
2025-12-25 04:23:25,540 - INFO -     💰 当前价格: $0.09419
2025-12-25 04:23:25,540 - INFO -     📊 位置: 4h=92.94% | 12h=94.26% | 24h=94.26% | 48h=54.72%
2025-12-25 04:23:26,040 - INFO -   [18/27] 采集 DOT-USDT-SWAP...
2025-12-25 04:23:26,271 - INFO -     💰 当前价格: $1.745
2025-12-25 04:23:26,271 - INFO -     📊 位置: 4h=70.0% | 12h=83.78% | 24h=87.23% | 48h=50.0%
2025-12-25 04:23:26,772 - INFO -   [19/27] 采集 AAVE-USDT-SWAP...
2025-12-25 04:23:27,001 - INFO -     💰 当前价格: $150.34
2025-12-25 04:23:27,001 - INFO -     📊 位置: 4h=63.37% | 12h=74.09% | 24h=80.16% | 48h=47.09%
2025-12-25 04:23:27,501 - INFO -   [20/27] 采集 UNI-USDT-SWAP...
2025-12-25 04:23:27,738 - INFO -     💰 当前价格: $5.826
2025-12-25 04:23:27,739 - INFO -     📊 位置: 4h=53.62% | 12h=60.5% | 24h=80.54% | 48h=45.89%
2025-12-25 04:23:28,239 - INFO -   [21/27] 采集 NEAR-USDT-SWAP...
2025-12-25 04:23:28,467 - INFO -     💰 当前价格: $1.501
2025-12-25 04:23:28,468 - INFO -     📊 位置: 4h=92.16% | 12h=93.65% | 24h=94.44% | 48h=70.1%
2025-12-25 04:23:28,968 - INFO -   [22/27] 采集 APT-USDT-SWAP...
2025-12-25 04:23:29,209 - INFO -     💰 当前价格: $1.653
2025-12-25 04:23:29,210 - INFO -     📊 位置: 4h=83.72% | 12h=90.79% | 24h=93.52% | 48h=93.52%
2025-12-25 04:23:29,710 - INFO -   [23/27] 采集 CFX-USDT-SWAP...
2025-12-25 04:23:29,936 - INFO -     💰 当前价格: $0.07667
2025-12-25 04:23:29,936 - INFO -     📊 位置: 4h=78.57% | 12h=74.26% | 24h=82.26% | 48h=82.26%
2025-12-25 04:23:30,436 - INFO -   [24/27] 采集 CRV-USDT-SWAP...
2025-12-25 04:23:30,665 - INFO -     💰 当前价格: $0.3817
2025-12-25 04:23:30,666 - INFO -     📊 位置: 4h=69.79% | 12h=73.39% | 24h=84.91% | 48h=85.42%
2025-12-25 04:23:31,166 - INFO -   [25/27] 采集 STX-USDT-SWAP...
2025-12-25 04:23:31,395 - INFO -     💰 当前价格: $0.2515
2025-12-25 04:23:31,396 - INFO -     📊 位置: 4h=92.86% | 12h=96.1% | 24h=98.08% | 48h=98.08%
2025-12-25 04:23:31,896 - INFO -   [26/27] 采集 LDO-USDT-SWAP...
2025-12-25 04:23:32,118 - INFO -     💰 当前价格: $0.5522
2025-12-25 04:23:32,118 - INFO -     📊 位置: 4h=89.02% | 12h=93.38% | 24h=95.47% | 48h=95.47%
2025-12-25 04:23:32,618 - INFO -   [27/27] 采集 TAO-USDT-SWAP...
2025-12-25 04:23:32,852 - INFO -     💰 当前价格: $222.6
2025-12-25 04:23:32,853 - INFO -     📊 位置: 4h=76.12% | 12h=82.98% | 24h=91.16% | 48h=91.16%
2025-12-25 04:23:33,358 - INFO - 💾 数据保存成功: 27 个币种
2025-12-25 04:23:33,361 - INFO - 📊 统计数据保存成功:
2025-12-25 04:23:33,361 - INFO -     4h低于1%: 1/27
2025-12-25 04:23:33,362 - INFO -    12h低于1%: 0/27
2025-12-25 04:23:33,362 - INFO -    24h低于1%: 0/27
2025-12-25 04:23:33,362 - INFO -    48h低于1%: 0/27
2025-12-25 04:23:33,362 - INFO - ✅ 数据采集完成: 成功 27/27
2025-12-25 04:23:33,362 - INFO - ⏳ 等待 300 秒后进行下一次采集...

2025-12-25 04:27:53,959 - INFO - ⛔ 收到停止信号，退出采集器
2025-12-25 04:27:54,352 - INFO - ✅ 数据库初始化完成
2025-12-25 04:27:54,352 - INFO - 📊 开始采集位置系统数据...
2025-12-25 04:27:54,352 - INFO - 📋 币种列表: 27 个币种
2025-12-25 04:27:54,364 - INFO -   [1/27] 采集 BTC-USDT-SWAP...
2025-12-25 04:27:54,591 - INFO -     💰 当前价格: $87716.4
2025-12-25 04:27:54,591 - INFO -     📊 位置: 4h=46.53% | 12h=61.88% | 24h=81.12% | 48h=68.91%
2025-12-25 04:27:55,092 - INFO -   [2/27] 采集 ETH-USDT-SWAP...
2025-12-25 04:27:55,319 - INFO -     💰 当前价格: $2941.94
2025-12-25 04:27:55,319 - INFO -     📊 位置: 4h=20.97% | 12h=39.43% | 24h=72.75% | 48h=55.51%
2025-12-25 04:27:55,819 - INFO -   [3/27] 采集 XRP-USDT-SWAP...
2025-12-25 04:27:56,045 - INFO -     💰 当前价格: $1.8704
2025-12-25 04:27:56,045 - INFO -     📊 位置: 4h=84.27% | 12h=88.76% | 24h=83.9% | 48h=50.37%
2025-12-25 04:27:56,546 - INFO -   [4/27] 采集 BNB-USDT-SWAP...
2025-12-25 04:27:56,789 - INFO -     💰 当前价格: $844.2
2025-12-25 04:27:56,790 - INFO -     📊 位置: 4h=20.0% | 12h=19.4% | 24h=64.0% | 48h=47.29%
2025-12-25 04:27:57,290 - INFO -   [5/27] 采集 SOL-USDT-SWAP...
2025-12-25 04:27:57,530 - INFO -     💰 当前价格: $122.62
2025-12-25 04:27:57,530 - INFO -     📊 位置: 4h=53.92% | 12h=54.82% | 24h=72.16% | 48h=41.42%
2025-12-25 04:27:58,031 - INFO -   [6/27] 采集 LTC-USDT-SWAP...
2025-12-25 04:27:58,263 - INFO -     💰 当前价格: $76.25
2025-12-25 04:27:58,263 - INFO -     📊 位置: 4h=79.57% | 12h=82.73% | 24h=67.48% | 48h=39.57%
2025-12-25 04:27:58,763 - INFO -   [7/27] 采集 DOGE-USDT-SWAP...
2025-12-25 04:27:59,000 - INFO -     💰 当前价格: $0.12867
2025-12-25 04:27:59,000 - INFO -     📊 位置: 4h=65.49% | 12h=62.5% | 24h=75.66% | 48h=41.14%
2025-12-25 04:27:59,500 - INFO -   [8/27] 采集 SUI-USDT-SWAP...
2025-12-25 04:27:59,746 - INFO -     💰 当前价格: $1.4163
2025-12-25 04:27:59,746 - INFO -     📊 位置: 4h=59.69% | 12h=46.51% | 24h=71.5% | 48h=41.75%
2025-12-25 04:28:00,246 - INFO -   [9/27] 采集 TRX-USDT-SWAP...
2025-12-25 04:28:00,481 - INFO -     💰 当前价格: $0.27994
2025-12-25 04:28:00,481 - INFO -     📊 位置: 4h=3.06% | 12h=32.94% | 24h=22.44% | 48h=19.02%
2025-12-25 04:28:00,981 - INFO -   [10/27] 采集 TON-USDT-SWAP...
2025-12-25 04:28:01,220 - INFO -     💰 当前价格: $1.529
2025-12-25 04:28:01,221 - INFO -     📊 位置: 4h=100.0% | 12h=100.0% | 24h=100.0% | 48h=100.0%
2025-12-25 04:28:01,721 - INFO -   [11/27] 采集 ETC-USDT-SWAP...
2025-12-25 04:28:01,957 - INFO -     💰 当前价格: $12.08
2025-12-25 04:28:01,957 - INFO -     📊 位置: 4h=66.67% | 12h=76.19% | 24h=85.71% | 48h=71.43%
2025-12-25 04:28:02,458 - INFO -   [12/27] 采集 BCH-USDT-SWAP...
2025-12-25 04:28:02,696 - INFO -     💰 当前价格: $570.1
2025-12-25 04:28:02,696 - INFO -     📊 位置: 4h=50.63% | 12h=64.22% | 24h=40.0% | 48h=28.69%
2025-12-25 04:28:03,196 - INFO -   [13/27] 采集 HBAR-USDT-SWAP...
2025-12-25 04:28:03,422 - INFO -     💰 当前价格: $0.11086
2025-12-25 04:28:03,423 - INFO -     📊 位置: 4h=90.43% | 12h=91.37% | 24h=92.59% | 48h=58.76%
2025-12-25 04:28:03,923 - INFO -   [14/27] 采集 XLM-USDT-SWAP...
2025-12-25 04:28:04,161 - INFO -     💰 当前价格: $0.21482
2025-12-25 04:28:04,161 - INFO -     📊 位置: 4h=89.92% | 12h=90.55% | 24h=88.14% | 48h=46.97%
2025-12-25 04:28:04,661 - INFO -   [15/27] 采集 FIL-USDT-SWAP...
2025-12-25 04:28:04,904 - INFO -     💰 当前价格: $1.28
2025-12-25 04:28:04,905 - INFO -     📊 位置: 4h=58.33% | 12h=61.54% | 24h=64.29% | 48h=20.0%
2025-12-25 04:28:05,405 - INFO -   [16/27] 采集 LINK-USDT-SWAP...
2025-12-25 04:28:05,636 - INFO -     💰 当前价格: $12.334
2025-12-25 04:28:05,636 - INFO -     📊 位置: 4h=83.21% | 12h=84.62% | 24h=89.47% | 48h=65.51%
2025-12-25 04:28:06,136 - INFO -   [17/27] 采集 CRO-USDT-SWAP...
2025-12-25 04:28:06,363 - INFO -     💰 当前价格: $0.09413
2025-12-25 04:28:06,363 - INFO -     📊 位置: 4h=89.41% | 12h=91.39% | 24h=91.39% | 48h=53.06%
2025-12-25 04:28:06,864 - INFO -   [18/27] 采集 DOT-USDT-SWAP...
2025-12-25 04:28:07,095 - INFO -     💰 当前价格: $1.745
2025-12-25 04:28:07,096 - INFO -     📊 位置: 4h=70.0% | 12h=83.78% | 24h=87.23% | 48h=50.0%
2025-12-25 04:28:07,596 - INFO -   [19/27] 采集 AAVE-USDT-SWAP...
2025-12-25 04:28:07,823 - INFO -     💰 当前价格: $150.17
2025-12-25 04:28:07,823 - INFO -     📊 位置: 4h=57.14% | 12h=69.69% | 24h=76.79% | 48h=45.1%
2025-12-25 04:28:08,324 - INFO -   [20/27] 采集 UNI-USDT-SWAP...
2025-12-25 04:28:08,564 - INFO -     💰 当前价格: $5.826
2025-12-25 04:28:08,564 - INFO -     📊 位置: 4h=53.62% | 12h=60.5% | 24h=80.54% | 48h=45.89%
2025-12-25 04:28:09,064 - INFO -   [21/27] 采集 NEAR-USDT-SWAP...
2025-12-25 04:28:09,296 - INFO -     💰 当前价格: $1.501
2025-12-25 04:28:09,296 - INFO -     📊 位置: 4h=92.16% | 12h=93.65% | 24h=94.44% | 48h=70.1%
2025-12-25 04:28:09,797 - INFO -   [22/27] 采集 APT-USDT-SWAP...
2025-12-25 04:28:10,029 - INFO -     💰 当前价格: $1.655
2025-12-25 04:28:10,029 - INFO -     📊 位置: 4h=88.37% | 12h=93.42% | 24h=95.37% | 48h=95.37%
2025-12-25 04:28:10,530 - INFO -   [23/27] 采集 CFX-USDT-SWAP...
2025-12-25 04:28:10,778 - INFO -     💰 当前价格: $0.07714
2025-12-25 04:28:10,778 - INFO -     📊 位置: 4h=96.24% | 12h=80.56% | 24h=86.6% | 48h=86.6%
2025-12-25 04:28:11,278 - INFO -   [24/27] 采集 CRV-USDT-SWAP...
2025-12-25 04:28:11,517 - INFO -     💰 当前价格: $0.381
2025-12-25 04:28:11,517 - INFO -     📊 位置: 4h=62.5% | 12h=66.97% | 24h=81.9% | 48h=82.5%
2025-12-25 04:28:12,017 - INFO -   [25/27] 采集 STX-USDT-SWAP...
2025-12-25 04:28:12,253 - INFO -     💰 当前价格: $0.252
2025-12-25 04:28:12,254 - INFO -     📊 位置: 4h=100.0% | 12h=100.0% | 24h=100.0% | 48h=100.0%
2025-12-25 04:28:12,754 - INFO -   [26/27] 采集 LDO-USDT-SWAP...
2025-12-25 04:28:12,997 - INFO -     💰 当前价格: $0.557
2025-12-25 04:28:12,998 - INFO -     📊 位置: 4h=87.78% | 12h=91.79% | 24h=94.05% | 48h=94.05%
2025-12-25 04:28:13,498 - INFO -   [27/27] 采集 TAO-USDT-SWAP...
2025-12-25 04:28:13,833 - INFO -     💰 当前价格: $222.7
2025-12-25 04:28:13,833 - INFO -     📊 位置: 4h=77.61% | 12h=84.04% | 24h=91.71% | 48h=91.71%
2025-12-25 04:28:14,339 - INFO - 💾 数据保存成功: 27 个币种
2025-12-25 04:28:14,344 - INFO - 📊 统计数据保存成功:
2025-12-25 04:28:14,345 - INFO -     4h低于1%: 0/27
2025-12-25 04:28:14,345 - INFO -    12h低于1%: 0/27
2025-12-25 04:28:14,345 - INFO -    24h低于1%: 0/27
2025-12-25 04:28:14,345 - INFO -    48h低于1%: 0/27
2025-12-25 04:28:14,345 - INFO - ✅ 数据采集完成: 成功 27/27
2025-12-25 04:28:14,345 - INFO - 🚀 位置系统采集器启动，采集间隔: 300秒
2025-12-25 04:28:14,345 - INFO - 📊 开始采集位置系统数据...
2025-12-25 04:28:14,346 - INFO - 📋 币种列表: 27 个币种
2025-12-25 04:28:14,346 - INFO -   [1/27] 采集 BTC-USDT-SWAP...
2025-12-25 04:28:14,578 - INFO -     💰 当前价格: $87716.4
2025-12-25 04:28:14,578 - INFO -     📊 位置: 4h=46.53% | 12h=61.88% | 24h=81.12% | 48h=68.91%
2025-12-25 04:28:15,078 - INFO -   [2/27] 采集 ETH-USDT-SWAP...
2025-12-25 04:28:15,312 - INFO -     💰 当前价格: $2942.14
2025-12-25 04:28:15,313 - INFO -     📊 位置: 4h=22.09% | 12h=40.01% | 24h=73.01% | 48h=55.71%
2025-12-25 04:28:15,813 - INFO -   [3/27] 采集 XRP-USDT-SWAP...
2025-12-25 04:28:16,049 - INFO -     💰 当前价格: $1.8702
2025-12-25 04:28:16,049 - INFO -     📊 位置: 4h=83.15% | 12h=87.95% | 24h=83.41% | 48h=50.07%
2025-12-25 04:28:16,549 - INFO -   [4/27] 采集 BNB-USDT-SWAP...
2025-12-25 04:28:16,793 - INFO -     💰 当前价格: $844.1
2025-12-25 04:28:16,793 - INFO -     📊 位置: 4h=17.5% | 12h=17.91% | 24h=63.33% | 48h=46.8%
2025-12-25 04:28:17,294 - INFO -   [5/27] 采集 SOL-USDT-SWAP...
2025-12-25 04:28:17,526 - INFO -     💰 当前价格: $122.61
2025-12-25 04:28:17,526 - INFO -     📊 位置: 4h=52.94% | 12h=54.22% | 24h=71.82% | 48h=41.22%
2025-12-25 04:28:18,026 - INFO -   [6/27] 采集 LTC-USDT-SWAP...
2025-12-25 04:28:18,268 - INFO -     💰 当前价格: $76.24
2025-12-25 04:28:18,269 - INFO -     📊 位置: 4h=78.49% | 12h=81.82% | 24h=66.87% | 48h=39.21%
2025-12-25 04:28:18,769 - INFO -   [7/27] 采集 DOGE-USDT-SWAP...
2025-12-25 04:28:19,012 - INFO -     💰 当前价格: $0.12867
2025-12-25 04:28:19,013 - INFO -     📊 位置: 4h=65.49% | 12h=62.5% | 24h=75.66% | 48h=41.14%
2025-12-25 04:28:19,513 - INFO -   [8/27] 采集 SUI-USDT-SWAP...
2025-12-25 04:28:19,778 - INFO -     💰 当前价格: $1.4161
2025-12-25 04:28:19,778 - INFO -     📊 位置: 4h=58.14% | 12h=45.58% | 24h=71.01% | 48h=41.46%
2025-12-25 04:28:20,279 - INFO -   [9/27] 采集 TRX-USDT-SWAP...
2025-12-25 04:28:20,513 - INFO -     💰 当前价格: $0.27993
2025-12-25 04:28:20,513 - INFO -     📊 位置: 4h=2.04% | 12h=32.65% | 24h=22.24% | 48h=18.85%
2025-12-25 04:28:21,014 - INFO -   [10/27] 采集 TON-USDT-SWAP...
2025-12-25 04:28:21,249 - INFO -     💰 当前价格: $1.529
2025-12-25 04:28:21,249 - INFO -     📊 位置: 4h=100.0% | 12h=100.0% | 24h=100.0% | 48h=100.0%
2025-12-25 04:28:21,750 - INFO -   [11/27] 采集 ETC-USDT-SWAP...
2025-12-25 04:28:21,995 - INFO -     💰 当前价格: $12.08
2025-12-25 04:28:21,995 - INFO -     📊 位置: 4h=66.67% | 12h=76.19% | 24h=85.71% | 48h=71.43%
2025-12-25 04:28:22,495 - INFO -   [12/27] 采集 BCH-USDT-SWAP...
2025-12-25 04:28:22,723 - INFO -     💰 当前价格: $570.1
2025-12-25 04:28:22,723 - INFO -     📊 位置: 4h=50.63% | 12h=64.22% | 24h=40.0% | 48h=28.69%
2025-12-25 04:28:23,223 - INFO -   [13/27] 采集 HBAR-USDT-SWAP...
2025-12-25 04:28:23,451 - INFO -     💰 当前价格: $0.11087
2025-12-25 04:28:23,451 - INFO -     📊 位置: 4h=90.87% | 12h=91.76% | 24h=92.93% | 48h=58.97%
2025-12-25 04:28:23,952 - INFO -   [14/27] 采集 XLM-USDT-SWAP...
2025-12-25 04:28:24,194 - INFO -     💰 当前价格: $0.21481
2025-12-25 04:28:24,194 - INFO -     📊 位置: 4h=89.66% | 12h=90.3% | 24h=87.89% | 48h=46.84%
2025-12-25 04:28:24,694 - INFO -   [15/27] 采集 FIL-USDT-SWAP...
2025-12-25 04:28:24,933 - INFO -     💰 当前价格: $1.281
2025-12-25 04:28:24,933 - INFO -     📊 位置: 4h=62.5% | 12h=65.38% | 24h=67.86% | 48h=21.11%
2025-12-25 04:28:25,434 - INFO -   [16/27] 采集 LINK-USDT-SWAP...
2025-12-25 04:28:25,667 - INFO -     💰 当前价格: $12.334
2025-12-25 04:28:25,668 - INFO -     📊 位置: 4h=83.21% | 12h=84.62% | 24h=89.47% | 48h=65.51%
2025-12-25 04:28:26,168 - INFO -   [17/27] 采集 CRO-USDT-SWAP...
2025-12-25 04:28:26,401 - INFO -     💰 当前价格: $0.09413
2025-12-25 04:28:26,402 - INFO -     📊 位置: 4h=89.41% | 12h=91.39% | 24h=91.39% | 48h=53.06%
2025-12-25 04:28:26,902 - INFO -   [18/27] 采集 DOT-USDT-SWAP...
2025-12-25 04:28:27,133 - INFO -     💰 当前价格: $1.746
2025-12-25 04:28:27,134 - INFO -     📊 位置: 4h=75.0% | 12h=86.49% | 24h=89.36% | 48h=51.22%
2025-12-25 04:28:27,634 - INFO -   [19/27] 采集 AAVE-USDT-SWAP...
2025-12-25 04:28:27,942 - INFO -     💰 当前价格: $150.19
2025-12-25 04:28:27,943 - INFO -     📊 位置: 4h=57.88% | 12h=70.21% | 24h=77.18% | 48h=45.34%
2025-12-25 04:28:28,443 - INFO -   [20/27] 采集 UNI-USDT-SWAP...
2025-12-25 04:28:28,683 - INFO -     💰 当前价格: $5.825
2025-12-25 04:28:28,684 - INFO -     📊 位置: 4h=52.17% | 12h=59.66% | 24h=80.2% | 48h=45.7%
2025-12-25 04:28:29,184 - INFO -   [21/27] 采集 NEAR-USDT-SWAP...
2025-12-25 04:28:29,412 - INFO -     💰 当前价格: $1.501
2025-12-25 04:28:29,412 - INFO -     📊 位置: 4h=92.16% | 12h=93.65% | 24h=94.44% | 48h=70.1%
2025-12-25 04:28:29,913 - INFO -   [22/27] 采集 APT-USDT-SWAP...
2025-12-25 04:28:30,140 - INFO -     💰 当前价格: $1.656
2025-12-25 04:28:30,141 - INFO -     📊 位置: 4h=90.7% | 12h=94.74% | 24h=96.3% | 48h=96.3%
2025-12-25 04:28:30,641 - INFO -   [23/27] 采集 CFX-USDT-SWAP...
2025-12-25 04:28:30,883 - INFO -     💰 当前价格: $0.07713
2025-12-25 04:28:30,883 - INFO -     📊 位置: 4h=95.86% | 12h=80.43% | 24h=86.51% | 48h=86.51%
2025-12-25 04:28:31,383 - INFO -   [24/27] 采集 CRV-USDT-SWAP...
2025-12-25 04:28:31,611 - INFO -     💰 当前价格: $0.3812
2025-12-25 04:28:31,611 - INFO -     📊 位置: 4h=64.58% | 12h=68.81% | 24h=82.76% | 48h=83.33%
2025-12-25 04:28:32,112 - INFO -   [25/27] 采集 STX-USDT-SWAP...
2025-12-25 04:28:32,348 - INFO -     💰 当前价格: $0.2523
2025-12-25 04:28:32,348 - INFO -     📊 位置: 4h=97.92% | 12h=98.8% | 24h=99.38% | 48h=99.38%
2025-12-25 04:28:32,849 - INFO -   [26/27] 采集 LDO-USDT-SWAP...
2025-12-25 04:28:33,096 - INFO -     💰 当前价格: $0.5578
2025-12-25 04:28:33,096 - INFO -     📊 位置: 4h=91.4% | 12h=94.22% | 24h=95.81% | 48h=95.81%
2025-12-25 04:28:33,597 - INFO -   [27/27] 采集 TAO-USDT-SWAP...
2025-12-25 04:28:33,836 - INFO -     💰 当前价格: $222.7
2025-12-25 04:28:33,836 - INFO -     📊 位置: 4h=77.61% | 12h=84.04% | 24h=91.71% | 48h=91.71%
2025-12-25 04:28:34,343 - INFO - 💾 数据保存成功: 27 个币种
2025-12-25 04:28:34,348 - INFO - 📊 统计数据保存成功:
2025-12-25 04:28:34,349 - INFO -     4h低于1%: 0/27
2025-12-25 04:28:34,349 - INFO -    12h低于1%: 0/27
2025-12-25 04:28:34,349 - INFO -    24h低于1%: 0/27
2025-12-25 04:28:34,349 - INFO -    48h低于1%: 0/27
2025-12-25 04:28:34,349 - INFO - ✅ 数据采集完成: 成功 27/27
2025-12-25 04:28:34,349 - INFO - ⏳ 等待 300 秒后进行下一次采集...

2025-12-25 04:32:54,821 - INFO - ⛔ 收到停止信号，退出采集器
2025-12-25 04:32:55,156 - INFO - ✅ 数据库初始化完成
2025-12-25 04:32:55,156 - INFO - 📊 开始采集位置系统数据...
2025-12-25 04:32:55,156 - INFO - 📋 币种列表: 27 个币种
2025-12-25 04:32:55,167 - INFO -   [1/27] 采集 BTC-USDT-SWAP...
2025-12-25 04:32:55,392 - INFO -     💰 当前价格: $87731.3
2025-12-25 04:32:55,392 - INFO -     📊 位置: 4h=50.1% | 12h=63.67% | 24h=82.01% | 48h=69.66%
2025-12-25 04:32:55,892 - INFO -   [2/27] 采集 ETH-USDT-SWAP...
2025-12-25 04:32:56,122 - INFO -     💰 当前价格: $2942.19
2025-12-25 04:32:56,122 - INFO -     📊 位置: 4h=22.37% | 12h=40.15% | 24h=73.07% | 48h=55.76%
2025-12-25 04:32:56,623 - INFO -   [3/27] 采集 XRP-USDT-SWAP...
2025-12-25 04:32:56,889 - INFO -     💰 当前价格: $1.8694
2025-12-25 04:32:56,889 - INFO -     📊 位置: 4h=78.65% | 12h=84.74% | 24h=81.46% | 48h=48.9%
2025-12-25 04:32:57,390 - INFO -   [4/27] 采集 BNB-USDT-SWAP...
2025-12-25 04:32:57,625 - INFO -     💰 当前价格: $844.0
2025-12-25 04:32:57,625 - INFO -     📊 位置: 4h=15.0% | 12h=16.42% | 24h=62.67% | 48h=46.31%
2025-12-25 04:32:58,126 - INFO -   [5/27] 采集 SOL-USDT-SWAP...
2025-12-25 04:32:58,354 - INFO -     💰 当前价格: $122.6
2025-12-25 04:32:58,354 - INFO -     📊 位置: 4h=51.96% | 12h=53.61% | 24h=71.48% | 48h=41.03%
2025-12-25 04:32:58,855 - INFO -   [6/27] 采集 LTC-USDT-SWAP...
2025-12-25 04:32:59,082 - INFO -     💰 当前价格: $76.26
2025-12-25 04:32:59,082 - INFO -     📊 位置: 4h=80.65% | 12h=83.64% | 24h=68.1% | 48h=39.93%
2025-12-25 04:32:59,582 - INFO -   [7/27] 采集 DOGE-USDT-SWAP...
2025-12-25 04:32:59,810 - INFO -     💰 当前价格: $0.12859
2025-12-25 04:32:59,810 - INFO -     📊 位置: 4h=58.41% | 12h=57.95% | 24h=73.03% | 48h=39.71%
2025-12-25 04:33:00,310 - INFO -   [8/27] 采集 SUI-USDT-SWAP...
2025-12-25 04:33:00,546 - INFO -     💰 当前价格: $1.4155
2025-12-25 04:33:00,546 - INFO -     📊 位置: 4h=53.49% | 12h=42.79% | 24h=69.53% | 48h=40.6%
2025-12-25 04:33:01,047 - INFO -   [9/27] 采集 TRX-USDT-SWAP...
2025-12-25 04:33:01,284 - INFO -     💰 当前价格: $0.27994
2025-12-25 04:33:01,285 - INFO -     📊 位置: 4h=3.06% | 12h=32.94% | 24h=22.44% | 48h=19.02%
2025-12-25 04:33:01,785 - INFO -   [10/27] 采集 TON-USDT-SWAP...
2025-12-25 04:33:02,022 - INFO -     💰 当前价格: $1.531
2025-12-25 04:33:02,023 - INFO -     📊 位置: 4h=97.56% | 12h=98.25% | 24h=98.78% | 48h=98.9%
2025-12-25 04:33:02,523 - INFO -   [11/27] 采集 ETC-USDT-SWAP...
2025-12-25 04:33:02,762 - INFO -     💰 当前价格: $12.07
2025-12-25 04:33:02,762 - INFO -     📊 位置: 4h=60.0% | 12h=71.43% | 24h=82.86% | 48h=69.05%
2025-12-25 04:33:03,262 - INFO -   [12/27] 采集 BCH-USDT-SWAP...
2025-12-25 04:33:03,505 - INFO -     💰 当前价格: $569.7
2025-12-25 04:33:03,505 - INFO -     📊 位置: 4h=45.57% | 12h=60.55% | 24h=37.71% | 48h=27.05%
2025-12-25 04:33:04,005 - INFO -   [13/27] 采集 HBAR-USDT-SWAP...
2025-12-25 04:33:04,244 - INFO -     💰 当前价格: $0.11094
2025-12-25 04:33:04,245 - INFO -     📊 位置: 4h=93.91% | 12h=94.51% | 24h=95.29% | 48h=60.47%
2025-12-25 04:33:04,745 - INFO -   [14/27] 采集 XLM-USDT-SWAP...
2025-12-25 04:33:04,976 - INFO -     💰 当前价格: $0.21492
2025-12-25 04:33:04,976 - INFO -     📊 位置: 4h=92.57% | 12h=93.03% | 24h=90.56% | 48h=48.26%
2025-12-25 04:33:05,477 - INFO -   [15/27] 采集 FIL-USDT-SWAP...
2025-12-25 04:33:05,709 - INFO -     💰 当前价格: $1.281
2025-12-25 04:33:05,709 - INFO -     📊 位置: 4h=62.5% | 12h=65.38% | 24h=67.86% | 48h=21.11%
2025-12-25 04:33:06,210 - INFO -   [16/27] 采集 LINK-USDT-SWAP...
2025-12-25 04:33:06,438 - INFO -     💰 当前价格: $12.328
2025-12-25 04:33:06,439 - INFO -     📊 位置: 4h=78.83% | 12h=82.31% | 24h=87.89% | 48h=64.35%
2025-12-25 04:33:06,939 - INFO -   [17/27] 采集 CRO-USDT-SWAP...
2025-12-25 04:33:07,158 - INFO -     💰 当前价格: $0.09405
2025-12-25 04:33:07,158 - INFO -     📊 位置: 4h=84.71% | 12h=87.56% | 24h=87.56% | 48h=50.83%
2025-12-25 04:33:07,658 - INFO -   [18/27] 采集 DOT-USDT-SWAP...
2025-12-25 04:33:07,895 - INFO -     💰 当前价格: $1.743
2025-12-25 04:33:07,895 - INFO -     📊 位置: 4h=60.0% | 12h=78.38% | 24h=82.98% | 48h=47.56%
2025-12-25 04:33:08,396 - INFO -   [19/27] 采集 AAVE-USDT-SWAP...
2025-12-25 04:33:08,628 - INFO -     💰 当前价格: $149.99
2025-12-25 04:33:08,628 - INFO -     📊 位置: 4h=50.55% | 12h=65.03% | 24h=73.21% | 48h=43.01%
2025-12-25 04:33:09,128 - INFO -   [20/27] 采集 UNI-USDT-SWAP...
2025-12-25 04:33:09,368 - INFO -     💰 当前价格: $5.825
2025-12-25 04:33:09,369 - INFO -     📊 位置: 4h=52.17% | 12h=59.66% | 24h=80.2% | 48h=45.7%
2025-12-25 04:33:09,869 - INFO -   [21/27] 采集 NEAR-USDT-SWAP...
2025-12-25 04:33:10,106 - INFO -     💰 当前价格: $1.501
2025-12-25 04:33:10,107 - INFO -     📊 位置: 4h=92.16% | 12h=93.65% | 24h=94.44% | 48h=70.1%
2025-12-25 04:33:10,607 - INFO -   [22/27] 采集 APT-USDT-SWAP...
2025-12-25 04:33:10,837 - INFO -     💰 当前价格: $1.656
2025-12-25 04:33:10,838 - INFO -     📊 位置: 4h=90.7% | 12h=94.74% | 24h=96.3% | 48h=96.3%
2025-12-25 04:33:11,338 - INFO -   [23/27] 采集 CFX-USDT-SWAP...
2025-12-25 04:33:11,579 - INFO -     💰 当前价格: $0.07729
2025-12-25 04:33:11,579 - INFO -     📊 位置: 4h=89.74% | 12h=82.57% | 24h=87.99% | 48h=87.99%
2025-12-25 04:33:12,080 - INFO -   [24/27] 采集 CRV-USDT-SWAP...
2025-12-25 04:33:12,309 - INFO -     💰 当前价格: $0.3805
2025-12-25 04:33:12,309 - INFO -     📊 位置: 4h=57.29% | 12h=62.39% | 24h=79.74% | 48h=80.42%
2025-12-25 04:33:12,810 - INFO -   [25/27] 采集 STX-USDT-SWAP...
2025-12-25 04:33:13,045 - INFO -     💰 当前价格: $0.2523
2025-12-25 04:33:13,046 - INFO -     📊 位置: 4h=94.0% | 12h=96.47% | 24h=98.17% | 48h=98.17%
2025-12-25 04:33:13,546 - INFO -   [26/27] 采集 LDO-USDT-SWAP...
2025-12-25 04:33:13,773 - INFO -     💰 当前价格: $0.5571
2025-12-25 04:33:13,773 - INFO -     📊 位置: 4h=88.24% | 12h=92.1% | 24h=94.27% | 48h=94.27%
2025-12-25 04:33:14,274 - INFO -   [27/27] 采集 TAO-USDT-SWAP...
2025-12-25 04:33:14,515 - INFO -     💰 当前价格: $222.8
2025-12-25 04:33:14,516 - INFO -     📊 位置: 4h=79.1% | 12h=85.11% | 24h=92.27% | 48h=92.27%
2025-12-25 04:33:15,021 - INFO - 💾 数据保存成功: 27 个币种
2025-12-25 04:33:15,025 - INFO - 📊 统计数据保存成功:
2025-12-25 04:33:15,025 - INFO -     4h低于1%: 0/27
2025-12-25 04:33:15,025 - INFO -    12h低于1%: 0/27
2025-12-25 04:33:15,025 - INFO -    24h低于1%: 0/27
2025-12-25 04:33:15,026 - INFO -    48h低于1%: 0/27
2025-12-25 04:33:15,026 - INFO - ✅ 数据采集完成: 成功 27/27
2025-12-25 04:33:15,026 - INFO - 🚀 位置系统采集器启动，采集间隔: 300秒
2025-12-25 04:33:15,026 - INFO - 📊 开始采集位置系统数据...
2025-12-25 04:33:15,026 - INFO - 📋 币种列表: 27 个币种
2025-12-25 04:33:15,026 - INFO -   [1/27] 采集 BTC-USDT-SWAP...
2025-12-25 04:33:15,257 - INFO -     💰 当前价格: $87753.6
2025-12-25 04:33:15,257 - INFO -     📊 位置: 4h=55.43% | 12h=66.34% | 24h=83.33% | 48h=70.78%
2025-12-25 04:33:15,758 - INFO -   [2/27] 采集 ETH-USDT-SWAP...
2025-12-25 04:33:15,980 - INFO -     💰 当前价格: $2942.75
2025-12-25 04:33:15,980 - INFO -     📊 位置: 4h=25.52% | 12h=41.77% | 24h=73.8% | 48h=56.32%
2025-12-25 04:33:16,480 - INFO -   [3/27] 采集 XRP-USDT-SWAP...
2025-12-25 04:33:16,716 - INFO -     💰 当前价格: $1.8696
2025-12-25 04:33:16,717 - INFO -     📊 位置: 4h=79.78% | 12h=85.54% | 24h=81.95% | 48h=49.19%
2025-12-25 04:33:17,217 - INFO -   [4/27] 采集 BNB-USDT-SWAP...
2025-12-25 04:33:17,446 - INFO -     💰 当前价格: $844.0
2025-12-25 04:33:17,447 - INFO -     📊 位置: 4h=15.0% | 12h=16.42% | 24h=62.67% | 48h=46.31%
2025-12-25 04:33:17,947 - INFO -   [5/27] 采集 SOL-USDT-SWAP...
2025-12-25 04:33:18,174 - INFO -     💰 当前价格: $122.64
2025-12-25 04:33:18,174 - INFO -     📊 位置: 4h=55.88% | 12h=56.02% | 24h=72.85% | 48h=41.81%
2025-12-25 04:33:18,674 - INFO -   [6/27] 采集 LTC-USDT-SWAP...
2025-12-25 04:33:18,909 - INFO -     💰 当前价格: $76.26
2025-12-25 04:33:18,909 - INFO -     📊 位置: 4h=80.65% | 12h=83.64% | 24h=68.1% | 48h=39.93%
2025-12-25 04:33:19,409 - INFO -   [7/27] 采集 DOGE-USDT-SWAP...
2025-12-25 04:33:19,656 - INFO -     💰 当前价格: $0.12863
2025-12-25 04:33:19,656 - INFO -     📊 位置: 4h=61.95% | 12h=60.23% | 24h=74.34% | 48h=40.43%
2025-12-25 04:33:20,157 - INFO -   [8/27] 采集 SUI-USDT-SWAP...
2025-12-25 04:33:20,389 - INFO -     💰 当前价格: $1.4161
2025-12-25 04:33:20,389 - INFO -     📊 位置: 4h=58.14% | 12h=45.58% | 24h=71.01% | 48h=41.46%
2025-12-25 04:33:20,890 - INFO -   [9/27] 采集 TRX-USDT-SWAP...
2025-12-25 04:33:21,128 - INFO -     💰 当前价格: $0.27993
2025-12-25 04:33:21,128 - INFO -     📊 位置: 4h=2.04% | 12h=32.65% | 24h=22.24% | 48h=18.85%
2025-12-25 04:33:21,628 - INFO -   [10/27] 采集 TON-USDT-SWAP...
2025-12-25 04:33:21,868 - INFO -     💰 当前价格: $1.533
2025-12-25 04:33:21,868 - INFO -     📊 位置: 4h=100.0% | 12h=100.0% | 24h=100.0% | 48h=100.0%
2025-12-25 04:33:22,368 - INFO -   [11/27] 采集 ETC-USDT-SWAP...
2025-12-25 04:33:22,607 - INFO -     💰 当前价格: $12.08
2025-12-25 04:33:22,607 - INFO -     📊 位置: 4h=66.67% | 12h=76.19% | 24h=85.71% | 48h=71.43%
2025-12-25 04:33:23,108 - INFO -   [12/27] 采集 BCH-USDT-SWAP...
2025-12-25 04:33:23,336 - INFO -     💰 当前价格: $570.0
2025-12-25 04:33:23,336 - INFO -     📊 位置: 4h=49.37% | 12h=63.3% | 24h=39.43% | 48h=28.28%
2025-12-25 04:33:23,837 - INFO -   [13/27] 采集 HBAR-USDT-SWAP...
2025-12-25 04:33:24,068 - INFO -     💰 当前价格: $0.11096
2025-12-25 04:33:24,069 - INFO -     📊 位置: 4h=94.78% | 12h=95.29% | 24h=95.96% | 48h=60.9%
2025-12-25 04:33:24,569 - INFO -   [14/27] 采集 XLM-USDT-SWAP...
2025-12-25 04:33:24,801 - INFO -     💰 当前价格: $0.21492
2025-12-25 04:33:24,802 - INFO -     📊 位置: 4h=92.57% | 12h=93.03% | 24h=90.56% | 48h=48.26%
2025-12-25 04:33:25,302 - INFO -   [15/27] 采集 FIL-USDT-SWAP...
2025-12-25 04:33:25,534 - INFO -     💰 当前价格: $1.28
2025-12-25 04:33:25,534 - INFO -     📊 位置: 4h=58.33% | 12h=61.54% | 24h=64.29% | 48h=20.0%
2025-12-25 04:33:26,035 - INFO -   [16/27] 采集 LINK-USDT-SWAP...
2025-12-25 04:33:26,260 - INFO -     💰 当前价格: $12.332
2025-12-25 04:33:26,260 - INFO -     📊 位置: 4h=81.75% | 12h=83.85% | 24h=88.95% | 48h=65.13%
2025-12-25 04:33:26,761 - INFO -   [17/27] 采集 CRO-USDT-SWAP...
2025-12-25 04:33:27,002 - INFO -     💰 当前价格: $0.09406
2025-12-25 04:33:27,003 - INFO -     📊 位置: 4h=85.29% | 12h=88.04% | 24h=88.04% | 48h=51.11%
2025-12-25 04:33:27,503 - INFO -   [18/27] 采集 DOT-USDT-SWAP...
2025-12-25 04:33:27,747 - INFO -     💰 当前价格: $1.743
2025-12-25 04:33:27,747 - INFO -     📊 位置: 4h=60.0% | 12h=78.38% | 24h=82.98% | 48h=47.56%
2025-12-25 04:33:28,248 - INFO -   [19/27] 采集 AAVE-USDT-SWAP...
2025-12-25 04:33:28,492 - INFO -     💰 当前价格: $150.06
2025-12-25 04:33:28,492 - INFO -     📊 位置: 4h=53.11% | 12h=66.84% | 24h=74.6% | 48h=43.82%
2025-12-25 04:33:28,993 - INFO -   [20/27] 采集 UNI-USDT-SWAP...
2025-12-25 04:33:29,227 - INFO -     💰 当前价格: $5.824
2025-12-25 04:33:29,228 - INFO -     📊 位置: 4h=50.72% | 12h=58.82% | 24h=79.87% | 48h=45.51%
2025-12-25 04:33:29,728 - INFO -   [21/27] 采集 NEAR-USDT-SWAP...
2025-12-25 04:33:29,964 - INFO -     💰 当前价格: $1.501
2025-12-25 04:33:29,964 - INFO -     📊 位置: 4h=92.16% | 12h=93.65% | 24h=94.44% | 48h=70.1%
2025-12-25 04:33:30,464 - INFO -   [22/27] 采集 APT-USDT-SWAP...
2025-12-25 04:33:30,687 - INFO -     💰 当前价格: $1.656
2025-12-25 04:33:30,687 - INFO -     📊 位置: 4h=90.7% | 12h=94.74% | 24h=96.3% | 48h=96.3%
2025-12-25 04:33:31,188 - INFO -   [23/27] 采集 CFX-USDT-SWAP...
2025-12-25 04:33:31,428 - INFO -     💰 当前价格: $0.07675
2025-12-25 04:33:31,428 - INFO -     📊 位置: 4h=71.85% | 12h=75.34% | 24h=82.99% | 48h=82.99%
2025-12-25 04:33:31,929 - INFO -   [24/27] 采集 CRV-USDT-SWAP...
2025-12-25 04:33:32,162 - INFO -     💰 当前价格: $0.3805
2025-12-25 04:33:32,162 - INFO -     📊 位置: 4h=57.29% | 12h=62.39% | 24h=79.74% | 48h=80.42%
2025-12-25 04:33:32,663 - INFO -   [25/27] 采集 STX-USDT-SWAP...
2025-12-25 04:33:32,896 - INFO -     💰 当前价格: $0.2522
2025-12-25 04:33:32,897 - INFO -     📊 位置: 4h=92.0% | 12h=95.29% | 24h=97.56% | 48h=97.56%
2025-12-25 04:33:33,397 - INFO -   [26/27] 采集 LDO-USDT-SWAP...
2025-12-25 04:33:33,632 - INFO -     💰 当前价格: $0.557
2025-12-25 04:33:33,633 - INFO -     📊 位置: 4h=87.78% | 12h=91.79% | 24h=94.05% | 48h=94.05%
2025-12-25 04:33:34,133 - INFO -   [27/27] 采集 TAO-USDT-SWAP...
2025-12-25 04:33:34,354 - INFO -     💰 当前价格: $222.8
2025-12-25 04:33:34,355 - INFO -     📊 位置: 4h=79.1% | 12h=85.11% | 24h=92.27% | 48h=92.27%
2025-12-25 04:33:34,862 - INFO - 💾 数据保存成功: 27 个币种
2025-12-25 04:33:34,867 - INFO - 📊 统计数据保存成功:
2025-12-25 04:33:34,867 - INFO -     4h低于1%: 0/27
2025-12-25 04:33:34,867 - INFO -    12h低于1%: 0/27
2025-12-25 04:33:34,867 - INFO -    24h低于1%: 0/27
2025-12-25 04:33:34,867 - INFO -    48h低于1%: 0/27
2025-12-25 04:33:34,868 - INFO - ✅ 数据采集完成: 成功 27/27
2025-12-25 04:33:34,868 - INFO - ⏳ 等待 300 秒后进行下一次采集...

2025-12-25 04:37:55,682 - INFO - ⛔ 收到停止信号，退出采集器
2025-12-25 04:37:56,037 - INFO - ✅ 数据库初始化完成
2025-12-25 04:37:56,038 - INFO - 📊 开始采集位置系统数据...
2025-12-25 04:37:56,038 - INFO - 📋 币种列表: 27 个币种
2025-12-25 04:37:56,049 - INFO -   [1/27] 采集 BTC-USDT-SWAP...
2025-12-25 04:37:56,283 - INFO -     💰 当前价格: $87740.1
2025-12-25 04:37:56,284 - INFO -     📊 位置: 4h=52.2% | 12h=64.72% | 24h=82.53% | 48h=70.1%
2025-12-25 04:37:56,784 - INFO -   [2/27] 采集 ETH-USDT-SWAP...
2025-12-25 04:37:57,018 - INFO -     💰 当前价格: $2943.47
2025-12-25 04:37:57,018 - INFO -     📊 位置: 4h=29.57% | 12h=43.86% | 24h=74.74% | 48h=57.03%
2025-12-25 04:37:57,519 - INFO -   [3/27] 采集 XRP-USDT-SWAP...
2025-12-25 04:37:57,756 - INFO -     💰 当前价格: $1.8696
2025-12-25 04:37:57,757 - INFO -     📊 位置: 4h=79.78% | 12h=85.54% | 24h=81.95% | 48h=49.19%
2025-12-25 04:37:58,257 - INFO -   [4/27] 采集 BNB-USDT-SWAP...
2025-12-25 04:37:58,496 - INFO -     💰 当前价格: $843.3
2025-12-25 04:37:58,496 - INFO -     📊 位置: 4h=2.38% | 12h=5.97% | 24h=58.0% | 48h=42.86%
2025-12-25 04:37:58,997 - INFO -   [5/27] 采集 SOL-USDT-SWAP...
2025-12-25 04:37:59,244 - INFO -     💰 当前价格: $122.58
2025-12-25 04:37:59,245 - INFO -     📊 位置: 4h=50.0% | 12h=52.41% | 24h=70.79% | 48h=40.63%
2025-12-25 04:37:59,745 - INFO -   [6/27] 采集 LTC-USDT-SWAP...
2025-12-25 04:37:59,980 - INFO -     💰 当前价格: $76.2
2025-12-25 04:37:59,980 - INFO -     📊 位置: 4h=74.19% | 12h=78.18% | 24h=64.42% | 48h=37.77%
2025-12-25 04:38:00,480 - INFO -   [7/27] 采集 DOGE-USDT-SWAP...
2025-12-25 04:38:00,712 - INFO -     💰 当前价格: $0.12861
2025-12-25 04:38:00,712 - INFO -     📊 位置: 4h=60.18% | 12h=59.09% | 24h=73.68% | 48h=40.07%
2025-12-25 04:38:01,212 - INFO -   [8/27] 采集 SUI-USDT-SWAP...
2025-12-25 04:38:01,455 - INFO -     💰 当前价格: $1.4155
2025-12-25 04:38:01,455 - INFO -     📊 位置: 4h=53.49% | 12h=42.79% | 24h=69.53% | 48h=40.6%
2025-12-25 04:38:01,956 - INFO -   [9/27] 采集 TRX-USDT-SWAP...
2025-12-25 04:38:02,194 - INFO -     💰 当前价格: $0.27994
2025-12-25 04:38:02,194 - INFO -     📊 位置: 4h=3.06% | 12h=32.94% | 24h=22.44% | 48h=19.02%
2025-12-25 04:38:02,694 - INFO -   [10/27] 采集 TON-USDT-SWAP...
2025-12-25 04:38:02,920 - INFO -     💰 当前价格: $1.535
2025-12-25 04:38:02,920 - INFO -     📊 位置: 4h=100.0% | 12h=100.0% | 24h=100.0% | 48h=100.0%
2025-12-25 04:38:03,420 - INFO -   [11/27] 采集 ETC-USDT-SWAP...
2025-12-25 04:38:03,665 - INFO -     💰 当前价格: $12.07
2025-12-25 04:38:03,665 - INFO -     📊 位置: 4h=60.0% | 12h=71.43% | 24h=82.86% | 48h=69.05%
2025-12-25 04:38:04,166 - INFO -   [12/27] 采集 BCH-USDT-SWAP...
2025-12-25 04:38:04,403 - INFO -     💰 当前价格: $570.2
2025-12-25 04:38:04,403 - INFO -     📊 位置: 4h=51.9% | 12h=65.14% | 24h=40.57% | 48h=29.1%
2025-12-25 04:38:04,904 - INFO -   [13/27] 采集 HBAR-USDT-SWAP...
2025-12-25 04:38:05,132 - INFO -     💰 当前价格: $0.11108
2025-12-25 04:38:05,133 - INFO -     📊 位置: 4h=99.57% | 12h=99.61% | 24h=99.66% | 48h=63.46%
2025-12-25 04:38:05,633 - INFO -   [14/27] 采集 XLM-USDT-SWAP...
2025-12-25 04:38:05,861 - INFO -     💰 当前价格: $0.21504
2025-12-25 04:38:05,861 - INFO -     📊 位置: 4h=95.76% | 12h=96.02% | 24h=93.46% | 48h=49.81%
2025-12-25 04:38:06,361 - INFO -   [15/27] 采集 FIL-USDT-SWAP...
2025-12-25 04:38:06,590 - INFO -     💰 当前价格: $1.279
2025-12-25 04:38:06,590 - INFO -     📊 位置: 4h=54.17% | 12h=57.69% | 24h=60.71% | 48h=18.89%
2025-12-25 04:38:07,091 - INFO -   [16/27] 采集 LINK-USDT-SWAP...
2025-12-25 04:38:07,331 - INFO -     💰 当前价格: $12.332
2025-12-25 04:38:07,332 - INFO -     📊 位置: 4h=81.75% | 12h=83.85% | 24h=88.95% | 48h=65.13%
2025-12-25 04:38:07,832 - INFO -   [17/27] 采集 CRO-USDT-SWAP...
2025-12-25 04:38:08,068 - INFO -     💰 当前价格: $0.0941
2025-12-25 04:38:08,068 - INFO -     📊 位置: 4h=87.65% | 12h=89.95% | 24h=89.95% | 48h=52.22%
2025-12-25 04:38:08,569 - INFO -   [18/27] 采集 DOT-USDT-SWAP...
2025-12-25 04:38:08,806 - INFO -     💰 当前价格: $1.742
2025-12-25 04:38:08,806 - INFO -     📊 位置: 4h=55.0% | 12h=75.68% | 24h=80.85% | 48h=46.34%
2025-12-25 04:38:09,306 - INFO -   [19/27] 采集 AAVE-USDT-SWAP...
2025-12-25 04:38:09,535 - INFO -     💰 当前价格: $150.0
2025-12-25 04:38:09,535 - INFO -     📊 位置: 4h=50.92% | 12h=65.28% | 24h=73.41% | 48h=43.12%
2025-12-25 04:38:10,035 - INFO -   [20/27] 采集 UNI-USDT-SWAP...
2025-12-25 04:38:10,259 - INFO -     💰 当前价格: $5.817
2025-12-25 04:38:10,259 - INFO -     📊 位置: 4h=40.58% | 12h=52.94% | 24h=77.52% | 48h=44.17%
2025-12-25 04:38:10,759 - INFO -   [21/27] 采集 NEAR-USDT-SWAP...
2025-12-25 04:38:10,999 - INFO -     💰 当前价格: $1.501
2025-12-25 04:38:10,999 - INFO -     📊 位置: 4h=92.16% | 12h=93.65% | 24h=94.44% | 48h=70.1%
2025-12-25 04:38:11,499 - INFO -   [22/27] 采集 APT-USDT-SWAP...
2025-12-25 04:38:11,731 - INFO -     💰 当前价格: $1.656
2025-12-25 04:38:11,731 - INFO -     📊 位置: 4h=90.7% | 12h=94.74% | 24h=96.3% | 48h=96.3%
2025-12-25 04:38:12,231 - INFO -   [23/27] 采集 CFX-USDT-SWAP...
2025-12-25 04:38:12,463 - INFO -     💰 当前价格: $0.07693
2025-12-25 04:38:12,463 - INFO -     📊 位置: 4h=77.81% | 12h=77.75% | 24h=84.66% | 48h=84.66%
2025-12-25 04:38:12,963 - INFO -   [24/27] 采集 CRV-USDT-SWAP...
2025-12-25 04:38:13,199 - INFO -     💰 当前价格: $0.3803
2025-12-25 04:38:13,199 - INFO -     📊 位置: 4h=55.21% | 12h=60.55% | 24h=78.88% | 48h=79.58%
2025-12-25 04:38:13,699 - INFO -   [25/27] 采集 STX-USDT-SWAP...
2025-12-25 04:38:13,929 - INFO -     💰 当前价格: $0.2525
2025-12-25 04:38:13,929 - INFO -     📊 位置: 4h=98.0% | 12h=98.82% | 24h=99.39% | 48h=99.39%
2025-12-25 04:38:14,430 - INFO -   [26/27] 采集 LDO-USDT-SWAP...
2025-12-25 04:38:14,663 - INFO -     💰 当前价格: $0.5573
2025-12-25 04:38:14,664 - INFO -     📊 位置: 4h=89.14% | 12h=92.71% | 24h=94.71% | 48h=94.71%
2025-12-25 04:38:15,164 - INFO -   [27/27] 采集 TAO-USDT-SWAP...
2025-12-25 04:38:15,401 - INFO -     💰 当前价格: $222.6
2025-12-25 04:38:15,401 - INFO -     📊 位置: 4h=76.12% | 12h=82.98% | 24h=91.16% | 48h=91.16%
2025-12-25 04:38:15,908 - INFO - 💾 数据保存成功: 27 个币种
2025-12-25 04:38:15,913 - INFO - 📊 统计数据保存成功:
2025-12-25 04:38:15,914 - INFO -     4h低于1%: 0/27
2025-12-25 04:38:15,914 - INFO -    12h低于1%: 0/27
2025-12-25 04:38:15,914 - INFO -    24h低于1%: 0/27
2025-12-25 04:38:15,914 - INFO -    48h低于1%: 0/27
2025-12-25 04:38:15,914 - INFO - ✅ 数据采集完成: 成功 27/27
2025-12-25 04:38:15,914 - INFO - 🚀 位置系统采集器启动，采集间隔: 300秒
2025-12-25 04:38:15,915 - INFO - 📊 开始采集位置系统数据...
2025-12-25 04:38:15,915 - INFO - 📋 币种列表: 27 个币种
2025-12-25 04:38:15,915 - INFO -   [1/27] 采集 BTC-USDT-SWAP...
2025-12-25 04:38:16,153 - INFO -     💰 当前价格: $87740.1
2025-12-25 04:38:16,153 - INFO -     📊 位置: 4h=52.2% | 12h=64.72% | 24h=82.53% | 48h=70.1%
2025-12-25 04:38:16,654 - INFO -   [2/27] 采集 ETH-USDT-SWAP...
2025-12-25 04:38:16,884 - INFO -     💰 当前价格: $2943.47
2025-12-25 04:38:16,885 - INFO -     📊 位置: 4h=29.57% | 12h=43.86% | 24h=74.74% | 48h=57.03%
2025-12-25 04:38:17,385 - INFO -   [3/27] 采集 XRP-USDT-SWAP...
2025-12-25 04:38:17,611 - INFO -     💰 当前价格: $1.8696
2025-12-25 04:38:17,611 - INFO -     📊 位置: 4h=79.78% | 12h=85.54% | 24h=81.95% | 48h=49.19%
2025-12-25 04:38:18,111 - INFO -   [4/27] 采集 BNB-USDT-SWAP...
2025-12-25 04:38:18,349 - INFO -     💰 当前价格: $843.2
2025-12-25 04:38:18,349 - INFO -     📊 位置: 4h=0.0% | 12h=4.48% | 24h=57.33% | 48h=42.36%
2025-12-25 04:38:18,849 - INFO -   [5/27] 采集 SOL-USDT-SWAP...
2025-12-25 04:38:19,088 - INFO -     💰 当前价格: $122.57
2025-12-25 04:38:19,089 - INFO -     📊 位置: 4h=49.02% | 12h=51.81% | 24h=70.45% | 48h=40.43%
2025-12-25 04:38:19,589 - INFO -   [6/27] 采集 LTC-USDT-SWAP...
2025-12-25 04:38:19,812 - INFO -     💰 当前价格: $76.21
2025-12-25 04:38:19,812 - INFO -     📊 位置: 4h=75.27% | 12h=79.09% | 24h=65.03% | 48h=38.13%
2025-12-25 04:38:20,312 - INFO -   [7/27] 采集 DOGE-USDT-SWAP...
2025-12-25 04:38:20,544 - INFO -     💰 当前价格: $0.12861
2025-12-25 04:38:20,544 - INFO -     📊 位置: 4h=60.18% | 12h=59.09% | 24h=73.68% | 48h=40.07%
2025-12-25 04:38:21,044 - INFO -   [8/27] 采集 SUI-USDT-SWAP...
2025-12-25 04:38:21,283 - INFO -     💰 当前价格: $1.4155
2025-12-25 04:38:21,283 - INFO -     📊 位置: 4h=53.49% | 12h=42.79% | 24h=69.53% | 48h=40.6%
2025-12-25 04:38:21,784 - INFO -   [9/27] 采集 TRX-USDT-SWAP...
2025-12-25 04:38:22,011 - INFO -     💰 当前价格: $0.27993
2025-12-25 04:38:22,011 - INFO -     📊 位置: 4h=2.04% | 12h=32.65% | 24h=22.24% | 48h=18.85%
2025-12-25 04:38:22,511 - INFO -   [10/27] 采集 TON-USDT-SWAP...
2025-12-25 04:38:22,741 - INFO -     💰 当前价格: $1.535
2025-12-25 04:38:22,741 - INFO -     📊 位置: 4h=100.0% | 12h=100.0% | 24h=100.0% | 48h=100.0%
2025-12-25 04:38:23,243 - INFO -   [11/27] 采集 ETC-USDT-SWAP...
2025-12-25 04:38:23,480 - INFO -     💰 当前价格: $12.07
2025-12-25 04:38:23,480 - INFO -     📊 位置: 4h=60.0% | 12h=71.43% | 24h=82.86% | 48h=69.05%
2025-12-25 04:38:23,981 - INFO -   [12/27] 采集 BCH-USDT-SWAP...
2025-12-25 04:38:24,212 - INFO -     💰 当前价格: $570.1
2025-12-25 04:38:24,212 - INFO -     📊 位置: 4h=50.63% | 12h=64.22% | 24h=40.0% | 48h=28.69%
2025-12-25 04:38:24,712 - INFO -   [13/27] 采集 HBAR-USDT-SWAP...
2025-12-25 04:38:24,950 - INFO -     💰 当前价格: $0.11108
2025-12-25 04:38:24,950 - INFO -     📊 位置: 4h=99.57% | 12h=99.61% | 24h=99.66% | 48h=63.46%
2025-12-25 04:38:25,450 - INFO -   [14/27] 采集 XLM-USDT-SWAP...
2025-12-25 04:38:25,685 - INFO -     💰 当前价格: $0.21504
2025-12-25 04:38:25,685 - INFO -     📊 位置: 4h=95.76% | 12h=96.02% | 24h=93.46% | 48h=49.81%
2025-12-25 04:38:26,185 - INFO -   [15/27] 采集 FIL-USDT-SWAP...
2025-12-25 04:38:26,412 - INFO -     💰 当前价格: $1.278
2025-12-25 04:38:26,412 - INFO -     📊 位置: 4h=50.0% | 12h=53.85% | 24h=57.14% | 48h=17.78%
2025-12-25 04:38:26,913 - INFO -   [16/27] 采集 LINK-USDT-SWAP...
2025-12-25 04:38:27,150 - INFO -     💰 当前价格: $12.332
2025-12-25 04:38:27,150 - INFO -     📊 位置: 4h=81.75% | 12h=83.85% | 24h=88.95% | 48h=65.13%
2025-12-25 04:38:27,651 - INFO -   [17/27] 采集 CRO-USDT-SWAP...
2025-12-25 04:38:27,881 - INFO -     💰 当前价格: $0.0941
2025-12-25 04:38:27,881 - INFO -     📊 位置: 4h=87.65% | 12h=89.95% | 24h=89.95% | 48h=52.22%
2025-12-25 04:38:28,382 - INFO -   [18/27] 采集 DOT-USDT-SWAP...
2025-12-25 04:38:28,613 - INFO -     💰 当前价格: $1.742
2025-12-25 04:38:28,614 - INFO -     📊 位置: 4h=55.0% | 12h=75.68% | 24h=80.85% | 48h=46.34%
2025-12-25 04:38:29,114 - INFO -   [19/27] 采集 AAVE-USDT-SWAP...
2025-12-25 04:38:29,341 - INFO -     💰 当前价格: $150.0
2025-12-25 04:38:29,342 - INFO -     📊 位置: 4h=50.92% | 12h=65.28% | 24h=73.41% | 48h=43.12%
2025-12-25 04:38:29,842 - INFO -   [20/27] 采集 UNI-USDT-SWAP...
2025-12-25 04:38:30,069 - INFO -     💰 当前价格: $5.816
2025-12-25 04:38:30,069 - INFO -     📊 位置: 4h=39.13% | 12h=52.1% | 24h=77.18% | 48h=43.98%
2025-12-25 04:38:30,569 - INFO -   [21/27] 采集 NEAR-USDT-SWAP...
2025-12-25 04:38:30,811 - INFO -     💰 当前价格: $1.5
2025-12-25 04:38:30,811 - INFO -     📊 位置: 4h=90.2% | 12h=92.06% | 24h=93.06% | 48h=69.07%
2025-12-25 04:38:31,312 - INFO -   [22/27] 采集 APT-USDT-SWAP...
2025-12-25 04:38:31,552 - INFO -     💰 当前价格: $1.656
2025-12-25 04:38:31,552 - INFO -     📊 位置: 4h=90.7% | 12h=94.74% | 24h=96.3% | 48h=96.3%
2025-12-25 04:38:32,053 - INFO -   [23/27] 采集 CFX-USDT-SWAP...
2025-12-25 04:38:32,289 - INFO -     💰 当前价格: $0.07717
2025-12-25 04:38:32,290 - INFO -     📊 位置: 4h=85.76% | 12h=80.97% | 24h=86.88% | 48h=86.88%
2025-12-25 04:38:32,790 - INFO -   [24/27] 采集 CRV-USDT-SWAP...
2025-12-25 04:38:33,020 - INFO -     💰 当前价格: $0.3803
2025-12-25 04:38:33,021 - INFO -     📊 位置: 4h=55.21% | 12h=60.55% | 24h=78.88% | 48h=79.58%
2025-12-25 04:38:33,521 - INFO -   [25/27] 采集 STX-USDT-SWAP...
2025-12-25 04:38:33,755 - INFO -     💰 当前价格: $0.2525
2025-12-25 04:38:33,755 - INFO -     📊 位置: 4h=98.0% | 12h=98.82% | 24h=99.39% | 48h=99.39%
2025-12-25 04:38:34,256 - INFO -   [26/27] 采集 LDO-USDT-SWAP...
2025-12-25 04:38:34,490 - INFO -     💰 当前价格: $0.5572
2025-12-25 04:38:34,490 - INFO -     📊 位置: 4h=88.69% | 12h=92.4% | 24h=94.49% | 48h=94.49%
2025-12-25 04:38:34,990 - INFO -   [27/27] 采集 TAO-USDT-SWAP...
2025-12-25 04:38:35,222 - INFO -     💰 当前价格: $222.6
2025-12-25 04:38:35,222 - INFO -     📊 位置: 4h=76.12% | 12h=82.98% | 24h=91.16% | 48h=91.16%
2025-12-25 04:38:35,729 - INFO - 💾 数据保存成功: 27 个币种
2025-12-25 04:38:35,734 - INFO - 📊 统计数据保存成功:
2025-12-25 04:38:35,734 - INFO -     4h低于1%: 1/27
2025-12-25 04:38:35,735 - INFO -    12h低于1%: 0/27
2025-12-25 04:38:35,735 - INFO -    24h低于1%: 0/27
2025-12-25 04:38:35,735 - INFO -    48h低于1%: 0/27
2025-12-25 04:38:35,735 - INFO - ✅ 数据采集完成: 成功 27/27
2025-12-25 04:38:35,735 - INFO - ⏳ 等待 300 秒后进行下一次采集...

2025-12-25 04:42:56,496 - INFO - ⛔ 收到停止信号，退出采集器
2025-12-25 04:42:56,891 - INFO - ✅ 数据库初始化完成
2025-12-25 04:42:56,891 - INFO - 📊 开始采集位置系统数据...
2025-12-25 04:42:56,891 - INFO - 📋 币种列表: 27 个币种
2025-12-25 04:42:56,902 - INFO -   [1/27] 采集 BTC-USDT-SWAP...
2025-12-25 04:42:57,133 - INFO -     💰 当前价格: $87748.9
2025-12-25 04:42:57,134 - INFO -     📊 位置: 4h=54.31% | 12h=65.78% | 24h=83.05% | 48h=70.54%
2025-12-25 04:42:57,634 - INFO -   [2/27] 采集 ETH-USDT-SWAP...
2025-12-25 04:42:57,864 - INFO -     💰 当前价格: $2942.65
2025-12-25 04:42:57,864 - INFO -     📊 位置: 4h=24.96% | 12h=41.48% | 24h=73.67% | 48h=56.22%
2025-12-25 04:42:58,364 - INFO -   [3/27] 采集 XRP-USDT-SWAP...
2025-12-25 04:42:58,601 - INFO -     💰 当前价格: $1.8701
2025-12-25 04:42:58,601 - INFO -     📊 位置: 4h=82.58% | 12h=87.55% | 24h=83.17% | 48h=49.93%
2025-12-25 04:42:59,101 - INFO -   [4/27] 采集 BNB-USDT-SWAP...
2025-12-25 04:42:59,351 - INFO -     💰 当前价格: $843.1
2025-12-25 04:42:59,351 - INFO -     📊 位置: 4h=2.27% | 12h=2.99% | 24h=56.67% | 48h=41.87%
2025-12-25 04:42:59,851 - INFO -   [5/27] 采集 SOL-USDT-SWAP...
2025-12-25 04:43:00,093 - INFO -     💰 当前价格: $122.6
2025-12-25 04:43:00,094 - INFO -     📊 位置: 4h=51.96% | 12h=53.61% | 24h=71.48% | 48h=41.03%
2025-12-25 04:43:00,594 - INFO -   [6/27] 采集 LTC-USDT-SWAP...
2025-12-25 04:43:00,835 - INFO -     💰 当前价格: $76.22
2025-12-25 04:43:00,835 - INFO -     📊 位置: 4h=76.34% | 12h=80.0% | 24h=65.64% | 48h=38.49%
2025-12-25 04:43:01,336 - INFO -   [7/27] 采集 DOGE-USDT-SWAP...
2025-12-25 04:43:01,577 - INFO -     💰 当前价格: $0.12865
2025-12-25 04:43:01,577 - INFO -     📊 位置: 4h=63.72% | 12h=61.36% | 24h=75.0% | 48h=40.79%
2025-12-25 04:43:02,077 - INFO -   [8/27] 采集 SUI-USDT-SWAP...
2025-12-25 04:43:02,311 - INFO -     💰 当前价格: $1.4163
2025-12-25 04:43:02,311 - INFO -     📊 位置: 4h=59.69% | 12h=46.51% | 24h=71.5% | 48h=41.75%
2025-12-25 04:43:02,811 - INFO -   [9/27] 采集 TRX-USDT-SWAP...
2025-12-25 04:43:03,053 - INFO -     💰 当前价格: $0.2799
2025-12-25 04:43:03,054 - INFO -     📊 位置: 4h=1.0% | 12h=31.76% | 24h=21.64% | 48h=18.34%
2025-12-25 04:43:03,554 - INFO -   [10/27] 采集 TON-USDT-SWAP...
2025-12-25 04:43:03,793 - INFO -     💰 当前价格: $1.538
2025-12-25 04:43:03,793 - INFO -     📊 位置: 4h=100.0% | 12h=100.0% | 24h=100.0% | 48h=100.0%
2025-12-25 04:43:04,293 - INFO -   [11/27] 采集 ETC-USDT-SWAP...
2025-12-25 04:43:04,521 - INFO -     💰 当前价格: $12.07
2025-12-25 04:43:04,522 - INFO -     📊 位置: 4h=60.0% | 12h=71.43% | 24h=82.86% | 48h=69.05%
2025-12-25 04:43:05,022 - INFO -   [12/27] 采集 BCH-USDT-SWAP...
2025-12-25 04:43:05,251 - INFO -     💰 当前价格: $570.4
2025-12-25 04:43:05,252 - INFO -     📊 位置: 4h=54.43% | 12h=66.97% | 24h=41.71% | 48h=29.92%
2025-12-25 04:43:05,752 - INFO -   [13/27] 采集 HBAR-USDT-SWAP...
2025-12-25 04:43:05,992 - INFO -     💰 当前价格: $0.11123
2025-12-25 04:43:05,993 - INFO -     📊 位置: 4h=97.22% | 12h=97.47% | 24h=97.81% | 48h=66.67%
2025-12-25 04:43:06,493 - INFO -   [14/27] 采集 XLM-USDT-SWAP...
2025-12-25 04:43:06,734 - INFO -     💰 当前价格: $0.21525
2025-12-25 04:43:06,734 - INFO -     📊 位置: 4h=92.72% | 12h=93.14% | 24h=93.14% | 48h=52.52%
2025-12-25 04:43:07,235 - INFO -   [15/27] 采集 FIL-USDT-SWAP...
2025-12-25 04:43:07,466 - INFO -     💰 当前价格: $1.28
2025-12-25 04:43:07,466 - INFO -     📊 位置: 4h=58.33% | 12h=61.54% | 24h=64.29% | 48h=20.0%
2025-12-25 04:43:07,967 - INFO -   [16/27] 采集 LINK-USDT-SWAP...
2025-12-25 04:43:08,200 - INFO -     💰 当前价格: $12.332
2025-12-25 04:43:08,200 - INFO -     📊 位置: 4h=81.75% | 12h=83.85% | 24h=88.95% | 48h=65.13%
2025-12-25 04:43:08,701 - INFO -   [17/27] 采集 CRO-USDT-SWAP...
2025-12-25 04:43:08,928 - INFO -     💰 当前价格: $0.0941
2025-12-25 04:43:08,928 - INFO -     📊 位置: 4h=87.65% | 12h=89.95% | 24h=89.95% | 48h=52.22%
2025-12-25 04:43:09,429 - INFO -   [18/27] 采集 DOT-USDT-SWAP...
2025-12-25 04:43:09,667 - INFO -     💰 当前价格: $1.743
2025-12-25 04:43:09,668 - INFO -     📊 位置: 4h=60.0% | 12h=78.38% | 24h=82.98% | 48h=47.56%
2025-12-25 04:43:10,168 - INFO -   [19/27] 采集 AAVE-USDT-SWAP...
2025-12-25 04:43:10,405 - INFO -     💰 当前价格: $150.12
2025-12-25 04:43:10,406 - INFO -     📊 位置: 4h=55.31% | 12h=68.39% | 24h=75.79% | 48h=44.52%
2025-12-25 04:43:10,906 - INFO -   [20/27] 采集 UNI-USDT-SWAP...
2025-12-25 04:43:11,144 - INFO -     💰 当前价格: $5.828
2025-12-25 04:43:11,145 - INFO -     📊 位置: 4h=56.52% | 12h=62.18% | 24h=81.21% | 48h=46.27%
2025-12-25 04:43:11,645 - INFO -   [21/27] 采集 NEAR-USDT-SWAP...
2025-12-25 04:43:11,883 - INFO -     💰 当前价格: $1.502
2025-12-25 04:43:11,883 - INFO -     📊 位置: 4h=94.12% | 12h=95.24% | 24h=95.83% | 48h=71.13%
2025-12-25 04:43:12,384 - INFO -   [22/27] 采集 APT-USDT-SWAP...
2025-12-25 04:43:12,632 - INFO -     💰 当前价格: $1.656
2025-12-25 04:43:12,633 - INFO -     📊 位置: 4h=90.7% | 12h=94.74% | 24h=96.3% | 48h=96.3%
2025-12-25 04:43:13,133 - INFO -   [23/27] 采集 CFX-USDT-SWAP...
2025-12-25 04:43:13,363 - INFO -     💰 当前价格: $0.07709
2025-12-25 04:43:13,364 - INFO -     📊 位置: 4h=83.11% | 12h=79.89% | 24h=86.14% | 48h=86.14%
2025-12-25 04:43:13,864 - INFO -   [24/27] 采集 CRV-USDT-SWAP...
2025-12-25 04:43:14,102 - INFO -     💰 当前价格: $0.3802
2025-12-25 04:43:14,102 - INFO -     📊 位置: 4h=54.17% | 12h=59.63% | 24h=78.45% | 48h=79.17%
2025-12-25 04:43:14,603 - INFO -   [25/27] 采集 STX-USDT-SWAP...
2025-12-25 04:43:14,844 - INFO -     💰 当前价格: $0.2525
2025-12-25 04:43:14,845 - INFO -     📊 位置: 4h=98.0% | 12h=98.82% | 24h=99.39% | 48h=99.39%
2025-12-25 04:43:15,345 - INFO -   [26/27] 采集 LDO-USDT-SWAP...
2025-12-25 04:43:15,582 - INFO -     💰 当前价格: $0.5579
2025-12-25 04:43:15,583 - INFO -     📊 位置: 4h=91.86% | 12h=94.53% | 24h=96.04% | 48h=96.04%
2025-12-25 04:43:16,083 - INFO -   [27/27] 采集 TAO-USDT-SWAP...
2025-12-25 04:43:16,326 - INFO -     💰 当前价格: $222.4
2025-12-25 04:43:16,326 - INFO -     📊 位置: 4h=73.13% | 12h=80.85% | 24h=90.06% | 48h=90.06%
2025-12-25 04:43:16,833 - INFO - 💾 数据保存成功: 27 个币种
2025-12-25 04:43:16,838 - INFO - 📊 统计数据保存成功:
2025-12-25 04:43:16,839 - INFO -     4h低于1%: 0/27
2025-12-25 04:43:16,839 - INFO -    12h低于1%: 0/27
2025-12-25 04:43:16,839 - INFO -    24h低于1%: 0/27
2025-12-25 04:43:16,839 - INFO -    48h低于1%: 0/27
2025-12-25 04:43:16,839 - INFO - ✅ 数据采集完成: 成功 27/27
2025-12-25 04:43:16,839 - INFO - 🚀 位置系统采集器启动，采集间隔: 300秒
2025-12-25 04:43:16,839 - INFO - 📊 开始采集位置系统数据...
2025-12-25 04:43:16,840 - INFO - 📋 币种列表: 27 个币种
2025-12-25 04:43:16,840 - INFO -   [1/27] 采集 BTC-USDT-SWAP...
2025-12-25 04:43:17,080 - INFO -     💰 当前价格: $87748.8
2025-12-25 04:43:17,080 - INFO -     📊 位置: 4h=54.28% | 12h=65.76% | 24h=83.04% | 48h=70.54%
2025-12-25 04:43:17,580 - INFO -   [2/27] 采集 ETH-USDT-SWAP...
2025-12-25 04:43:17,813 - INFO -     💰 当前价格: $2942.76
2025-12-25 04:43:17,813 - INFO -     📊 位置: 4h=25.58% | 12h=41.8% | 24h=73.81% | 48h=56.33%
2025-12-25 04:43:18,313 - INFO -   [3/27] 采集 XRP-USDT-SWAP...
2025-12-25 04:43:18,544 - INFO -     💰 当前价格: $1.8703
2025-12-25 04:43:18,545 - INFO -     📊 位置: 4h=83.71% | 12h=88.35% | 24h=83.66% | 48h=50.22%
2025-12-25 04:43:19,045 - INFO -   [4/27] 采集 BNB-USDT-SWAP...
2025-12-25 04:43:19,272 - INFO -     💰 当前价格: $843.1
2025-12-25 04:43:19,273 - INFO -     📊 位置: 4h=2.27% | 12h=2.99% | 24h=56.67% | 48h=41.87%
2025-12-25 04:43:19,773 - INFO -   [5/27] 采集 SOL-USDT-SWAP...
2025-12-25 04:43:20,009 - INFO -     💰 当前价格: $122.61
2025-12-25 04:43:20,009 - INFO -     📊 位置: 4h=52.94% | 12h=54.22% | 24h=71.82% | 48h=41.22%
2025-12-25 04:43:20,510 - INFO -   [6/27] 采集 LTC-USDT-SWAP...
2025-12-25 04:43:20,745 - INFO -     💰 当前价格: $76.21
2025-12-25 04:43:20,745 - INFO -     📊 位置: 4h=75.27% | 12h=79.09% | 24h=65.03% | 48h=38.13%
2025-12-25 04:43:21,246 - INFO -   [7/27] 采集 DOGE-USDT-SWAP...
2025-12-25 04:43:21,485 - INFO -     💰 当前价格: $0.12865
2025-12-25 04:43:21,486 - INFO -     📊 位置: 4h=63.72% | 12h=61.36% | 24h=75.0% | 48h=40.79%
2025-12-25 04:43:21,986 - INFO -   [8/27] 采集 SUI-USDT-SWAP...
2025-12-25 04:43:22,216 - INFO -     💰 当前价格: $1.4163
2025-12-25 04:43:22,217 - INFO -     📊 位置: 4h=59.69% | 12h=46.51% | 24h=71.5% | 48h=41.75%
2025-12-25 04:43:22,717 - INFO -   [9/27] 采集 TRX-USDT-SWAP...
2025-12-25 04:43:22,951 - INFO -     💰 当前价格: $0.2799
2025-12-25 04:43:22,951 - INFO -     📊 位置: 4h=1.0% | 12h=31.76% | 24h=21.64% | 48h=18.34%
2025-12-25 04:43:23,451 - INFO -   [10/27] 采集 TON-USDT-SWAP...
2025-12-25 04:43:23,686 - INFO -     💰 当前价格: $1.538
2025-12-25 04:43:23,686 - INFO -     📊 位置: 4h=100.0% | 12h=100.0% | 24h=100.0% | 48h=100.0%
2025-12-25 04:43:24,186 - INFO -   [11/27] 采集 ETC-USDT-SWAP...
2025-12-25 04:43:24,419 - INFO -     💰 当前价格: $12.07
2025-12-25 04:43:24,419 - INFO -     📊 位置: 4h=60.0% | 12h=71.43% | 24h=82.86% | 48h=69.05%
2025-12-25 04:43:24,920 - INFO -   [12/27] 采集 BCH-USDT-SWAP...
2025-12-25 04:43:25,152 - INFO -     💰 当前价格: $570.8
2025-12-25 04:43:25,153 - INFO -     📊 位置: 4h=59.49% | 12h=70.64% | 24h=44.0% | 48h=31.56%
2025-12-25 04:43:25,653 - INFO -   [13/27] 采集 HBAR-USDT-SWAP...
2025-12-25 04:43:25,901 - INFO -     💰 当前价格: $0.11125
2025-12-25 04:43:25,902 - INFO -     📊 位置: 4h=98.02% | 12h=98.19% | 24h=98.43% | 48h=67.09%
2025-12-25 04:43:26,402 - INFO -   [14/27] 采集 XLM-USDT-SWAP...
2025-12-25 04:43:26,634 - INFO -     💰 当前价格: $0.21524
2025-12-25 04:43:26,634 - INFO -     📊 位置: 4h=92.48% | 12h=92.91% | 24h=92.91% | 48h=52.39%
2025-12-25 04:43:27,135 - INFO -   [15/27] 采集 FIL-USDT-SWAP...
2025-12-25 04:43:27,365 - INFO -     💰 当前价格: $1.279
2025-12-25 04:43:27,365 - INFO -     📊 位置: 4h=54.17% | 12h=57.69% | 24h=60.71% | 48h=18.89%
2025-12-25 04:43:27,865 - INFO -   [16/27] 采集 LINK-USDT-SWAP...
2025-12-25 04:43:28,094 - INFO -     💰 当前价格: $12.332
2025-12-25 04:43:28,094 - INFO -     📊 位置: 4h=81.75% | 12h=83.85% | 24h=88.95% | 48h=65.13%
2025-12-25 04:43:28,594 - INFO -   [17/27] 采集 CRO-USDT-SWAP...
2025-12-25 04:43:28,832 - INFO -     💰 当前价格: $0.0941
2025-12-25 04:43:28,832 - INFO -     📊 位置: 4h=87.65% | 12h=89.95% | 24h=89.95% | 48h=52.22%
2025-12-25 04:43:29,333 - INFO -   [18/27] 采集 DOT-USDT-SWAP...
2025-12-25 04:43:29,560 - INFO -     💰 当前价格: $1.744
2025-12-25 04:43:29,560 - INFO -     📊 位置: 4h=65.0% | 12h=81.08% | 24h=85.11% | 48h=48.78%
2025-12-25 04:43:30,061 - INFO -   [19/27] 采集 AAVE-USDT-SWAP...
2025-12-25 04:43:30,311 - INFO -     💰 当前价格: $150.11
2025-12-25 04:43:30,311 - INFO -     📊 位置: 4h=54.95% | 12h=68.13% | 24h=75.6% | 48h=44.41%
2025-12-25 04:43:30,812 - INFO -   [20/27] 采集 UNI-USDT-SWAP...
2025-12-25 04:43:31,044 - INFO -     💰 当前价格: $5.828
2025-12-25 04:43:31,044 - INFO -     📊 位置: 4h=56.52% | 12h=62.18% | 24h=81.21% | 48h=46.27%
2025-12-25 04:43:31,545 - INFO -   [21/27] 采集 NEAR-USDT-SWAP...
2025-12-25 04:43:31,782 - INFO -     💰 当前价格: $1.504
2025-12-25 04:43:31,782 - INFO -     📊 位置: 4h=98.04% | 12h=98.41% | 24h=98.61% | 48h=73.2%
2025-12-25 04:43:32,282 - INFO -   [22/27] 采集 APT-USDT-SWAP...
2025-12-25 04:43:32,515 - INFO -     💰 当前价格: $1.656
2025-12-25 04:43:32,515 - INFO -     📊 位置: 4h=90.7% | 12h=94.74% | 24h=96.3% | 48h=96.3%
2025-12-25 04:43:33,016 - INFO -   [23/27] 采集 CFX-USDT-SWAP...
2025-12-25 04:43:33,251 - INFO -     💰 当前价格: $0.077
2025-12-25 04:43:33,251 - INFO -     📊 位置: 4h=80.13% | 12h=78.69% | 24h=85.3% | 48h=85.3%
2025-12-25 04:43:33,752 - INFO -   [24/27] 采集 CRV-USDT-SWAP...
2025-12-25 04:43:33,984 - INFO -     💰 当前价格: $0.3802
2025-12-25 04:43:33,984 - INFO -     📊 位置: 4h=54.17% | 12h=59.63% | 24h=78.45% | 48h=79.17%
2025-12-25 04:43:34,484 - INFO -   [25/27] 采集 STX-USDT-SWAP...
2025-12-25 04:43:34,719 - INFO -     💰 当前价格: $0.2525
2025-12-25 04:43:34,720 - INFO -     📊 位置: 4h=98.0% | 12h=98.82% | 24h=99.39% | 48h=99.39%
2025-12-25 04:43:35,220 - INFO -   [26/27] 采集 LDO-USDT-SWAP...
2025-12-25 04:43:35,451 - INFO -     💰 当前价格: $0.558
2025-12-25 04:43:35,452 - INFO -     📊 位置: 4h=92.31% | 12h=94.83% | 24h=96.26% | 48h=96.26%
2025-12-25 04:43:35,952 - INFO -   [27/27] 采集 TAO-USDT-SWAP...
2025-12-25 04:43:36,187 - INFO -     💰 当前价格: $222.4
2025-12-25 04:43:36,187 - INFO -     📊 位置: 4h=73.13% | 12h=80.85% | 24h=90.06% | 48h=90.06%
2025-12-25 04:43:36,694 - INFO - 💾 数据保存成功: 27 个币种
2025-12-25 04:43:36,704 - INFO - 📊 统计数据保存成功:
2025-12-25 04:43:36,704 - INFO -     4h低于1%: 0/27
2025-12-25 04:43:36,704 - INFO -    12h低于1%: 0/27
2025-12-25 04:43:36,704 - INFO -    24h低于1%: 0/27
2025-12-25 04:43:36,704 - INFO -    48h低于1%: 0/27
2025-12-25 04:43:36,704 - INFO - ✅ 数据采集完成: 成功 27/27
2025-12-25 04:43:36,705 - INFO - ⏳ 等待 300 秒后进行下一次采集...

2025-12-25 04:47:57,370 - INFO - ⛔ 收到停止信号，退出采集器
2025-12-25 04:47:57,711 - INFO - ✅ 数据库初始化完成
2025-12-25 04:47:57,711 - INFO - 📊 开始采集位置系统数据...
2025-12-25 04:47:57,711 - INFO - 📋 币种列表: 27 个币种
2025-12-25 04:47:57,722 - INFO -   [1/27] 采集 BTC-USDT-SWAP...
2025-12-25 04:47:57,962 - INFO -     💰 当前价格: $87744.7
2025-12-25 04:47:57,962 - INFO -     📊 位置: 4h=53.3% | 12h=65.27% | 24h=82.8% | 48h=70.33%
2025-12-25 04:47:58,462 - INFO -   [2/27] 采集 ETH-USDT-SWAP...
2025-12-25 04:47:58,703 - INFO -     💰 当前价格: $2942.61
2025-12-25 04:47:58,703 - INFO -     📊 位置: 4h=24.73% | 12h=41.37% | 24h=73.62% | 48h=56.18%
2025-12-25 04:47:59,203 - INFO -   [3/27] 采集 XRP-USDT-SWAP...
2025-12-25 04:47:59,435 - INFO -     💰 当前价格: $1.87
2025-12-25 04:47:59,435 - INFO -     📊 位置: 4h=82.02% | 12h=87.15% | 24h=82.93% | 48h=49.78%
2025-12-25 04:47:59,935 - INFO -   [4/27] 采集 BNB-USDT-SWAP...
2025-12-25 04:48:00,170 - INFO -     💰 当前价格: $843.0
2025-12-25 04:48:00,171 - INFO -     📊 位置: 4h=2.22% | 12h=1.49% | 24h=56.0% | 48h=41.38%
2025-12-25 04:48:00,671 - INFO -   [5/27] 采集 SOL-USDT-SWAP...
2025-12-25 04:48:00,900 - INFO -     💰 当前价格: $122.55
2025-12-25 04:48:00,901 - INFO -     📊 位置: 4h=47.06% | 12h=50.6% | 24h=69.76% | 48h=40.04%
2025-12-25 04:48:01,401 - INFO -   [6/27] 采集 LTC-USDT-SWAP...
2025-12-25 04:48:01,636 - INFO -     💰 当前价格: $76.18
2025-12-25 04:48:01,637 - INFO -     📊 位置: 4h=72.04% | 12h=76.36% | 24h=63.19% | 48h=37.05%
2025-12-25 04:48:02,137 - INFO -   [7/27] 采集 DOGE-USDT-SWAP...
2025-12-25 04:48:02,371 - INFO -     💰 当前价格: $0.12855
2025-12-25 04:48:02,371 - INFO -     📊 位置: 4h=54.87% | 12h=55.68% | 24h=71.71% | 48h=39.0%
2025-12-25 04:48:02,871 - INFO -   [8/27] 采集 SUI-USDT-SWAP...
2025-12-25 04:48:03,105 - INFO -     💰 当前价格: $1.4166
2025-12-25 04:48:03,105 - INFO -     📊 位置: 4h=62.02% | 12h=47.91% | 24h=72.24% | 48h=42.18%
2025-12-25 04:48:03,605 - INFO -   [9/27] 采集 TRX-USDT-SWAP...
2025-12-25 04:48:03,835 - INFO -     💰 当前价格: $0.27995
2025-12-25 04:48:03,835 - INFO -     📊 位置: 4h=8.74% | 12h=33.24% | 24h=22.65% | 48h=19.19%
2025-12-25 04:48:04,336 - INFO -   [10/27] 采集 TON-USDT-SWAP...
2025-12-25 04:48:04,574 - INFO -     💰 当前价格: $1.544
2025-12-25 04:48:04,574 - INFO -     📊 位置: 4h=100.0% | 12h=100.0% | 24h=100.0% | 48h=100.0%
2025-12-25 04:48:05,074 - INFO -   [11/27] 采集 ETC-USDT-SWAP...
2025-12-25 04:48:05,305 - INFO -     💰 当前价格: $12.06
2025-12-25 04:48:05,305 - INFO -     📊 位置: 4h=53.33% | 12h=66.67% | 24h=80.0% | 48h=66.67%
2025-12-25 04:48:05,806 - INFO -   [12/27] 采集 BCH-USDT-SWAP...
2025-12-25 04:48:06,039 - INFO -     💰 当前价格: $571.4
2025-12-25 04:48:06,040 - INFO -     📊 位置: 4h=67.09% | 12h=76.15% | 24h=47.43% | 48h=34.02%
2025-12-25 04:48:06,540 - INFO -   [13/27] 采集 HBAR-USDT-SWAP...
2025-12-25 04:48:06,768 - INFO -     💰 当前价格: $0.11142
2025-12-25 04:48:06,768 - INFO -     📊 位置: 4h=94.29% | 12h=94.75% | 24h=95.39% | 48h=70.73%
2025-12-25 04:48:07,269 - INFO -   [14/27] 采集 XLM-USDT-SWAP...
2025-12-25 04:48:07,494 - INFO -     💰 当前价格: $0.21535
2025-12-25 04:48:07,494 - INFO -     📊 位置: 4h=95.15% | 12h=95.42% | 24h=95.42% | 48h=53.81%
2025-12-25 04:48:07,995 - INFO -   [15/27] 采集 FIL-USDT-SWAP...
2025-12-25 04:48:08,233 - INFO -     💰 当前价格: $1.279
2025-12-25 04:48:08,233 - INFO -     📊 位置: 4h=54.17% | 12h=57.69% | 24h=60.71% | 48h=18.89%
2025-12-25 04:48:08,733 - INFO -   [16/27] 采集 LINK-USDT-SWAP...
2025-12-25 04:48:08,971 - INFO -     💰 当前价格: $12.33
2025-12-25 04:48:08,972 - INFO -     📊 位置: 4h=80.29% | 12h=83.08% | 24h=88.42% | 48h=64.74%
2025-12-25 04:48:09,472 - INFO -   [17/27] 采集 CRO-USDT-SWAP...
2025-12-25 04:48:09,699 - INFO -     💰 当前价格: $0.09418
2025-12-25 04:48:09,700 - INFO -     📊 位置: 4h=92.35% | 12h=93.78% | 24h=93.78% | 48h=54.44%
2025-12-25 04:48:10,200 - INFO -   [18/27] 采集 DOT-USDT-SWAP...
2025-12-25 04:48:10,430 - INFO -     💰 当前价格: $1.743
2025-12-25 04:48:10,430 - INFO -     📊 位置: 4h=60.0% | 12h=78.38% | 24h=82.98% | 48h=47.56%
2025-12-25 04:48:10,930 - INFO -   [19/27] 采集 AAVE-USDT-SWAP...
2025-12-25 04:48:11,165 - INFO -     💰 当前价格: $150.08
2025-12-25 04:48:11,166 - INFO -     📊 位置: 4h=53.85% | 12h=67.36% | 24h=75.0% | 48h=44.06%
2025-12-25 04:48:11,666 - INFO -   [20/27] 采集 UNI-USDT-SWAP...
2025-12-25 04:48:11,896 - INFO -     💰 当前价格: $5.826
2025-12-25 04:48:11,896 - INFO -     📊 位置: 4h=53.62% | 12h=60.5% | 24h=80.54% | 48h=45.89%
2025-12-25 04:48:12,396 - INFO -   [21/27] 采集 NEAR-USDT-SWAP...
2025-12-25 04:48:12,628 - INFO -     💰 当前价格: $1.506
2025-12-25 04:48:12,628 - INFO -     📊 位置: 4h=98.11% | 12h=98.46% | 24h=98.65% | 48h=75.26%
2025-12-25 04:48:13,129 - INFO -   [22/27] 采集 APT-USDT-SWAP...
2025-12-25 04:48:13,368 - INFO -     💰 当前价格: $1.653
2025-12-25 04:48:13,369 - INFO -     📊 位置: 4h=83.72% | 12h=90.79% | 24h=93.52% | 48h=93.52%
2025-12-25 04:48:13,869 - INFO -   [23/27] 采集 CFX-USDT-SWAP...
2025-12-25 04:48:14,107 - INFO -     💰 当前价格: $0.07684
2025-12-25 04:48:14,107 - INFO -     📊 位置: 4h=74.83% | 12h=76.54% | 24h=83.83% | 48h=83.83%
2025-12-25 04:48:14,608 - INFO -   [24/27] 采集 CRV-USDT-SWAP...
2025-12-25 04:48:14,837 - INFO -     💰 当前价格: $0.3807
2025-12-25 04:48:14,838 - INFO -     📊 位置: 4h=59.37% | 12h=64.22% | 24h=80.6% | 48h=81.25%
2025-12-25 04:48:15,338 - INFO -   [25/27] 采集 STX-USDT-SWAP...
2025-12-25 04:48:15,569 - INFO -     💰 当前价格: $0.2525
2025-12-25 04:48:15,569 - INFO -     📊 位置: 4h=96.08% | 12h=97.67% | 24h=98.79% | 48h=98.79%
2025-12-25 04:48:16,070 - INFO -   [26/27] 采集 LDO-USDT-SWAP...
2025-12-25 04:48:16,299 - INFO -     💰 当前价格: $0.5576
2025-12-25 04:48:16,299 - INFO -     📊 位置: 4h=90.5% | 12h=93.62% | 24h=95.37% | 48h=95.37%
2025-12-25 04:48:16,799 - INFO -   [27/27] 采集 TAO-USDT-SWAP...
2025-12-25 04:48:17,029 - INFO -     💰 当前价格: $222.6
2025-12-25 04:48:17,030 - INFO -     📊 位置: 4h=76.12% | 12h=82.98% | 24h=91.16% | 48h=91.16%
2025-12-25 04:48:17,536 - INFO - 💾 数据保存成功: 27 个币种
2025-12-25 04:48:17,541 - INFO - 📊 统计数据保存成功:
2025-12-25 04:48:17,542 - INFO -     4h低于1%: 0/27
2025-12-25 04:48:17,542 - INFO -    12h低于1%: 0/27
2025-12-25 04:48:17,542 - INFO -    24h低于1%: 0/27
2025-12-25 04:48:17,542 - INFO -    48h低于1%: 0/27
2025-12-25 04:48:17,542 - INFO - ✅ 数据采集完成: 成功 27/27
2025-12-25 04:48:17,542 - INFO - 🚀 位置系统采集器启动，采集间隔: 300秒
2025-12-25 04:48:17,542 - INFO - 📊 开始采集位置系统数据...
2025-12-25 04:48:17,543 - INFO - 📋 币种列表: 27 个币种
2025-12-25 04:48:17,543 - INFO -   [1/27] 采集 BTC-USDT-SWAP...
2025-12-25 04:48:17,771 - INFO -     💰 当前价格: $87744.8
2025-12-25 04:48:17,771 - INFO -     📊 位置: 4h=53.33% | 12h=65.28% | 24h=82.81% | 48h=70.34%
2025-12-25 04:48:18,271 - INFO -   [2/27] 采集 ETH-USDT-SWAP...
2025-12-25 04:48:18,506 - INFO -     💰 当前价格: $2942.61
2025-12-25 04:48:18,507 - INFO -     📊 位置: 4h=24.73% | 12h=41.37% | 24h=73.62% | 48h=56.18%
2025-12-25 04:48:19,007 - INFO -   [3/27] 采集 XRP-USDT-SWAP...
2025-12-25 04:48:19,237 - INFO -     💰 当前价格: $1.8701
2025-12-25 04:48:19,237 - INFO -     📊 位置: 4h=82.58% | 12h=87.55% | 24h=83.17% | 48h=49.93%
2025-12-25 04:48:19,737 - INFO -   [4/27] 采集 BNB-USDT-SWAP...
2025-12-25 04:48:19,964 - INFO -     💰 当前价格: $843.0
2025-12-25 04:48:19,965 - INFO -     📊 位置: 4h=2.22% | 12h=1.49% | 24h=56.0% | 48h=41.38%
2025-12-25 04:48:20,465 - INFO -   [5/27] 采集 SOL-USDT-SWAP...
2025-12-25 04:48:20,692 - INFO -     💰 当前价格: $122.55
2025-12-25 04:48:20,693 - INFO -     📊 位置: 4h=47.06% | 12h=50.6% | 24h=69.76% | 48h=40.04%
2025-12-25 04:48:21,193 - INFO -   [6/27] 采集 LTC-USDT-SWAP...
2025-12-25 04:48:21,435 - INFO -     💰 当前价格: $76.18
2025-12-25 04:48:21,436 - INFO -     📊 位置: 4h=72.04% | 12h=76.36% | 24h=63.19% | 48h=37.05%
2025-12-25 04:48:21,936 - INFO -   [7/27] 采集 DOGE-USDT-SWAP...
2025-12-25 04:48:22,173 - INFO -     💰 当前价格: $0.12855
2025-12-25 04:48:22,174 - INFO -     📊 位置: 4h=54.87% | 12h=55.68% | 24h=71.71% | 48h=39.0%
2025-12-25 04:48:22,674 - INFO -   [8/27] 采集 SUI-USDT-SWAP...
2025-12-25 04:48:22,910 - INFO -     💰 当前价格: $1.4165
2025-12-25 04:48:22,910 - INFO -     📊 位置: 4h=61.24% | 12h=47.44% | 24h=71.99% | 48h=42.04%
2025-12-25 04:48:23,411 - INFO -   [9/27] 采集 TRX-USDT-SWAP...
2025-12-25 04:48:23,650 - INFO -     💰 当前价格: $0.27996
2025-12-25 04:48:23,650 - INFO -     📊 位置: 4h=9.71% | 12h=33.53% | 24h=22.85% | 48h=19.35%
2025-12-25 04:48:24,151 - INFO -   [10/27] 采集 TON-USDT-SWAP...
2025-12-25 04:48:24,378 - INFO -     💰 当前价格: $1.544
2025-12-25 04:48:24,379 - INFO -     📊 位置: 4h=100.0% | 12h=100.0% | 24h=100.0% | 48h=100.0%
2025-12-25 04:48:24,879 - INFO -   [11/27] 采集 ETC-USDT-SWAP...
2025-12-25 04:48:25,110 - INFO -     💰 当前价格: $12.07
2025-12-25 04:48:25,110 - INFO -     📊 位置: 4h=60.0% | 12h=71.43% | 24h=82.86% | 48h=69.05%
2025-12-25 04:48:25,610 - INFO -   [12/27] 采集 BCH-USDT-SWAP...
2025-12-25 04:48:25,846 - INFO -     💰 当前价格: $571.4
2025-12-25 04:48:25,846 - INFO -     📊 位置: 4h=67.09% | 12h=76.15% | 24h=47.43% | 48h=34.02%
2025-12-25 04:48:26,346 - INFO -   [13/27] 采集 HBAR-USDT-SWAP...
2025-12-25 04:48:26,585 - INFO -     💰 当前价格: $0.11142
2025-12-25 04:48:26,586 - INFO -     📊 位置: 4h=94.29% | 12h=94.75% | 24h=95.39% | 48h=70.73%
2025-12-25 04:48:27,086 - INFO -   [14/27] 采集 XLM-USDT-SWAP...
2025-12-25 04:48:27,320 - INFO -     💰 当前价格: $0.21535
2025-12-25 04:48:27,321 - INFO -     📊 位置: 4h=95.15% | 12h=95.42% | 24h=95.42% | 48h=53.81%
2025-12-25 04:48:27,821 - INFO -   [15/27] 采集 FIL-USDT-SWAP...
2025-12-25 04:48:28,057 - INFO -     💰 当前价格: $1.28
2025-12-25 04:48:28,057 - INFO -     📊 位置: 4h=58.33% | 12h=61.54% | 24h=64.29% | 48h=20.0%
2025-12-25 04:48:28,557 - INFO -   [16/27] 采集 LINK-USDT-SWAP...
2025-12-25 04:48:28,802 - INFO -     💰 当前价格: $12.329
2025-12-25 04:48:28,802 - INFO -     📊 位置: 4h=79.56% | 12h=82.69% | 24h=88.16% | 48h=64.55%
2025-12-25 04:48:29,303 - INFO -   [17/27] 采集 CRO-USDT-SWAP...
2025-12-25 04:48:29,536 - INFO -     💰 当前价格: $0.09418
2025-12-25 04:48:29,537 - INFO -     📊 位置: 4h=92.35% | 12h=93.78% | 24h=93.78% | 48h=54.44%
2025-12-25 04:48:30,037 - INFO -   [18/27] 采集 DOT-USDT-SWAP...
2025-12-25 04:48:30,282 - INFO -     💰 当前价格: $1.743
2025-12-25 04:48:30,282 - INFO -     📊 位置: 4h=60.0% | 12h=78.38% | 24h=82.98% | 48h=47.56%
2025-12-25 04:48:30,782 - INFO -   [19/27] 采集 AAVE-USDT-SWAP...
2025-12-25 04:48:31,015 - INFO -     💰 当前价格: $150.08
2025-12-25 04:48:31,015 - INFO -     📊 位置: 4h=53.85% | 12h=67.36% | 24h=75.0% | 48h=44.06%
2025-12-25 04:48:31,516 - INFO -   [20/27] 采集 UNI-USDT-SWAP...
2025-12-25 04:48:31,754 - INFO -     💰 当前价格: $5.826
2025-12-25 04:48:31,754 - INFO -     📊 位置: 4h=53.62% | 12h=60.5% | 24h=80.54% | 48h=45.89%
2025-12-25 04:48:32,254 - INFO -   [21/27] 采集 NEAR-USDT-SWAP...
2025-12-25 04:48:32,491 - INFO -     💰 当前价格: $1.504
2025-12-25 04:48:32,491 - INFO -     📊 位置: 4h=94.34% | 12h=95.38% | 24h=95.95% | 48h=73.2%
2025-12-25 04:48:32,991 - INFO -   [22/27] 采集 APT-USDT-SWAP...
2025-12-25 04:48:33,220 - INFO -     💰 当前价格: $1.654
2025-12-25 04:48:33,220 - INFO -     📊 位置: 4h=86.05% | 12h=92.11% | 24h=94.44% | 48h=94.44%
2025-12-25 04:48:33,720 - INFO -   [23/27] 采集 CFX-USDT-SWAP...
2025-12-25 04:48:33,948 - INFO -     💰 当前价格: $0.07685
2025-12-25 04:48:33,948 - INFO -     📊 位置: 4h=75.17% | 12h=76.68% | 24h=83.92% | 48h=83.92%
2025-12-25 04:48:34,449 - INFO -   [24/27] 采集 CRV-USDT-SWAP...
2025-12-25 04:48:34,688 - INFO -     💰 当前价格: $0.3807
2025-12-25 04:48:34,688 - INFO -     📊 位置: 4h=59.37% | 12h=64.22% | 24h=80.6% | 48h=81.25%
2025-12-25 04:48:35,188 - INFO -   [25/27] 采集 STX-USDT-SWAP...
2025-12-25 04:48:35,423 - INFO -     💰 当前价格: $0.2525
2025-12-25 04:48:35,424 - INFO -     📊 位置: 4h=96.08% | 12h=97.67% | 24h=98.79% | 48h=98.79%
2025-12-25 04:48:35,924 - INFO -   [26/27] 采集 LDO-USDT-SWAP...
2025-12-25 04:48:36,174 - INFO -     💰 当前价格: $0.5576
2025-12-25 04:48:36,175 - INFO -     📊 位置: 4h=90.5% | 12h=93.62% | 24h=95.37% | 48h=95.37%
2025-12-25 04:48:36,675 - INFO -   [27/27] 采集 TAO-USDT-SWAP...
2025-12-25 04:48:36,907 - INFO -     💰 当前价格: $222.6
2025-12-25 04:48:36,907 - INFO -     📊 位置: 4h=76.12% | 12h=82.98% | 24h=91.16% | 48h=91.16%
2025-12-25 04:48:37,414 - INFO - 💾 数据保存成功: 27 个币种
2025-12-25 04:48:37,419 - INFO - 📊 统计数据保存成功:
2025-12-25 04:48:37,420 - INFO -     4h低于1%: 0/27
2025-12-25 04:48:37,420 - INFO -    12h低于1%: 0/27
2025-12-25 04:48:37,420 - INFO -    24h低于1%: 0/27
2025-12-25 04:48:37,420 - INFO -    48h低于1%: 0/27
2025-12-25 04:48:37,420 - INFO - ✅ 数据采集完成: 成功 27/27
2025-12-25 04:48:37,420 - INFO - ⏳ 等待 300 秒后进行下一次采集...

2025-12-25 04:52:58,249 - INFO - ⛔ 收到停止信号，退出采集器
2025-12-25 04:52:58,583 - INFO - ✅ 数据库初始化完成
2025-12-25 04:52:58,583 - INFO - 📊 开始采集位置系统数据...
2025-12-25 04:52:58,583 - INFO - 📋 币种列表: 27 个币种
2025-12-25 04:52:58,594 - INFO -   [1/27] 采集 BTC-USDT-SWAP...
2025-12-25 04:52:58,817 - INFO -     💰 当前价格: $87796.0
2025-12-25 04:52:58,818 - INFO -     📊 位置: 4h=65.58% | 12h=71.42% | 24h=85.85% | 48h=72.92%
2025-12-25 04:52:59,318 - INFO -   [2/27] 采集 ETH-USDT-SWAP...
2025-12-25 04:52:59,577 - INFO -     💰 当前价格: $2944.0
2025-12-25 04:52:59,577 - INFO -     📊 位置: 4h=32.55% | 12h=45.39% | 24h=75.43% | 48h=57.56%
2025-12-25 04:53:00,077 - INFO -   [3/27] 采集 XRP-USDT-SWAP...
2025-12-25 04:53:00,311 - INFO -     💰 当前价格: $1.8735
2025-12-25 04:53:00,311 - INFO -     📊 位置: 4h=100.0% | 12h=100.0% | 24h=91.46% | 48h=54.9%
2025-12-25 04:53:00,811 - INFO -   [4/27] 采集 BNB-USDT-SWAP...
2025-12-25 04:53:01,050 - INFO -     💰 当前价格: $843.6
2025-12-25 04:53:01,050 - INFO -     📊 位置: 4h=15.56% | 12h=10.45% | 24h=60.0% | 48h=44.33%
2025-12-25 04:53:01,551 - INFO -   [5/27] 采集 SOL-USDT-SWAP...
2025-12-25 04:53:01,794 - INFO -     💰 当前价格: $122.77
2025-12-25 04:53:01,795 - INFO -     📊 位置: 4h=68.63% | 12h=63.86% | 24h=77.32% | 48h=44.38%
2025-12-25 04:53:02,295 - INFO -   [6/27] 采集 LTC-USDT-SWAP...
2025-12-25 04:53:02,526 - INFO -     💰 当前价格: $76.3
2025-12-25 04:53:02,527 - INFO -     📊 位置: 4h=84.95% | 12h=87.27% | 24h=70.55% | 48h=41.37%
2025-12-25 04:53:03,027 - INFO -   [7/27] 采集 DOGE-USDT-SWAP...
2025-12-25 04:53:03,259 - INFO -     💰 当前价格: $0.12873
2025-12-25 04:53:03,259 - INFO -     📊 位置: 4h=70.8% | 12h=65.91% | 24h=77.63% | 48h=42.22%
2025-12-25 04:53:03,760 - INFO -   [8/27] 采集 SUI-USDT-SWAP...
2025-12-25 04:53:03,997 - INFO -     💰 当前价格: $1.4192
2025-12-25 04:53:03,997 - INFO -     📊 位置: 4h=82.17% | 12h=60.0% | 24h=78.62% | 48h=45.91%
2025-12-25 04:53:04,497 - INFO -   [9/27] 采集 TRX-USDT-SWAP...
2025-12-25 04:53:04,736 - INFO -     💰 当前价格: $0.27996
2025-12-25 04:53:04,736 - INFO -     📊 位置: 4h=9.71% | 12h=33.53% | 24h=22.85% | 48h=19.35%
2025-12-25 04:53:05,236 - INFO -   [10/27] 采集 TON-USDT-SWAP...
2025-12-25 04:53:05,469 - INFO -     💰 当前价格: $1.546
2025-12-25 04:53:05,470 - INFO -     📊 位置: 4h=96.49% | 12h=97.26% | 24h=97.96% | 48h=98.13%
2025-12-25 04:53:05,970 - INFO -   [11/27] 采集 ETC-USDT-SWAP...
2025-12-25 04:53:06,208 - INFO -     💰 当前价格: $12.08
2025-12-25 04:53:06,208 - INFO -     📊 位置: 4h=66.67% | 12h=76.19% | 24h=85.71% | 48h=71.43%
2025-12-25 04:53:06,708 - INFO -   [12/27] 采集 BCH-USDT-SWAP...
2025-12-25 04:53:06,971 - INFO -     💰 当前价格: $571.5
2025-12-25 04:53:06,971 - INFO -     📊 位置: 4h=68.35% | 12h=77.06% | 24h=48.0% | 48h=34.43%
2025-12-25 04:53:07,471 - INFO -   [13/27] 采集 HBAR-USDT-SWAP...
2025-12-25 04:53:07,706 - INFO -     💰 当前价格: $0.11162
2025-12-25 04:53:07,707 - INFO -     📊 位置: 4h=100.0% | 12h=100.0% | 24h=100.0% | 48h=75.0%
2025-12-25 04:53:08,207 - INFO -   [14/27] 采集 XLM-USDT-SWAP...
2025-12-25 04:53:08,448 - INFO -     💰 当前价格: $0.21555
2025-12-25 04:53:08,449 - INFO -     📊 位置: 4h=100.0% | 12h=100.0% | 24h=100.0% | 48h=56.39%
2025-12-25 04:53:08,949 - INFO -   [15/27] 采集 FIL-USDT-SWAP...
2025-12-25 04:53:09,175 - INFO -     💰 当前价格: $1.284
2025-12-25 04:53:09,176 - INFO -     📊 位置: 4h=75.0% | 12h=76.92% | 24h=78.57% | 48h=24.44%
2025-12-25 04:53:09,676 - INFO -   [16/27] 采集 LINK-USDT-SWAP...
2025-12-25 04:53:09,910 - INFO -     💰 当前价格: $12.336
2025-12-25 04:53:09,910 - INFO -     📊 位置: 4h=84.67% | 12h=85.38% | 24h=90.0% | 48h=65.9%
2025-12-25 04:53:10,410 - INFO -   [17/27] 采集 CRO-USDT-SWAP...
2025-12-25 04:53:10,676 - INFO -     💰 当前价格: $0.09436
2025-12-25 04:53:10,677 - INFO -     📊 位置: 4h=100.0% | 12h=100.0% | 24h=100.0% | 48h=59.44%
2025-12-25 04:53:11,177 - INFO -   [18/27] 采集 DOT-USDT-SWAP...
2025-12-25 04:53:11,417 - INFO -     💰 当前价格: $1.745
2025-12-25 04:53:11,418 - INFO -     📊 位置: 4h=70.0% | 12h=83.78% | 24h=87.23% | 48h=50.0%
2025-12-25 04:53:11,918 - INFO -   [19/27] 采集 AAVE-USDT-SWAP...
2025-12-25 04:53:12,157 - INFO -     💰 当前价格: $150.21
2025-12-25 04:53:12,157 - INFO -     📊 位置: 4h=58.61% | 12h=70.73% | 24h=77.58% | 48h=45.57%
2025-12-25 04:53:12,657 - INFO -   [20/27] 采集 UNI-USDT-SWAP...
2025-12-25 04:53:12,889 - INFO -     💰 当前价格: $5.827
2025-12-25 04:53:12,889 - INFO -     📊 位置: 4h=55.07% | 12h=61.34% | 24h=80.87% | 48h=46.08%
2025-12-25 04:53:13,390 - INFO -   [21/27] 采集 NEAR-USDT-SWAP...
2025-12-25 04:53:13,622 - INFO -     💰 当前价格: $1.511
2025-12-25 04:53:13,622 - INFO -     📊 位置: 4h=100.0% | 12h=100.0% | 24h=100.0% | 48h=80.41%
2025-12-25 04:53:14,122 - INFO -   [22/27] 采集 APT-USDT-SWAP...
2025-12-25 04:53:14,352 - INFO -     💰 当前价格: $1.658
2025-12-25 04:53:14,353 - INFO -     📊 位置: 4h=95.35% | 12h=97.37% | 24h=98.15% | 48h=98.15%
2025-12-25 04:53:14,853 - INFO -   [23/27] 采集 CFX-USDT-SWAP...
2025-12-25 04:53:15,089 - INFO -     💰 当前价格: $0.07662
2025-12-25 04:53:15,089 - INFO -     📊 位置: 4h=67.55% | 12h=73.59% | 24h=81.79% | 48h=81.79%
2025-12-25 04:53:15,590 - INFO -   [24/27] 采集 CRV-USDT-SWAP...
2025-12-25 04:53:15,830 - INFO -     💰 当前价格: $0.3812
2025-12-25 04:53:15,830 - INFO -     📊 位置: 4h=64.58% | 12h=68.81% | 24h=82.76% | 48h=83.33%
2025-12-25 04:53:16,331 - INFO -   [25/27] 采集 STX-USDT-SWAP...
2025-12-25 04:53:16,563 - INFO -     💰 当前价格: $0.2527
2025-12-25 04:53:16,564 - INFO -     📊 位置: 4h=98.08% | 12h=98.85% | 24h=99.4% | 48h=99.4%
2025-12-25 04:53:17,064 - INFO -   [26/27] 采集 LDO-USDT-SWAP...
2025-12-25 04:53:17,304 - INFO -     💰 当前价格: $0.5584
2025-12-25 04:53:17,304 - INFO -     📊 位置: 4h=94.12% | 12h=96.05% | 24h=97.14% | 48h=97.14%
2025-12-25 04:53:17,805 - INFO -   [27/27] 采集 TAO-USDT-SWAP...
2025-12-25 04:53:18,042 - INFO -     💰 当前价格: $223.2
2025-12-25 04:53:18,043 - INFO -     📊 位置: 4h=85.07% | 12h=89.36% | 24h=94.48% | 48h=94.48%
2025-12-25 04:53:18,550 - INFO - 💾 数据保存成功: 27 个币种
2025-12-25 04:53:18,558 - INFO - 📊 统计数据保存成功:
2025-12-25 04:53:18,559 - INFO -     4h低于1%: 0/27
2025-12-25 04:53:18,559 - INFO -    12h低于1%: 0/27
2025-12-25 04:53:18,559 - INFO -    24h低于1%: 0/27
2025-12-25 04:53:18,559 - INFO -    48h低于1%: 0/27
2025-12-25 04:53:18,559 - INFO - ✅ 数据采集完成: 成功 27/27
2025-12-25 04:53:18,559 - INFO - 🚀 位置系统采集器启动，采集间隔: 300秒
2025-12-25 04:53:18,559 - INFO - 📊 开始采集位置系统数据...
2025-12-25 04:53:18,559 - INFO - 📋 币种列表: 27 个币种
2025-12-25 04:53:18,559 - INFO -   [1/27] 采集 BTC-USDT-SWAP...
2025-12-25 04:53:18,791 - INFO -     💰 当前价格: $87796.0
2025-12-25 04:53:18,791 - INFO -     📊 位置: 4h=65.58% | 12h=71.42% | 24h=85.85% | 48h=72.92%
2025-12-25 04:53:19,292 - INFO -   [2/27] 采集 ETH-USDT-SWAP...
2025-12-25 04:53:19,528 - INFO -     💰 当前价格: $2943.91
2025-12-25 04:53:19,528 - INFO -     📊 位置: 4h=32.04% | 12h=45.13% | 24h=75.31% | 48h=57.47%
2025-12-25 04:53:20,028 - INFO -   [3/27] 采集 XRP-USDT-SWAP...
2025-12-25 04:53:20,265 - INFO -     💰 当前价格: $1.8737
2025-12-25 04:53:20,265 - INFO -     📊 位置: 4h=100.0% | 12h=100.0% | 24h=91.95% | 48h=55.2%
2025-12-25 04:53:20,766 - INFO -   [4/27] 采集 BNB-USDT-SWAP...
2025-12-25 04:53:21,083 - INFO -     💰 当前价格: $843.6
2025-12-25 04:53:21,083 - INFO -     📊 位置: 4h=15.56% | 12h=10.45% | 24h=60.0% | 48h=44.33%
2025-12-25 04:53:21,583 - INFO -   [5/27] 采集 SOL-USDT-SWAP...
2025-12-25 04:53:21,811 - INFO -     💰 当前价格: $122.76
2025-12-25 04:53:21,811 - INFO -     📊 位置: 4h=67.65% | 12h=63.25% | 24h=76.98% | 48h=44.18%
2025-12-25 04:53:22,312 - INFO -   [6/27] 采集 LTC-USDT-SWAP...
2025-12-25 04:53:22,540 - INFO -     💰 当前价格: $76.27
2025-12-25 04:53:22,540 - INFO -     📊 位置: 4h=81.72% | 12h=84.55% | 24h=68.71% | 48h=40.29%
2025-12-25 04:53:23,041 - INFO -   [7/27] 采集 DOGE-USDT-SWAP...
2025-12-25 04:53:23,270 - INFO -     💰 当前价格: $0.12873
2025-12-25 04:53:23,270 - INFO -     📊 位置: 4h=70.8% | 12h=65.91% | 24h=77.63% | 48h=42.22%
2025-12-25 04:53:23,770 - INFO -   [8/27] 采集 SUI-USDT-SWAP...
2025-12-25 04:53:24,008 - INFO -     💰 当前价格: $1.4194
2025-12-25 04:53:24,008 - INFO -     📊 位置: 4h=83.72% | 12h=60.93% | 24h=79.12% | 48h=46.2%
2025-12-25 04:53:24,509 - INFO -   [9/27] 采集 TRX-USDT-SWAP...
2025-12-25 04:53:24,741 - INFO -     💰 当前价格: $0.27995
2025-12-25 04:53:24,741 - INFO -     📊 位置: 4h=8.74% | 12h=33.24% | 24h=22.65% | 48h=19.19%
2025-12-25 04:53:25,242 - INFO -   [10/27] 采集 TON-USDT-SWAP...
2025-12-25 04:53:25,472 - INFO -     💰 当前价格: $1.543
2025-12-25 04:53:25,472 - INFO -     📊 位置: 4h=91.23% | 12h=93.15% | 24h=94.9% | 48h=95.33%
2025-12-25 04:53:25,973 - INFO -   [11/27] 采集 ETC-USDT-SWAP...
2025-12-25 04:53:26,202 - INFO -     💰 当前价格: $12.08
2025-12-25 04:53:26,202 - INFO -     📊 位置: 4h=66.67% | 12h=76.19% | 24h=85.71% | 48h=71.43%
2025-12-25 04:53:26,703 - INFO -   [12/27] 采集 BCH-USDT-SWAP...
2025-12-25 04:53:26,941 - INFO -     💰 当前价格: $571.6
2025-12-25 04:53:26,941 - INFO -     📊 位置: 4h=69.62% | 12h=77.98% | 24h=48.57% | 48h=34.84%
2025-12-25 04:53:27,441 - INFO -   [13/27] 采集 HBAR-USDT-SWAP...
2025-12-25 04:53:27,677 - INFO -     💰 当前价格: $0.11162
2025-12-25 04:53:27,677 - INFO -     📊 位置: 4h=100.0% | 12h=100.0% | 24h=100.0% | 48h=75.0%
2025-12-25 04:53:28,177 - INFO -   [14/27] 采集 XLM-USDT-SWAP...
2025-12-25 04:53:28,405 - INFO -     💰 当前价格: $0.21555
2025-12-25 04:53:28,405 - INFO -     📊 位置: 4h=100.0% | 12h=100.0% | 24h=100.0% | 48h=56.39%
2025-12-25 04:53:28,905 - INFO -   [15/27] 采集 FIL-USDT-SWAP...
2025-12-25 04:53:29,140 - INFO -     💰 当前价格: $1.284
2025-12-25 04:53:29,140 - INFO -     📊 位置: 4h=75.0% | 12h=76.92% | 24h=78.57% | 48h=24.44%
2025-12-25 04:53:29,641 - INFO -   [16/27] 采集 LINK-USDT-SWAP...
2025-12-25 04:53:29,876 - INFO -     💰 当前价格: $12.335
2025-12-25 04:53:29,877 - INFO -     📊 位置: 4h=83.94% | 12h=85.0% | 24h=89.74% | 48h=65.7%
2025-12-25 04:53:30,377 - INFO -   [17/27] 采集 CRO-USDT-SWAP...
2025-12-25 04:53:30,609 - INFO -     💰 当前价格: $0.09437
2025-12-25 04:53:30,610 - INFO -     📊 位置: 4h=100.0% | 12h=100.0% | 24h=100.0% | 48h=59.72%
2025-12-25 04:53:31,110 - INFO -   [18/27] 采集 DOT-USDT-SWAP...
2025-12-25 04:53:31,338 - INFO -     💰 当前价格: $1.745
2025-12-25 04:53:31,338 - INFO -     📊 位置: 4h=70.0% | 12h=83.78% | 24h=87.23% | 48h=50.0%
2025-12-25 04:53:31,838 - INFO -   [19/27] 采集 AAVE-USDT-SWAP...
2025-12-25 04:53:32,068 - INFO -     💰 当前价格: $150.21
2025-12-25 04:53:32,068 - INFO -     📊 位置: 4h=58.61% | 12h=70.73% | 24h=77.58% | 48h=45.57%
2025-12-25 04:53:32,568 - INFO -   [20/27] 采集 UNI-USDT-SWAP...
2025-12-25 04:53:32,810 - INFO -     💰 当前价格: $5.828
2025-12-25 04:53:32,810 - INFO -     📊 位置: 4h=56.52% | 12h=62.18% | 24h=81.21% | 48h=46.27%
2025-12-25 04:53:33,311 - INFO -   [21/27] 采集 NEAR-USDT-SWAP...
2025-12-25 04:53:33,554 - INFO -     💰 当前价格: $1.511
2025-12-25 04:53:33,555 - INFO -     📊 位置: 4h=100.0% | 12h=100.0% | 24h=100.0% | 48h=80.41%
2025-12-25 04:53:34,055 - INFO -   [22/27] 采集 APT-USDT-SWAP...
2025-12-25 04:53:34,295 - INFO -     💰 当前价格: $1.658
2025-12-25 04:53:34,295 - INFO -     📊 位置: 4h=95.35% | 12h=97.37% | 24h=98.15% | 48h=98.15%
2025-12-25 04:53:34,796 - INFO -   [23/27] 采集 CFX-USDT-SWAP...
2025-12-25 04:53:35,028 - INFO -     💰 当前价格: $0.07655
2025-12-25 04:53:35,029 - INFO -     📊 位置: 4h=65.23% | 12h=72.65% | 24h=81.15% | 48h=81.15%
2025-12-25 04:53:35,529 - INFO -   [24/27] 采集 CRV-USDT-SWAP...
2025-12-25 04:53:35,752 - INFO -     💰 当前价格: $0.3811
2025-12-25 04:53:35,752 - INFO -     📊 位置: 4h=63.54% | 12h=67.89% | 24h=82.33% | 48h=82.92%
2025-12-25 04:53:36,252 - INFO -   [25/27] 采集 STX-USDT-SWAP...
2025-12-25 04:53:36,492 - INFO -     💰 当前价格: $0.2528
2025-12-25 04:53:36,492 - INFO -     📊 位置: 4h=100.0% | 12h=100.0% | 24h=100.0% | 48h=100.0%
2025-12-25 04:53:36,993 - INFO -   [26/27] 采集 LDO-USDT-SWAP...
2025-12-25 04:53:37,227 - INFO -     💰 当前价格: $0.5584
2025-12-25 04:53:37,228 - INFO -     📊 位置: 4h=94.12% | 12h=96.05% | 24h=97.14% | 48h=97.14%
2025-12-25 04:53:37,728 - INFO -   [27/27] 采集 TAO-USDT-SWAP...
2025-12-25 04:53:37,963 - INFO -     💰 当前价格: $223.2
2025-12-25 04:53:37,963 - INFO -     📊 位置: 4h=85.07% | 12h=89.36% | 24h=94.48% | 48h=94.48%
2025-12-25 04:53:38,467 - INFO - 💾 数据保存成功: 27 个币种
2025-12-25 04:53:38,471 - INFO - 📊 统计数据保存成功:
2025-12-25 04:53:38,471 - INFO -     4h低于1%: 0/27
2025-12-25 04:53:38,471 - INFO -    12h低于1%: 0/27
2025-12-25 04:53:38,472 - INFO -    24h低于1%: 0/27
2025-12-25 04:53:38,472 - INFO -    48h低于1%: 0/27
2025-12-25 04:53:38,472 - INFO - ✅ 数据采集完成: 成功 27/27
2025-12-25 04:53:38,472 - INFO - ⏳ 等待 300 秒后进行下一次采集...

2025-12-25 04:57:59,159 - INFO - ⛔ 收到停止信号，退出采集器
2025-12-25 04:57:59,493 - INFO - ✅ 数据库初始化完成
2025-12-25 04:57:59,493 - INFO - 📊 开始采集位置系统数据...
2025-12-25 04:57:59,493 - INFO - 📋 币种列表: 27 个币种
2025-12-25 04:57:59,504 - INFO -   [1/27] 采集 BTC-USDT-SWAP...
2025-12-25 04:57:59,736 - INFO -     💰 当前价格: $87753.0
2025-12-25 04:57:59,736 - INFO -     📊 位置: 4h=55.29% | 12h=66.27% | 24h=83.29% | 48h=70.75%
2025-12-25 04:58:00,237 - INFO -   [2/27] 采集 ETH-USDT-SWAP...
2025-12-25 04:58:00,475 - INFO -     💰 当前价格: $2943.41
2025-12-25 04:58:00,475 - INFO -     📊 位置: 4h=29.23% | 12h=43.68% | 24h=74.66% | 48h=56.97%
2025-12-25 04:58:00,976 - INFO -   [3/27] 采集 XRP-USDT-SWAP...
2025-12-25 04:58:01,209 - INFO -     💰 当前价格: $1.8728
2025-12-25 04:58:01,209 - INFO -     📊 位置: 4h=91.1% | 12h=93.51% | 24h=89.76% | 48h=53.88%
2025-12-25 04:58:01,710 - INFO -   [4/27] 采集 BNB-USDT-SWAP...
2025-12-25 04:58:01,937 - INFO -     💰 当前价格: $843.1
2025-12-25 04:58:01,937 - INFO -     📊 位置: 4h=4.44% | 12h=2.99% | 24h=56.67% | 48h=41.87%
2025-12-25 04:58:02,437 - INFO -   [5/27] 采集 SOL-USDT-SWAP...
2025-12-25 04:58:02,672 - INFO -     💰 当前价格: $122.73
2025-12-25 04:58:02,672 - INFO -     📊 位置: 4h=64.71% | 12h=61.45% | 24h=75.95% | 48h=43.59%
2025-12-25 04:58:03,173 - INFO -   [6/27] 采集 LTC-USDT-SWAP...
2025-12-25 04:58:03,402 - INFO -     💰 当前价格: $76.28
2025-12-25 04:58:03,403 - INFO -     📊 位置: 4h=82.8% | 12h=85.45% | 24h=69.33% | 48h=40.65%
2025-12-25 04:58:03,903 - INFO -   [7/27] 采集 DOGE-USDT-SWAP...
2025-12-25 04:58:04,143 - INFO -     💰 当前价格: $0.1287
2025-12-25 04:58:04,144 - INFO -     📊 位置: 4h=68.14% | 12h=64.2% | 24h=76.64% | 48h=41.68%
2025-12-25 04:58:04,644 - INFO -   [8/27] 采集 SUI-USDT-SWAP...
2025-12-25 04:58:04,881 - INFO -     💰 当前价格: $1.4192
2025-12-25 04:58:04,881 - INFO -     📊 位置: 4h=82.17% | 12h=60.0% | 24h=78.62% | 48h=45.91%
2025-12-25 04:58:05,381 - INFO -   [9/27] 采集 TRX-USDT-SWAP...
2025-12-25 04:58:05,620 - INFO -     💰 当前价格: $0.27996
2025-12-25 04:58:05,620 - INFO -     📊 位置: 4h=9.71% | 12h=33.53% | 24h=22.85% | 48h=19.35%
2025-12-25 04:58:06,121 - INFO -   [10/27] 采集 TON-USDT-SWAP...
2025-12-25 04:58:06,354 - INFO -     💰 当前价格: $1.542
2025-12-25 04:58:06,355 - INFO -     📊 位置: 4h=89.47% | 12h=91.78% | 24h=93.88% | 48h=94.39%
2025-12-25 04:58:06,855 - INFO -   [11/27] 采集 ETC-USDT-SWAP...
2025-12-25 04:58:07,094 - INFO -     💰 当前价格: $12.07
2025-12-25 04:58:07,095 - INFO -     📊 位置: 4h=60.0% | 12h=71.43% | 24h=82.86% | 48h=69.05%
2025-12-25 04:58:07,595 - INFO -   [12/27] 采集 BCH-USDT-SWAP...
2025-12-25 04:58:07,835 - INFO -     💰 当前价格: $572.1
2025-12-25 04:58:07,835 - INFO -     📊 位置: 4h=75.95% | 12h=82.57% | 24h=51.43% | 48h=36.89%
2025-12-25 04:58:08,336 - INFO -   [13/27] 采集 HBAR-USDT-SWAP...
2025-12-25 04:58:08,569 - INFO -     💰 当前价格: $0.11175
2025-12-25 04:58:08,569 - INFO -     📊 位置: 4h=90.55% | 12h=91.22% | 24h=92.15% | 48h=77.78%
2025-12-25 04:58:09,069 - INFO -   [14/27] 采集 XLM-USDT-SWAP...
2025-12-25 04:58:09,308 - INFO -     💰 当前价格: $0.21539
2025-12-25 04:58:09,309 - INFO -     📊 位置: 4h=95.65% | 12h=95.9% | 24h=95.9% | 48h=54.32%
2025-12-25 04:58:09,809 - INFO -   [15/27] 采集 FIL-USDT-SWAP...
2025-12-25 04:58:10,052 - INFO -     💰 当前价格: $1.282
2025-12-25 04:58:10,052 - INFO -     📊 位置: 4h=66.67% | 12h=69.23% | 24h=71.43% | 48h=22.22%
2025-12-25 04:58:10,552 - INFO -   [16/27] 采集 LINK-USDT-SWAP...
2025-12-25 04:58:10,783 - INFO -     💰 当前价格: $12.33
2025-12-25 04:58:10,783 - INFO -     📊 位置: 4h=80.29% | 12h=83.08% | 24h=88.42% | 48h=64.74%
2025-12-25 04:58:11,283 - INFO -   [17/27] 采集 CRO-USDT-SWAP...
2025-12-25 04:58:11,514 - INFO -     💰 当前价格: $0.09436
2025-12-25 04:58:11,515 - INFO -     📊 位置: 4h=99.43% | 12h=99.53% | 24h=99.53% | 48h=59.44%
2025-12-25 04:58:12,015 - INFO -   [18/27] 采集 DOT-USDT-SWAP...
2025-12-25 04:58:12,253 - INFO -     💰 当前价格: $1.744
2025-12-25 04:58:12,254 - INFO -     📊 位置: 4h=65.0% | 12h=81.08% | 24h=85.11% | 48h=48.78%
2025-12-25 04:58:12,754 - INFO -   [19/27] 采集 AAVE-USDT-SWAP...
2025-12-25 04:58:12,990 - INFO -     💰 当前价格: $150.21
2025-12-25 04:58:12,990 - INFO -     📊 位置: 4h=58.61% | 12h=70.73% | 24h=77.58% | 48h=45.57%
2025-12-25 04:58:13,490 - INFO -   [20/27] 采集 UNI-USDT-SWAP...
2025-12-25 04:58:13,711 - INFO -     💰 当前价格: $5.816
2025-12-25 04:58:13,712 - INFO -     📊 位置: 4h=39.13% | 12h=52.1% | 24h=77.18% | 48h=43.98%
2025-12-25 04:58:14,212 - INFO -   [21/27] 采集 NEAR-USDT-SWAP...
2025-12-25 04:58:14,462 - INFO -     💰 当前价格: $1.509
2025-12-25 04:58:14,462 - INFO -     📊 位置: 4h=94.83% | 12h=95.71% | 24h=96.2% | 48h=78.35%
2025-12-25 04:58:14,962 - INFO -   [22/27] 采集 APT-USDT-SWAP...
2025-12-25 04:58:15,220 - INFO -     💰 当前价格: $1.655
2025-12-25 04:58:15,221 - INFO -     📊 位置: 4h=88.37% | 12h=93.42% | 24h=95.37% | 48h=95.37%
2025-12-25 04:58:15,721 - INFO -   [23/27] 采集 CFX-USDT-SWAP...
2025-12-25 04:58:15,960 - INFO -     💰 当前价格: $0.0765
2025-12-25 04:58:15,960 - INFO -     📊 位置: 4h=63.58% | 12h=71.98% | 24h=80.68% | 48h=80.68%
2025-12-25 04:58:16,460 - INFO -   [24/27] 采集 CRV-USDT-SWAP...
2025-12-25 04:58:16,700 - INFO -     💰 当前价格: $0.3811
2025-12-25 04:58:16,700 - INFO -     📊 位置: 4h=63.54% | 12h=67.89% | 24h=82.33% | 48h=82.92%
2025-12-25 04:58:17,200 - INFO -   [25/27] 采集 STX-USDT-SWAP...
2025-12-25 04:58:17,433 - INFO -     💰 当前价格: $0.2527
2025-12-25 04:58:17,433 - INFO -     📊 位置: 4h=98.08% | 12h=98.85% | 24h=99.4% | 48h=99.4%
2025-12-25 04:58:17,933 - INFO -   [26/27] 采集 LDO-USDT-SWAP...
2025-12-25 04:58:18,172 - INFO -     💰 当前价格: $0.558
2025-12-25 04:58:18,172 - INFO -     📊 位置: 4h=92.31% | 12h=94.83% | 24h=96.26% | 48h=96.26%
2025-12-25 04:58:18,673 - INFO -   [27/27] 采集 TAO-USDT-SWAP...
2025-12-25 04:58:18,908 - INFO -     💰 当前价格: $223.0
2025-12-25 04:58:18,909 - INFO -     📊 位置: 4h=82.09% | 12h=87.23% | 24h=93.37% | 48h=93.37%
2025-12-25 04:58:19,415 - INFO - 💾 数据保存成功: 27 个币种
2025-12-25 04:58:19,419 - INFO - 📊 统计数据保存成功:
2025-12-25 04:58:19,420 - INFO -     4h低于1%: 0/27
2025-12-25 04:58:19,420 - INFO -    12h低于1%: 0/27
2025-12-25 04:58:19,420 - INFO -    24h低于1%: 0/27
2025-12-25 04:58:19,420 - INFO -    48h低于1%: 0/27
2025-12-25 04:58:19,420 - INFO - ✅ 数据采集完成: 成功 27/27
2025-12-25 04:58:19,420 - INFO - 🚀 位置系统采集器启动，采集间隔: 300秒
2025-12-25 04:58:19,420 - INFO - 📊 开始采集位置系统数据...
2025-12-25 04:58:19,421 - INFO - 📋 币种列表: 27 个币种
2025-12-25 04:58:19,421 - INFO -   [1/27] 采集 BTC-USDT-SWAP...
2025-12-25 04:58:19,656 - INFO -     💰 当前价格: $87753.0
2025-12-25 04:58:19,657 - INFO -     📊 位置: 4h=55.29% | 12h=66.27% | 24h=83.29% | 48h=70.75%
2025-12-25 04:58:20,157 - INFO -   [2/27] 采集 ETH-USDT-SWAP...
2025-12-25 04:58:20,390 - INFO -     💰 当前价格: $2943.31
2025-12-25 04:58:20,391 - INFO -     📊 位置: 4h=28.67% | 12h=43.4% | 24h=74.53% | 48h=56.87%
2025-12-25 04:58:20,891 - INFO -   [3/27] 采集 XRP-USDT-SWAP...
2025-12-25 04:58:21,113 - INFO -     💰 当前价格: $1.8724
2025-12-25 04:58:21,113 - INFO -     📊 位置: 4h=89.01% | 12h=91.98% | 24h=88.78% | 48h=53.29%
2025-12-25 04:58:21,614 - INFO -   [4/27] 采集 BNB-USDT-SWAP...
2025-12-25 04:58:21,846 - INFO -     💰 当前价格: $843.0
2025-12-25 04:58:21,847 - INFO -     📊 位置: 4h=2.22% | 12h=1.49% | 24h=56.0% | 48h=41.38%
2025-12-25 04:58:22,347 - INFO -   [5/27] 采集 SOL-USDT-SWAP...
2025-12-25 04:58:22,589 - INFO -     💰 当前价格: $122.74
2025-12-25 04:58:22,589 - INFO -     📊 位置: 4h=65.69% | 12h=62.05% | 24h=76.29% | 48h=43.79%
2025-12-25 04:58:23,089 - INFO -   [6/27] 采集 LTC-USDT-SWAP...
2025-12-25 04:58:23,331 - INFO -     💰 当前价格: $76.26
2025-12-25 04:58:23,331 - INFO -     📊 位置: 4h=80.65% | 12h=83.64% | 24h=68.1% | 48h=39.93%
2025-12-25 04:58:23,832 - INFO -   [7/27] 采集 DOGE-USDT-SWAP...
2025-12-25 04:58:24,060 - INFO -     💰 当前价格: $0.12869
2025-12-25 04:58:24,061 - INFO -     📊 位置: 4h=67.26% | 12h=63.64% | 24h=76.32% | 48h=41.5%
2025-12-25 04:58:24,561 - INFO -   [8/27] 采集 SUI-USDT-SWAP...
2025-12-25 04:58:24,788 - INFO -     💰 当前价格: $1.4192
2025-12-25 04:58:24,788 - INFO -     📊 位置: 4h=82.17% | 12h=60.0% | 24h=78.62% | 48h=45.91%
2025-12-25 04:58:25,288 - INFO -   [9/27] 采集 TRX-USDT-SWAP...
2025-12-25 04:58:25,518 - INFO -     💰 当前价格: $0.27996
2025-12-25 04:58:25,518 - INFO -     📊 位置: 4h=9.71% | 12h=33.53% | 24h=22.85% | 48h=19.35%
2025-12-25 04:58:26,019 - INFO -   [10/27] 采集 TON-USDT-SWAP...
2025-12-25 04:58:26,255 - INFO -     💰 当前价格: $1.543
2025-12-25 04:58:26,255 - INFO -     📊 位置: 4h=91.23% | 12h=93.15% | 24h=94.9% | 48h=95.33%
2025-12-25 04:58:26,755 - INFO -   [11/27] 采集 ETC-USDT-SWAP...
2025-12-25 04:58:26,988 - INFO -     💰 当前价格: $12.07
2025-12-25 04:58:26,988 - INFO -     📊 位置: 4h=60.0% | 12h=71.43% | 24h=82.86% | 48h=69.05%
2025-12-25 04:58:27,488 - INFO -   [12/27] 采集 BCH-USDT-SWAP...
2025-12-25 04:58:27,717 - INFO -     💰 当前价格: $572.1
2025-12-25 04:58:27,718 - INFO -     📊 位置: 4h=75.95% | 12h=82.57% | 24h=51.43% | 48h=36.89%
2025-12-25 04:58:28,218 - INFO -   [13/27] 采集 HBAR-USDT-SWAP...
2025-12-25 04:58:28,455 - INFO -     💰 当前价格: $0.11174
2025-12-25 04:58:28,456 - INFO -     📊 位置: 4h=90.24% | 12h=90.93% | 24h=91.9% | 48h=77.56%
2025-12-25 04:58:28,956 - INFO -   [14/27] 采集 XLM-USDT-SWAP...
2025-12-25 04:58:29,182 - INFO -     💰 当前价格: $0.21538
2025-12-25 04:58:29,182 - INFO -     📊 位置: 4h=95.41% | 12h=95.67% | 24h=95.67% | 48h=54.19%
2025-12-25 04:58:29,682 - INFO -   [15/27] 采集 FIL-USDT-SWAP...
2025-12-25 04:58:29,915 - INFO -     💰 当前价格: $1.282
2025-12-25 04:58:29,915 - INFO -     📊 位置: 4h=66.67% | 12h=69.23% | 24h=71.43% | 48h=22.22%
2025-12-25 04:58:30,415 - INFO -   [16/27] 采集 LINK-USDT-SWAP...
2025-12-25 04:58:30,650 - INFO -     💰 当前价格: $12.33
2025-12-25 04:58:30,650 - INFO -     📊 位置: 4h=80.29% | 12h=83.08% | 24h=88.42% | 48h=64.74%
2025-12-25 04:58:31,151 - INFO -   [17/27] 采集 CRO-USDT-SWAP...
2025-12-25 04:58:31,383 - INFO -     💰 当前价格: $0.09436
2025-12-25 04:58:31,384 - INFO -     📊 位置: 4h=99.43% | 12h=99.53% | 24h=99.53% | 48h=59.44%
2025-12-25 04:58:31,884 - INFO -   [18/27] 采集 DOT-USDT-SWAP...
2025-12-25 04:58:32,108 - INFO -     💰 当前价格: $1.744
2025-12-25 04:58:32,108 - INFO -     📊 位置: 4h=65.0% | 12h=81.08% | 24h=85.11% | 48h=48.78%
2025-12-25 04:58:32,609 - INFO -   [19/27] 采集 AAVE-USDT-SWAP...
2025-12-25 04:58:32,837 - INFO -     💰 当前价格: $150.21
2025-12-25 04:58:32,837 - INFO -     📊 位置: 4h=58.61% | 12h=70.73% | 24h=77.58% | 48h=45.57%
2025-12-25 04:58:33,337 - INFO -   [20/27] 采集 UNI-USDT-SWAP...
2025-12-25 04:58:33,570 - INFO -     💰 当前价格: $5.818
2025-12-25 04:58:33,570 - INFO -     📊 位置: 4h=42.03% | 12h=53.78% | 24h=77.85% | 48h=44.36%
2025-12-25 04:58:34,070 - INFO -   [21/27] 采集 NEAR-USDT-SWAP...
2025-12-25 04:58:34,300 - INFO -     💰 当前价格: $1.508
2025-12-25 04:58:34,301 - INFO -     📊 位置: 4h=93.1% | 12h=94.29% | 24h=94.94% | 48h=77.32%
2025-12-25 04:58:34,801 - INFO -   [22/27] 采集 APT-USDT-SWAP...
2025-12-25 04:58:35,027 - INFO -     💰 当前价格: $1.652
2025-12-25 04:58:35,027 - INFO -     📊 位置: 4h=81.4% | 12h=89.47% | 24h=92.59% | 48h=92.59%
2025-12-25 04:58:35,528 - INFO -   [23/27] 采集 CFX-USDT-SWAP...
2025-12-25 04:58:35,765 - INFO -     💰 当前价格: $0.07655
2025-12-25 04:58:35,766 - INFO -     📊 位置: 4h=65.23% | 12h=72.65% | 24h=81.15% | 48h=81.15%
2025-12-25 04:58:36,266 - INFO -   [24/27] 采集 CRV-USDT-SWAP...
2025-12-25 04:58:36,492 - INFO -     💰 当前价格: $0.3811
2025-12-25 04:58:36,492 - INFO -     📊 位置: 4h=63.54% | 12h=67.89% | 24h=82.33% | 48h=82.92%
2025-12-25 04:58:36,993 - INFO -   [25/27] 采集 STX-USDT-SWAP...
2025-12-25 04:58:37,230 - INFO -     💰 当前价格: $0.2527
2025-12-25 04:58:37,230 - INFO -     📊 位置: 4h=98.08% | 12h=98.85% | 24h=99.4% | 48h=99.4%
2025-12-25 04:58:37,731 - INFO -   [26/27] 采集 LDO-USDT-SWAP...
2025-12-25 04:58:37,964 - INFO -     💰 当前价格: $0.558
2025-12-25 04:58:37,965 - INFO -     📊 位置: 4h=92.31% | 12h=94.83% | 24h=96.26% | 48h=96.26%
2025-12-25 04:58:38,465 - INFO -   [27/27] 采集 TAO-USDT-SWAP...
2025-12-25 04:58:38,693 - INFO -     💰 当前价格: $222.9
2025-12-25 04:58:38,693 - INFO -     📊 位置: 4h=80.6% | 12h=86.17% | 24h=92.82% | 48h=92.82%
2025-12-25 04:58:39,200 - INFO - 💾 数据保存成功: 27 个币种
2025-12-25 04:58:39,205 - INFO - 📊 统计数据保存成功:
2025-12-25 04:58:39,205 - INFO -     4h低于1%: 0/27
2025-12-25 04:58:39,205 - INFO -    12h低于1%: 0/27
2025-12-25 04:58:39,206 - INFO -    24h低于1%: 0/27
2025-12-25 04:58:39,206 - INFO -    48h低于1%: 0/27
2025-12-25 04:58:39,206 - INFO - ✅ 数据采集完成: 成功 27/27
2025-12-25 04:58:39,206 - INFO - ⏳ 等待 300 秒后进行下一次采集...

2025-12-25 05:03:00,098 - INFO - ⛔ 收到停止信号，退出采集器
2025-12-25 05:03:00,433 - INFO - ✅ 数据库初始化完成
2025-12-25 05:03:00,434 - INFO - 📊 开始采集位置系统数据...
2025-12-25 05:03:00,434 - INFO - 📋 币种列表: 27 个币种
2025-12-25 05:03:00,444 - INFO -   [1/27] 采集 BTC-USDT-SWAP...
2025-12-25 05:03:00,663 - INFO -     💰 当前价格: $87700.0
2025-12-25 05:03:00,664 - INFO -     📊 位置: 4h=41.05% | 12h=59.91% | 24h=80.15% | 48h=68.08%
2025-12-25 05:03:01,164 - INFO -   [2/27] 采集 ETH-USDT-SWAP...
2025-12-25 05:03:01,398 - INFO -     💰 当前价格: $2941.33
2025-12-25 05:03:01,398 - INFO -     📊 位置: 4h=4.68% | 12h=37.66% | 24h=71.95% | 48h=54.9%
2025-12-25 05:03:01,899 - INFO -   [3/27] 采集 XRP-USDT-SWAP...
2025-12-25 05:03:02,139 - INFO -     💰 当前价格: $1.8727
2025-12-25 05:03:02,140 - INFO -     📊 位置: 4h=85.37% | 12h=93.13% | 24h=89.51% | 48h=53.73%
2025-12-25 05:03:02,640 - INFO -   [4/27] 采集 BNB-USDT-SWAP...
2025-12-25 05:03:02,875 - INFO -     💰 当前价格: $842.9
2025-12-25 05:03:02,875 - INFO -     📊 位置: 4h=2.17% | 12h=1.47% | 24h=55.33% | 48h=45.86%
2025-12-25 05:03:03,375 - INFO -   [5/27] 采集 SOL-USDT-SWAP...
2025-12-25 05:03:03,607 - INFO -     💰 当前价格: $122.58
2025-12-25 05:03:03,607 - INFO -     📊 位置: 4h=27.14% | 12h=52.41% | 24h=70.79% | 48h=40.63%
2025-12-25 05:03:04,108 - INFO -   [6/27] 采集 LTC-USDT-SWAP...
2025-12-25 05:03:04,351 - INFO -     💰 当前价格: $76.24
2025-12-25 05:03:04,351 - INFO -     📊 位置: 4h=71.83% | 12h=81.82% | 24h=66.87% | 48h=39.21%
2025-12-25 05:03:04,852 - INFO -   [7/27] 采集 DOGE-USDT-SWAP...
2025-12-25 05:03:05,093 - INFO -     💰 当前价格: $0.12855
2025-12-25 05:03:05,095 - INFO -     📊 位置: 4h=29.17% | 12h=55.68% | 24h=71.71% | 48h=43.6%
2025-12-25 05:03:05,596 - INFO -   [8/27] 采集 SUI-USDT-SWAP...
2025-12-25 05:03:05,826 - INFO -     💰 当前价格: $1.4173
2025-12-25 05:03:05,826 - INFO -     📊 位置: 4h=62.16% | 12h=51.16% | 24h=73.96% | 48h=43.19%
2025-12-25 05:03:06,327 - INFO -   [9/27] 采集 TRX-USDT-SWAP...
2025-12-25 05:03:06,560 - INFO -     💰 当前价格: $0.28002
2025-12-25 05:03:06,561 - INFO -     📊 位置: 4h=22.86% | 12h=38.34% | 24h=24.05% | 48h=20.37%
2025-12-25 05:03:07,061 - INFO -   [10/27] 采集 TON-USDT-SWAP...
2025-12-25 05:03:07,299 - INFO -     💰 当前价格: $1.546
2025-12-25 05:03:07,299 - INFO -     📊 位置: 4h=96.3% | 12h=97.14% | 24h=97.96% | 48h=98.13%
2025-12-25 05:03:07,800 - INFO -   [11/27] 采集 ETC-USDT-SWAP...
2025-12-25 05:03:08,031 - INFO -     💰 当前价格: $12.06
2025-12-25 05:03:08,031 - INFO -     📊 位置: 4h=50.0% | 12h=66.67% | 24h=80.0% | 48h=66.67%
2025-12-25 05:03:08,532 - INFO -   [12/27] 采集 BCH-USDT-SWAP...
2025-12-25 05:03:08,764 - INFO -     💰 当前价格: $571.4
2025-12-25 05:03:08,764 - INFO -     📊 位置: 4h=63.89% | 12h=76.15% | 24h=47.43% | 48h=34.02%
2025-12-25 05:03:09,265 - INFO -   [13/27] 采集 HBAR-USDT-SWAP...
2025-12-25 05:03:09,501 - INFO -     💰 当前价格: $0.11147
2025-12-25 05:03:09,501 - INFO -     📊 位置: 4h=79.37% | 12h=83.29% | 24h=85.06% | 48h=71.79%
2025-12-25 05:03:10,001 - INFO -   [14/27] 采集 XLM-USDT-SWAP...
2025-12-25 05:03:10,233 - INFO -     💰 当前价格: $0.21518
2025-12-25 05:03:10,234 - INFO -     📊 位置: 4h=88.25% | 12h=91.12% | 24h=91.12% | 48h=51.61%
2025-12-25 05:03:10,734 - INFO -   [15/27] 采集 FIL-USDT-SWAP...
2025-12-25 05:03:10,963 - INFO -     💰 当前价格: $1.28
2025-12-25 05:03:10,963 - INFO -     📊 位置: 4h=54.55% | 12h=61.54% | 24h=64.29% | 48h=20.0%
2025-12-25 05:03:11,463 - INFO -   [16/27] 采集 LINK-USDT-SWAP...
2025-12-25 05:03:11,690 - INFO -     💰 当前价格: $12.318
2025-12-25 05:03:11,691 - INFO -     📊 位置: 4h=64.22% | 12h=78.46% | 24h=85.26% | 48h=62.43%
2025-12-25 05:03:12,191 - INFO -   [17/27] 采集 CRO-USDT-SWAP...
2025-12-25 05:03:12,424 - INFO -     💰 当前价格: $0.09431
2025-12-25 05:03:12,424 - INFO -     📊 位置: 4h=95.83% | 12h=97.21% | 24h=97.21% | 48h=58.06%
2025-12-25 05:03:12,925 - INFO -   [18/27] 采集 DOT-USDT-SWAP...
2025-12-25 05:03:13,154 - INFO -     💰 当前价格: $1.742
2025-12-25 05:03:13,155 - INFO -     📊 位置: 4h=47.06% | 12h=75.68% | 24h=80.85% | 48h=46.34%
2025-12-25 05:03:13,655 - INFO -   [19/27] 采集 AAVE-USDT-SWAP...
2025-12-25 05:03:13,890 - INFO -     💰 当前价格: $149.98
2025-12-25 05:03:13,890 - INFO -     📊 位置: 4h=41.63% | 12h=64.77% | 24h=73.02% | 48h=42.89%
2025-12-25 05:03:14,391 - INFO -   [20/27] 采集 UNI-USDT-SWAP...
2025-12-25 05:03:14,616 - INFO -     💰 当前价格: $5.808
2025-12-25 05:03:14,617 - INFO -     📊 位置: 4h=21.88% | 12h=51.92% | 24h=74.5% | 48h=45.4%
2025-12-25 05:03:15,117 - INFO -   [21/27] 采集 NEAR-USDT-SWAP...
2025-12-25 05:03:15,346 - INFO -     💰 当前价格: $1.505
2025-12-25 05:03:15,347 - INFO -     📊 位置: 4h=86.0% | 12h=90.0% | 24h=91.14% | 48h=74.23%
2025-12-25 05:03:15,847 - INFO -   [22/27] 采集 APT-USDT-SWAP...
2025-12-25 05:03:16,087 - INFO -     💰 当前价格: $1.659
2025-12-25 05:03:16,087 - INFO -     📊 位置: 4h=89.47% | 12h=94.74% | 24h=96.4% | 48h=96.4%
2025-12-25 05:03:16,588 - INFO -   [23/27] 采集 CFX-USDT-SWAP...
2025-12-25 05:03:16,816 - INFO -     💰 当前价格: $0.0761
2025-12-25 05:03:16,816 - INFO -     📊 位置: 4h=42.31% | 12h=64.38% | 24h=76.99% | 48h=76.99%
2025-12-25 05:03:17,316 - INFO -   [24/27] 采集 CRV-USDT-SWAP...
2025-12-25 05:03:17,557 - INFO -     💰 当前价格: $0.3808
2025-12-25 05:03:17,557 - INFO -     📊 位置: 4h=49.33% | 12h=65.14% | 24h=81.03% | 48h=81.67%
2025-12-25 05:03:18,057 - INFO -   [25/27] 采集 STX-USDT-SWAP...
2025-12-25 05:03:18,299 - INFO -     💰 当前价格: $0.2535
2025-12-25 05:03:18,299 - INFO -     📊 位置: 4h=97.92% | 12h=98.95% | 24h=99.43% | 48h=99.43%
2025-12-25 05:03:18,800 - INFO -   [26/27] 采集 LDO-USDT-SWAP...
2025-12-25 05:03:19,033 - INFO -     💰 当前价格: $0.5576
2025-12-25 05:03:19,033 - INFO -     📊 位置: 4h=90.09% | 12h=93.62% | 24h=95.37% | 48h=95.37%
2025-12-25 05:03:19,534 - INFO -   [27/27] 采集 TAO-USDT-SWAP...
2025-12-25 05:03:19,768 - INFO -     💰 当前价格: $222.6
2025-12-25 05:03:19,769 - INFO -     📊 位置: 4h=74.19% | 12h=82.98% | 24h=91.16% | 48h=91.16%
2025-12-25 05:03:20,275 - INFO - 💾 数据保存成功: 27 个币种
2025-12-25 05:03:20,280 - INFO - 📊 统计数据保存成功:
2025-12-25 05:03:20,281 - INFO -     4h低于1%: 0/27
2025-12-25 05:03:20,281 - INFO -    12h低于1%: 0/27
2025-12-25 05:03:20,281 - INFO -    24h低于1%: 0/27
2025-12-25 05:03:20,281 - INFO -    48h低于1%: 0/27
2025-12-25 05:03:20,281 - INFO - ✅ 数据采集完成: 成功 27/27
2025-12-25 05:03:20,281 - INFO - 🚀 位置系统采集器启动，采集间隔: 300秒
2025-12-25 05:03:20,281 - INFO - 📊 开始采集位置系统数据...
2025-12-25 05:03:20,282 - INFO - 📋 币种列表: 27 个币种
2025-12-25 05:03:20,282 - INFO -   [1/27] 采集 BTC-USDT-SWAP...
2025-12-25 05:03:20,524 - INFO -     💰 当前价格: $87696.0
2025-12-25 05:03:20,525 - INFO -     📊 位置: 4h=40.07% | 12h=59.43% | 24h=79.91% | 48h=67.88%
2025-12-25 05:03:21,025 - INFO -   [2/27] 采集 ETH-USDT-SWAP...
2025-12-25 05:03:21,253 - INFO -     💰 当前价格: $2941.14
2025-12-25 05:03:21,254 - INFO -     📊 位置: 4h=3.44% | 12h=37.11% | 24h=71.7% | 48h=54.71%
2025-12-25 05:03:21,754 - INFO -   [3/27] 采集 XRP-USDT-SWAP...
2025-12-25 05:03:21,989 - INFO -     💰 当前价格: $1.8725
2025-12-25 05:03:21,989 - INFO -     📊 位置: 4h=83.74% | 12h=92.37% | 24h=89.02% | 48h=53.44%
2025-12-25 05:03:22,490 - INFO -   [4/27] 采集 BNB-USDT-SWAP...
2025-12-25 05:03:22,717 - INFO -     💰 当前价格: $842.8
2025-12-25 05:03:22,718 - INFO -     📊 位置: 4h=0.0% | 12h=0.0% | 24h=54.67% | 48h=45.3%
2025-12-25 05:03:23,218 - INFO -   [5/27] 采集 SOL-USDT-SWAP...
2025-12-25 05:03:23,447 - INFO -     💰 当前价格: $122.59
2025-12-25 05:03:23,447 - INFO -     📊 位置: 4h=28.57% | 12h=53.01% | 24h=71.13% | 48h=40.83%
2025-12-25 05:03:23,947 - INFO -   [6/27] 采集 LTC-USDT-SWAP...
2025-12-25 05:03:24,189 - INFO -     💰 当前价格: $76.23
2025-12-25 05:03:24,189 - INFO -     📊 位置: 4h=70.42% | 12h=80.91% | 24h=66.26% | 48h=38.85%
2025-12-25 05:03:24,689 - INFO -   [7/27] 采集 DOGE-USDT-SWAP...
2025-12-25 05:03:24,926 - INFO -     💰 当前价格: $0.12852
2025-12-25 05:03:24,927 - INFO -     📊 位置: 4h=25.0% | 12h=53.98% | 24h=70.72% | 48h=43.0%
2025-12-25 05:03:25,427 - INFO -   [8/27] 采集 SUI-USDT-SWAP...
2025-12-25 05:03:25,657 - INFO -     💰 当前价格: $1.4172
2025-12-25 05:03:25,657 - INFO -     📊 位置: 4h=61.26% | 12h=50.7% | 24h=73.71% | 48h=43.04%
2025-12-25 05:03:26,158 - INFO -   [9/27] 采集 TRX-USDT-SWAP...
2025-12-25 05:03:26,390 - INFO -     💰 当前价格: $0.28001
2025-12-25 05:03:26,390 - INFO -     📊 位置: 4h=21.43% | 12h=38.02% | 24h=23.85% | 48h=20.2%
2025-12-25 05:03:26,890 - INFO -   [10/27] 采集 TON-USDT-SWAP...
2025-12-25 05:03:27,128 - INFO -     💰 当前价格: $1.547
2025-12-25 05:03:27,128 - INFO -     📊 位置: 4h=98.15% | 12h=98.57% | 24h=98.98% | 48h=99.07%
2025-12-25 05:03:27,628 - INFO -   [11/27] 采集 ETC-USDT-SWAP...
2025-12-25 05:03:27,984 - INFO -     💰 当前价格: $12.05
2025-12-25 05:03:27,984 - INFO -     📊 位置: 4h=42.86% | 12h=61.9% | 24h=77.14% | 48h=64.29%
2025-12-25 05:03:28,484 - INFO -   [12/27] 采集 BCH-USDT-SWAP...
2025-12-25 05:03:28,718 - INFO -     💰 当前价格: $571.2
2025-12-25 05:03:28,718 - INFO -     📊 位置: 4h=61.11% | 12h=74.31% | 24h=46.29% | 48h=33.2%
2025-12-25 05:03:29,218 - INFO -   [13/27] 采集 HBAR-USDT-SWAP...
2025-12-25 05:03:29,452 - INFO -     💰 当前价格: $0.11147
2025-12-25 05:03:29,452 - INFO -     📊 位置: 4h=79.37% | 12h=83.29% | 24h=85.06% | 48h=71.79%
2025-12-25 05:03:29,952 - INFO -   [14/27] 采集 XLM-USDT-SWAP...
2025-12-25 05:03:30,186 - INFO -     💰 当前价格: $0.21516
2025-12-25 05:03:30,187 - INFO -     📊 位置: 4h=87.65% | 12h=90.66% | 24h=90.66% | 48h=51.35%
2025-12-25 05:03:30,687 - INFO -   [15/27] 采集 FIL-USDT-SWAP...
2025-12-25 05:03:30,913 - INFO -     💰 当前价格: $1.279
2025-12-25 05:03:30,913 - INFO -     📊 位置: 4h=50.0% | 12h=57.69% | 24h=60.71% | 48h=18.89%
2025-12-25 05:03:31,413 - INFO -   [16/27] 采集 LINK-USDT-SWAP...
2025-12-25 05:03:31,641 - INFO -     💰 当前价格: $12.318
2025-12-25 05:03:31,641 - INFO -     📊 位置: 4h=64.22% | 12h=78.46% | 24h=85.26% | 48h=62.43%
2025-12-25 05:03:32,141 - INFO -   [17/27] 采集 CRO-USDT-SWAP...
2025-12-25 05:03:32,365 - INFO -     💰 当前价格: $0.09428
2025-12-25 05:03:32,365 - INFO -     📊 位置: 4h=93.75% | 12h=95.81% | 24h=95.81% | 48h=57.22%
2025-12-25 05:03:32,865 - INFO -   [18/27] 采集 DOT-USDT-SWAP...
2025-12-25 05:03:33,278 - INFO -     💰 当前价格: $1.742
2025-12-25 05:03:33,278 - INFO -     📊 位置: 4h=47.06% | 12h=75.68% | 24h=80.85% | 48h=46.34%
2025-12-25 05:03:33,779 - INFO -   [19/27] 采集 AAVE-USDT-SWAP...
2025-12-25 05:03:34,019 - INFO -     💰 当前价格: $149.95
2025-12-25 05:03:34,020 - INFO -     📊 位置: 4h=40.34% | 12h=63.99% | 24h=72.42% | 48h=42.54%
2025-12-25 05:03:34,520 - INFO -   [20/27] 采集 UNI-USDT-SWAP...
2025-12-25 05:03:34,746 - INFO -     💰 当前价格: $5.806
2025-12-25 05:03:34,747 - INFO -     📊 位置: 4h=18.75% | 12h=50.0% | 24h=73.83% | 48h=44.99%
2025-12-25 05:03:35,247 - INFO -   [21/27] 采集 NEAR-USDT-SWAP...
2025-12-25 05:03:35,485 - INFO -     💰 当前价格: $1.505
2025-12-25 05:03:35,485 - INFO -     📊 位置: 4h=86.0% | 12h=90.0% | 24h=91.14% | 48h=74.23%
2025-12-25 05:03:35,985 - INFO -   [22/27] 采集 APT-USDT-SWAP...
2025-12-25 05:03:36,217 - INFO -     💰 当前价格: $1.659
2025-12-25 05:03:36,218 - INFO -     📊 位置: 4h=89.47% | 12h=94.74% | 24h=96.4% | 48h=96.4%
2025-12-25 05:03:36,718 - INFO -   [23/27] 采集 CFX-USDT-SWAP...
2025-12-25 05:03:36,956 - INFO -     💰 当前价格: $0.07607
2025-12-25 05:03:36,956 - INFO -     📊 位置: 4h=41.15% | 12h=63.95% | 24h=76.71% | 48h=76.71%
2025-12-25 05:03:37,457 - INFO -   [24/27] 采集 CRV-USDT-SWAP...
2025-12-25 05:03:37,756 - INFO -     💰 当前价格: $0.3808
2025-12-25 05:03:37,756 - INFO -     📊 位置: 4h=49.33% | 12h=65.14% | 24h=81.03% | 48h=81.67%
2025-12-25 05:03:38,256 - INFO -   [25/27] 采集 STX-USDT-SWAP...
2025-12-25 05:03:38,485 - INFO -     💰 当前价格: $0.2532
2025-12-25 05:03:38,485 - INFO -     📊 位置: 4h=91.67% | 12h=95.79% | 24h=97.7% | 48h=97.7%
2025-12-25 05:03:38,985 - INFO -   [26/27] 采集 LDO-USDT-SWAP...
2025-12-25 05:03:39,229 - INFO -     💰 当前价格: $0.5578
2025-12-25 05:03:39,229 - INFO -     📊 位置: 4h=91.04% | 12h=94.22% | 24h=95.81% | 48h=95.81%
2025-12-25 05:03:39,729 - INFO -   [27/27] 采集 TAO-USDT-SWAP...
2025-12-25 05:03:39,964 - INFO -     💰 当前价格: $222.6
2025-12-25 05:03:39,964 - INFO -     📊 位置: 4h=74.19% | 12h=82.98% | 24h=91.16% | 48h=91.16%
2025-12-25 05:03:40,472 - INFO - 💾 数据保存成功: 27 个币种
2025-12-25 05:03:40,477 - INFO - 📊 统计数据保存成功:
2025-12-25 05:03:40,477 - INFO -     4h低于1%: 1/27
2025-12-25 05:03:40,477 - INFO -    12h低于1%: 1/27
2025-12-25 05:03:40,477 - INFO -    24h低于1%: 0/27
2025-12-25 05:03:40,477 - INFO -    48h低于1%: 0/27
2025-12-25 05:03:40,478 - INFO - ✅ 数据采集完成: 成功 27/27
2025-12-25 05:03:40,478 - INFO - ⏳ 等待 300 秒后进行下一次采集...

2025-12-25 05:08:00,940 - INFO - ⛔ 收到停止信号，退出采集器
2025-12-25 05:08:01,333 - INFO - ✅ 数据库初始化完成
2025-12-25 05:08:01,333 - INFO - 📊 开始采集位置系统数据...
2025-12-25 05:08:01,333 - INFO - 📋 币种列表: 27 个币种
2025-12-25 05:08:01,348 - INFO -   [1/27] 采集 BTC-USDT-SWAP...
2025-12-25 05:08:01,589 - INFO -     💰 当前价格: $87666.8
2025-12-25 05:08:01,589 - INFO -     📊 位置: 4h=32.89% | 12h=55.93% | 24h=78.18% | 48h=66.4%
2025-12-25 05:08:02,090 - INFO -   [2/27] 采集 ETH-USDT-SWAP...
2025-12-25 05:08:02,333 - INFO -     💰 当前价格: $2940.4
2025-12-25 05:08:02,333 - INFO -     📊 位置: 4h=8.88% | 12h=34.97% | 24h=70.74% | 48h=53.98%
2025-12-25 05:08:02,833 - INFO -   [3/27] 采集 XRP-USDT-SWAP...
2025-12-25 05:08:03,069 - INFO -     💰 当前价格: $1.8703
2025-12-25 05:08:03,070 - INFO -     📊 位置: 4h=65.85% | 12h=83.97% | 24h=83.66% | 48h=50.22%
2025-12-25 05:08:03,570 - INFO -   [4/27] 采集 BNB-USDT-SWAP...
2025-12-25 05:08:03,811 - INFO -     💰 当前价格: $842.0
2025-12-25 05:08:03,811 - INFO -     📊 位置: 4h=5.26% | 12h=3.8% | 24h=49.33% | 48h=40.88%
2025-12-25 05:08:04,312 - INFO -   [5/27] 采集 SOL-USDT-SWAP...
2025-12-25 05:08:04,618 - INFO -     💰 当前价格: $122.4
2025-12-25 05:08:04,618 - INFO -     📊 位置: 4h=1.43% | 12h=41.57% | 24h=64.6% | 48h=37.08%
2025-12-25 05:08:05,119 - INFO -   [6/27] 采集 LTC-USDT-SWAP...
2025-12-25 05:08:05,355 - INFO -     💰 当前价格: $76.13
2025-12-25 05:08:05,355 - INFO -     📊 位置: 4h=56.34% | 12h=71.82% | 24h=60.12% | 48h=35.25%
2025-12-25 05:08:05,856 - INFO -   [7/27] 采集 DOGE-USDT-SWAP...
2025-12-25 05:08:06,087 - INFO -     💰 当前价格: $0.12841
2025-12-25 05:08:06,087 - INFO -     📊 位置: 4h=13.33% | 12h=47.73% | 24h=67.11% | 48h=40.8%
2025-12-25 05:08:06,588 - INFO -   [8/27] 采集 SUI-USDT-SWAP...
2025-12-25 05:08:06,814 - INFO -     💰 当前价格: $1.4154
2025-12-25 05:08:06,814 - INFO -     📊 位置: 4h=45.05% | 12h=42.33% | 24h=69.29% | 48h=40.46%
2025-12-25 05:08:07,315 - INFO -   [9/27] 采集 TRX-USDT-SWAP...
2025-12-25 05:08:07,542 - INFO -     💰 当前价格: $0.2802
2025-12-25 05:08:07,542 - INFO -     📊 位置: 4h=48.57% | 12h=44.09% | 24h=27.66% | 48h=23.43%
2025-12-25 05:08:08,043 - INFO -   [10/27] 采集 TON-USDT-SWAP...
2025-12-25 05:08:08,271 - INFO -     💰 当前价格: $1.548
2025-12-25 05:08:08,271 - INFO -     📊 位置: 4h=100.0% | 12h=100.0% | 24h=100.0% | 48h=100.0%
2025-12-25 05:08:08,771 - INFO -   [11/27] 采集 ETC-USDT-SWAP...
2025-12-25 05:08:09,001 - INFO -     💰 当前价格: $12.04
2025-12-25 05:08:09,002 - INFO -     📊 位置: 4h=35.71% | 12h=57.14% | 24h=74.29% | 48h=61.9%
2025-12-25 05:08:09,502 - INFO -   [12/27] 采集 BCH-USDT-SWAP...
2025-12-25 05:08:09,741 - INFO -     💰 当前价格: $571.6
2025-12-25 05:08:09,741 - INFO -     📊 位置: 4h=66.67% | 12h=77.98% | 24h=48.57% | 48h=34.84%
2025-12-25 05:08:10,241 - INFO -   [13/27] 采集 HBAR-USDT-SWAP...
2025-12-25 05:08:10,480 - INFO -     💰 当前价格: $0.11142
2025-12-25 05:08:10,480 - INFO -     📊 位置: 4h=77.62% | 12h=81.87% | 24h=83.8% | 48h=70.73%
2025-12-25 05:08:10,981 - INFO -   [14/27] 采集 XLM-USDT-SWAP...
2025-12-25 05:08:11,218 - INFO -     💰 当前价格: $0.21512
2025-12-25 05:08:11,218 - INFO -     📊 位置: 4h=86.45% | 12h=89.75% | 24h=89.75% | 48h=50.84%
2025-12-25 05:08:11,719 - INFO -   [15/27] 采集 FIL-USDT-SWAP...
2025-12-25 05:08:11,946 - INFO -     💰 当前价格: $1.28
2025-12-25 05:08:11,946 - INFO -     📊 位置: 4h=54.55% | 12h=61.54% | 24h=64.29% | 48h=20.0%
2025-12-25 05:08:12,446 - INFO -   [16/27] 采集 LINK-USDT-SWAP...
2025-12-25 05:08:12,683 - INFO -     💰 当前价格: $12.304
2025-12-25 05:08:12,683 - INFO -     📊 位置: 4h=51.38% | 12h=73.08% | 24h=81.58% | 48h=59.73%
2025-12-25 05:08:13,184 - INFO -   [17/27] 采集 CRO-USDT-SWAP...
2025-12-25 05:08:13,426 - INFO -     💰 当前价格: $0.09419
2025-12-25 05:08:13,426 - INFO -     📊 位置: 4h=87.5% | 12h=91.63% | 24h=91.63% | 48h=54.72%
2025-12-25 05:08:13,926 - INFO -   [18/27] 采集 DOT-USDT-SWAP...
2025-12-25 05:08:14,174 - INFO -     💰 当前价格: $1.742
2025-12-25 05:08:14,174 - INFO -     📊 位置: 4h=47.06% | 12h=75.68% | 24h=80.85% | 48h=46.34%
2025-12-25 05:08:14,675 - INFO -   [19/27] 采集 AAVE-USDT-SWAP...
2025-12-25 05:08:14,906 - INFO -     💰 当前价格: $150.24
2025-12-25 05:08:14,907 - INFO -     📊 位置: 4h=52.79% | 12h=71.5% | 24h=78.17% | 48h=45.92%
2025-12-25 05:08:15,407 - INFO -   [20/27] 采集 UNI-USDT-SWAP...
2025-12-25 05:08:15,650 - INFO -     💰 当前价格: $5.809
2025-12-25 05:08:15,650 - INFO -     📊 位置: 4h=23.44% | 12h=52.88% | 24h=74.83% | 48h=45.6%
2025-12-25 05:08:16,151 - INFO -   [21/27] 采集 NEAR-USDT-SWAP...
2025-12-25 05:08:16,386 - INFO -     💰 当前价格: $1.506
2025-12-25 05:08:16,386 - INFO -     📊 位置: 4h=88.0% | 12h=91.43% | 24h=92.41% | 48h=75.26%
2025-12-25 05:08:16,886 - INFO -   [22/27] 采集 APT-USDT-SWAP...
2025-12-25 05:08:17,126 - INFO -     💰 当前价格: $1.663
2025-12-25 05:08:17,127 - INFO -     📊 位置: 4h=92.68% | 12h=96.2% | 24h=97.37% | 48h=97.37%
2025-12-25 05:08:17,627 - INFO -   [23/27] 采集 CFX-USDT-SWAP...
2025-12-25 05:08:17,854 - INFO -     💰 当前价格: $0.07594
2025-12-25 05:08:17,854 - INFO -     📊 位置: 4h=36.15% | 12h=62.09% | 24h=75.51% | 48h=75.51%
2025-12-25 05:08:18,354 - INFO -   [24/27] 采集 CRV-USDT-SWAP...
2025-12-25 05:08:18,587 - INFO -     💰 当前价格: $0.38
2025-12-25 05:08:18,588 - INFO -     📊 位置: 4h=38.67% | 12h=57.8% | 24h=77.59% | 48h=78.33%
2025-12-25 05:08:19,088 - INFO -   [25/27] 采集 STX-USDT-SWAP...
2025-12-25 05:08:19,336 - INFO -     💰 当前价格: $0.2535
2025-12-25 05:08:19,336 - INFO -     📊 位置: 4h=97.92% | 12h=98.95% | 24h=99.43% | 48h=99.43%
2025-12-25 05:08:19,837 - INFO -   [26/27] 采集 LDO-USDT-SWAP...
2025-12-25 05:08:20,076 - INFO -     💰 当前价格: $0.5563
2025-12-25 05:08:20,077 - INFO -     📊 位置: 4h=83.96% | 12h=89.67% | 24h=92.51% | 48h=92.51%
2025-12-25 05:08:20,577 - INFO -   [27/27] 采集 TAO-USDT-SWAP...
2025-12-25 05:08:20,821 - INFO -     💰 当前价格: $222.5
2025-12-25 05:08:20,822 - INFO -     📊 位置: 4h=72.58% | 12h=81.91% | 24h=90.61% | 48h=90.61%
2025-12-25 05:08:21,330 - INFO - 💾 数据保存成功: 27 个币种
2025-12-25 05:08:21,332 - INFO - 📊 统计数据保存成功:
2025-12-25 05:08:21,332 - INFO -     4h低于1%: 0/27
2025-12-25 05:08:21,332 - INFO -    12h低于1%: 0/27
2025-12-25 05:08:21,332 - INFO -    24h低于1%: 0/27
2025-12-25 05:08:21,332 - INFO -    48h低于1%: 0/27
2025-12-25 05:08:21,332 - INFO - ✅ 数据采集完成: 成功 27/27
2025-12-25 05:08:21,333 - INFO - 🚀 位置系统采集器启动，采集间隔: 300秒
2025-12-25 05:08:21,333 - INFO - 📊 开始采集位置系统数据...
2025-12-25 05:08:21,333 - INFO - 📋 币种列表: 27 个币种
2025-12-25 05:08:21,333 - INFO -   [1/27] 采集 BTC-USDT-SWAP...
2025-12-25 05:08:21,565 - INFO -     💰 当前价格: $87675.4
2025-12-25 05:08:21,565 - INFO -     📊 位置: 4h=35.0% | 12h=56.96% | 24h=78.69% | 48h=66.84%
2025-12-25 05:08:22,066 - INFO -   [2/27] 采集 ETH-USDT-SWAP...
2025-12-25 05:08:22,301 - INFO -     💰 当前价格: $2940.04
2025-12-25 05:08:22,302 - INFO -     📊 位置: 4h=6.78% | 12h=33.92% | 24h=70.27% | 48h=53.62%
2025-12-25 05:08:22,802 - INFO -   [3/27] 采集 XRP-USDT-SWAP...
2025-12-25 05:08:23,062 - INFO -     💰 当前价格: $1.8707
2025-12-25 05:08:23,062 - INFO -     📊 位置: 4h=69.11% | 12h=85.5% | 24h=84.63% | 48h=50.81%
2025-12-25 05:08:23,563 - INFO -   [4/27] 采集 BNB-USDT-SWAP...
2025-12-25 05:08:23,795 - INFO -     💰 当前价格: $842.0
2025-12-25 05:08:23,795 - INFO -     📊 位置: 4h=5.26% | 12h=3.8% | 24h=49.33% | 48h=40.88%
2025-12-25 05:08:24,295 - INFO -   [5/27] 采集 SOL-USDT-SWAP...
2025-12-25 05:08:24,523 - INFO -     💰 当前价格: $122.41
2025-12-25 05:08:24,523 - INFO -     📊 位置: 4h=2.86% | 12h=42.17% | 24h=64.95% | 48h=37.28%
2025-12-25 05:08:25,023 - INFO -   [6/27] 采集 LTC-USDT-SWAP...
2025-12-25 05:08:25,249 - INFO -     💰 当前价格: $76.14
2025-12-25 05:08:25,249 - INFO -     📊 位置: 4h=57.75% | 12h=72.73% | 24h=60.74% | 48h=35.61%
2025-12-25 05:08:25,750 - INFO -   [7/27] 采集 DOGE-USDT-SWAP...
2025-12-25 05:08:25,989 - INFO -     💰 当前价格: $0.12843
2025-12-25 05:08:25,989 - INFO -     📊 位置: 4h=16.0% | 12h=48.86% | 24h=67.76% | 48h=41.2%
2025-12-25 05:08:26,490 - INFO -   [8/27] 采集 SUI-USDT-SWAP...
2025-12-25 05:08:26,717 - INFO -     💰 当前价格: $1.4157
2025-12-25 05:08:26,717 - INFO -     📊 位置: 4h=47.75% | 12h=43.72% | 24h=70.02% | 48h=40.89%
2025-12-25 05:08:27,217 - INFO -   [9/27] 采集 TRX-USDT-SWAP...
2025-12-25 05:08:27,462 - INFO -     💰 当前价格: $0.28019
2025-12-25 05:08:27,462 - INFO -     📊 位置: 4h=47.14% | 12h=43.77% | 24h=27.45% | 48h=23.26%
2025-12-25 05:08:27,963 - INFO -   [10/27] 采集 TON-USDT-SWAP...
2025-12-25 05:08:28,208 - INFO -     💰 当前价格: $1.547
2025-12-25 05:08:28,208 - INFO -     📊 位置: 4h=98.15% | 12h=98.57% | 24h=98.98% | 48h=99.07%
2025-12-25 05:08:28,709 - INFO -   [11/27] 采集 ETC-USDT-SWAP...
2025-12-25 05:08:28,953 - INFO -     💰 当前价格: $12.05
2025-12-25 05:08:28,954 - INFO -     📊 位置: 4h=42.86% | 12h=61.9% | 24h=77.14% | 48h=64.29%
2025-12-25 05:08:29,454 - INFO -   [12/27] 采集 BCH-USDT-SWAP...
2025-12-25 05:08:29,686 - INFO -     💰 当前价格: $571.6
2025-12-25 05:08:29,687 - INFO -     📊 位置: 4h=66.67% | 12h=77.98% | 24h=48.57% | 48h=34.84%
2025-12-25 05:08:30,187 - INFO -   [13/27] 采集 HBAR-USDT-SWAP...
2025-12-25 05:08:30,422 - INFO -     💰 当前价格: $0.11149
2025-12-25 05:08:30,422 - INFO -     📊 位置: 4h=80.07% | 12h=83.85% | 24h=85.57% | 48h=72.22%
2025-12-25 05:08:30,923 - INFO -   [14/27] 采集 XLM-USDT-SWAP...
2025-12-25 05:08:31,156 - INFO -     💰 当前价格: $0.21512
2025-12-25 05:08:31,156 - INFO -     📊 位置: 4h=86.45% | 12h=89.75% | 24h=89.75% | 48h=50.84%
2025-12-25 05:08:31,656 - INFO -   [15/27] 采集 FIL-USDT-SWAP...
2025-12-25 05:08:31,896 - INFO -     💰 当前价格: $1.279
2025-12-25 05:08:31,896 - INFO -     📊 位置: 4h=50.0% | 12h=57.69% | 24h=60.71% | 48h=18.89%
2025-12-25 05:08:32,397 - INFO -   [16/27] 采集 LINK-USDT-SWAP...
2025-12-25 05:08:32,630 - INFO -     💰 当前价格: $12.301
2025-12-25 05:08:32,630 - INFO -     📊 位置: 4h=48.62% | 12h=71.92% | 24h=80.79% | 48h=59.15%
2025-12-25 05:08:33,130 - INFO -   [17/27] 采集 CRO-USDT-SWAP...
2025-12-25 05:08:33,367 - INFO -     💰 当前价格: $0.09418
2025-12-25 05:08:33,367 - INFO -     📊 位置: 4h=86.81% | 12h=91.16% | 24h=91.16% | 48h=54.44%
2025-12-25 05:08:33,868 - INFO -   [18/27] 采集 DOT-USDT-SWAP...
2025-12-25 05:08:34,101 - INFO -     💰 当前价格: $1.742
2025-12-25 05:08:34,101 - INFO -     📊 位置: 4h=47.06% | 12h=75.68% | 24h=80.85% | 48h=46.34%
2025-12-25 05:08:34,602 - INFO -   [19/27] 采集 AAVE-USDT-SWAP...
2025-12-25 05:08:34,830 - INFO -     💰 当前价格: $150.17
2025-12-25 05:08:34,831 - INFO -     📊 位置: 4h=49.79% | 12h=69.69% | 24h=76.79% | 48h=45.1%
2025-12-25 05:08:35,331 - INFO -   [20/27] 采集 UNI-USDT-SWAP...
2025-12-25 05:08:35,556 - INFO -     💰 当前价格: $5.805
2025-12-25 05:08:35,556 - INFO -     📊 位置: 4h=17.19% | 12h=49.04% | 24h=73.49% | 48h=44.79%
2025-12-25 05:08:36,057 - INFO -   [21/27] 采集 NEAR-USDT-SWAP...
2025-12-25 05:08:36,287 - INFO -     💰 当前价格: $1.506
2025-12-25 05:08:36,288 - INFO -     📊 位置: 4h=88.0% | 12h=91.43% | 24h=92.41% | 48h=75.26%
2025-12-25 05:08:36,788 - INFO -   [22/27] 采集 APT-USDT-SWAP...
2025-12-25 05:08:37,025 - INFO -     💰 当前价格: $1.663
2025-12-25 05:08:37,025 - INFO -     📊 位置: 4h=92.68% | 12h=96.2% | 24h=97.37% | 48h=97.37%
2025-12-25 05:08:37,525 - INFO -   [23/27] 采集 CFX-USDT-SWAP...
2025-12-25 05:08:37,767 - INFO -     💰 当前价格: $0.07595
2025-12-25 05:08:37,767 - INFO -     📊 位置: 4h=36.54% | 12h=62.23% | 24h=75.6% | 48h=75.6%
2025-12-25 05:08:38,267 - INFO -   [24/27] 采集 CRV-USDT-SWAP...
2025-12-25 05:08:38,499 - INFO -     💰 当前价格: $0.3801
2025-12-25 05:08:38,499 - INFO -     📊 位置: 4h=40.0% | 12h=58.72% | 24h=78.02% | 48h=78.75%
2025-12-25 05:08:38,999 - INFO -   [25/27] 采集 STX-USDT-SWAP...
2025-12-25 05:08:39,236 - INFO -     💰 当前价格: $0.2535
2025-12-25 05:08:39,236 - INFO -     📊 位置: 4h=97.92% | 12h=98.95% | 24h=99.43% | 48h=99.43%
2025-12-25 05:08:39,736 - INFO -   [26/27] 采集 LDO-USDT-SWAP...
2025-12-25 05:08:39,973 - INFO -     💰 当前价格: $0.5553
2025-12-25 05:08:39,973 - INFO -     📊 位置: 4h=79.25% | 12h=86.63% | 24h=90.31% | 48h=90.31%
2025-12-25 05:08:40,473 - INFO -   [27/27] 采集 TAO-USDT-SWAP...
2025-12-25 05:08:40,713 - INFO -     💰 当前价格: $222.5
2025-12-25 05:08:40,714 - INFO -     📊 位置: 4h=72.58% | 12h=81.91% | 24h=90.61% | 48h=90.61%
2025-12-25 05:08:41,223 - INFO - 💾 数据保存成功: 27 个币种
2025-12-25 05:08:41,229 - INFO - 📊 统计数据保存成功:
2025-12-25 05:08:41,229 - INFO -     4h低于1%: 0/27
2025-12-25 05:08:41,229 - INFO -    12h低于1%: 0/27
2025-12-25 05:08:41,229 - INFO -    24h低于1%: 0/27
2025-12-25 05:08:41,229 - INFO -    48h低于1%: 0/27
2025-12-25 05:08:41,230 - INFO - ✅ 数据采集完成: 成功 27/27
2025-12-25 05:08:41,230 - INFO - ⏳ 等待 300 秒后进行下一次采集...

2025-12-25 05:13:01,830 - INFO - ⛔ 收到停止信号，退出采集器
2025-12-25 05:13:02,168 - INFO - ✅ 数据库初始化完成
2025-12-25 05:13:02,168 - INFO - 📊 开始采集位置系统数据...
2025-12-25 05:13:02,168 - INFO - 📋 币种列表: 27 个币种
2025-12-25 05:13:02,179 - INFO -   [1/27] 采集 BTC-USDT-SWAP...
2025-12-25 05:13:02,413 - INFO -     💰 当前价格: $87639.6
2025-12-25 05:13:02,414 - INFO -     📊 位置: 4h=26.2% | 12h=52.67% | 24h=76.56% | 48h=65.03%
2025-12-25 05:13:02,914 - INFO -   [2/27] 采集 ETH-USDT-SWAP...
2025-12-25 05:13:03,150 - INFO -     💰 当前价格: $2940.19
2025-12-25 05:13:03,150 - INFO -     📊 位置: 4h=7.65% | 12h=34.36% | 24h=70.46% | 48h=53.77%
2025-12-25 05:13:03,651 - INFO -   [3/27] 采集 XRP-USDT-SWAP...
2025-12-25 05:13:03,885 - INFO -     💰 当前价格: $1.8682
2025-12-25 05:13:03,886 - INFO -     📊 位置: 4h=48.78% | 12h=75.95% | 24h=78.54% | 48h=47.14%
2025-12-25 05:13:04,386 - INFO -   [4/27] 采集 BNB-USDT-SWAP...
2025-12-25 05:13:04,612 - INFO -     💰 当前价格: $841.6
2025-12-25 05:13:04,612 - INFO -     📊 位置: 4h=1.69% | 12h=1.23% | 24h=46.67% | 48h=38.67%
2025-12-25 05:13:05,112 - INFO -   [5/27] 采集 SOL-USDT-SWAP...
2025-12-25 05:13:05,348 - INFO -     💰 当前价格: $122.39
2025-12-25 05:13:05,348 - INFO -     📊 位置: 4h=5.41% | 12h=40.96% | 24h=64.26% | 48h=36.88%
2025-12-25 05:13:05,849 - INFO -   [6/27] 采集 LTC-USDT-SWAP...
2025-12-25 05:13:06,091 - INFO -     💰 当前价格: $76.08
2025-12-25 05:13:06,092 - INFO -     📊 位置: 4h=49.3% | 12h=67.27% | 24h=57.06% | 48h=33.45%
2025-12-25 05:13:06,592 - INFO -   [7/27] 采集 DOGE-USDT-SWAP...
2025-12-25 05:13:06,820 - INFO -     💰 当前价格: $0.12835
2025-12-25 05:13:06,820 - INFO -     📊 位置: 4h=5.33% | 12h=44.32% | 24h=65.13% | 48h=39.6%
2025-12-25 05:13:07,320 - INFO -   [8/27] 采集 SUI-USDT-SWAP...
2025-12-25 05:13:07,560 - INFO -     💰 当前价格: $1.4143
2025-12-25 05:13:07,561 - INFO -     📊 位置: 4h=35.14% | 12h=37.21% | 24h=66.58% | 48h=38.88%
2025-12-25 05:13:08,061 - INFO -   [9/27] 采集 TRX-USDT-SWAP...
2025-12-25 05:13:08,301 - INFO -     💰 当前价格: $0.28014
2025-12-25 05:13:08,301 - INFO -     📊 位置: 4h=40.0% | 12h=42.17% | 24h=26.45% | 48h=22.41%
2025-12-25 05:13:08,801 - INFO -   [10/27] 采集 TON-USDT-SWAP...
2025-12-25 05:13:09,034 - INFO -     💰 当前价格: $1.551
2025-12-25 05:13:09,035 - INFO -     📊 位置: 4h=100.0% | 12h=100.0% | 24h=100.0% | 48h=100.0%
2025-12-25 05:13:09,535 - INFO -   [11/27] 采集 ETC-USDT-SWAP...
2025-12-25 05:13:09,766 - INFO -     💰 当前价格: $12.04
2025-12-25 05:13:09,766 - INFO -     📊 位置: 4h=35.71% | 12h=57.14% | 24h=74.29% | 48h=61.9%
2025-12-25 05:13:10,267 - INFO -   [12/27] 采集 BCH-USDT-SWAP...
2025-12-25 05:13:10,499 - INFO -     💰 当前价格: $571.5
2025-12-25 05:13:10,499 - INFO -     📊 位置: 4h=65.28% | 12h=77.06% | 24h=48.0% | 48h=34.43%
2025-12-25 05:13:10,999 - INFO -   [13/27] 采集 HBAR-USDT-SWAP...
2025-12-25 05:13:11,234 - INFO -     💰 当前价格: $0.11144
2025-12-25 05:13:11,234 - INFO -     📊 位置: 4h=78.32% | 12h=82.44% | 24h=84.3% | 48h=71.15%
2025-12-25 05:13:11,734 - INFO -   [14/27] 采集 XLM-USDT-SWAP...
2025-12-25 05:13:11,972 - INFO -     💰 当前价格: $0.21483
2025-12-25 05:13:11,973 - INFO -     📊 位置: 4h=77.71% | 12h=83.14% | 24h=83.14% | 48h=47.1%
2025-12-25 05:13:12,473 - INFO -   [15/27] 采集 FIL-USDT-SWAP...
2025-12-25 05:13:12,710 - INFO -     💰 当前价格: $1.28
2025-12-25 05:13:12,710 - INFO -     📊 位置: 4h=54.55% | 12h=61.54% | 24h=64.29% | 48h=20.0%
2025-12-25 05:13:13,210 - INFO -   [16/27] 采集 LINK-USDT-SWAP...
2025-12-25 05:13:13,444 - INFO -     💰 当前价格: $12.3
2025-12-25 05:13:13,444 - INFO -     📊 位置: 4h=47.71% | 12h=71.54% | 24h=80.53% | 48h=58.96%
2025-12-25 05:13:13,945 - INFO -   [17/27] 采集 CRO-USDT-SWAP...
2025-12-25 05:13:14,177 - INFO -     💰 当前价格: $0.09416
2025-12-25 05:13:14,178 - INFO -     📊 位置: 4h=85.42% | 12h=90.23% | 24h=90.23% | 48h=53.89%
2025-12-25 05:13:14,678 - INFO -   [18/27] 采集 DOT-USDT-SWAP...
2025-12-25 05:13:14,905 - INFO -     💰 当前价格: $1.742
2025-12-25 05:13:14,905 - INFO -     📊 位置: 4h=47.06% | 12h=75.68% | 24h=80.85% | 48h=46.34%
2025-12-25 05:13:15,406 - INFO -   [19/27] 采集 AAVE-USDT-SWAP...
2025-12-25 05:13:15,645 - INFO -     💰 当前价格: $150.32
2025-12-25 05:13:15,645 - INFO -     📊 位置: 4h=56.22% | 12h=73.58% | 24h=79.76% | 48h=46.85%
2025-12-25 05:13:16,146 - INFO -   [20/27] 采集 UNI-USDT-SWAP...
2025-12-25 05:13:16,384 - INFO -     💰 当前价格: $5.804
2025-12-25 05:13:16,384 - INFO -     📊 位置: 4h=15.63% | 12h=48.08% | 24h=73.15% | 48h=44.58%
2025-12-25 05:13:16,884 - INFO -   [21/27] 采集 NEAR-USDT-SWAP...
2025-12-25 05:13:17,118 - INFO -     💰 当前价格: $1.503
2025-12-25 05:13:17,118 - INFO -     📊 位置: 4h=82.0% | 12h=87.14% | 24h=88.61% | 48h=72.16%
2025-12-25 05:13:17,619 - INFO -   [22/27] 采集 APT-USDT-SWAP...
2025-12-25 05:13:17,861 - INFO -     💰 当前价格: $1.672
2025-12-25 05:13:17,861 - INFO -     📊 位置: 4h=95.92% | 12h=97.7% | 24h=98.36% | 48h=98.36%
2025-12-25 05:13:18,361 - INFO -   [23/27] 采集 CFX-USDT-SWAP...
2025-12-25 05:13:18,594 - INFO -     💰 当前价格: $0.07627
2025-12-25 05:13:18,595 - INFO -     📊 位置: 4h=48.85% | 12h=66.81% | 24h=78.56% | 48h=78.56%
2025-12-25 05:13:19,095 - INFO -   [24/27] 采集 CRV-USDT-SWAP...
2025-12-25 05:13:19,335 - INFO -     💰 当前价格: $0.3797
2025-12-25 05:13:19,335 - INFO -     📊 位置: 4h=34.67% | 12h=55.05% | 24h=76.29% | 48h=77.08%
2025-12-25 05:13:19,835 - INFO -   [25/27] 采集 STX-USDT-SWAP...
2025-12-25 05:13:20,069 - INFO -     💰 当前价格: $0.2533
2025-12-25 05:13:20,069 - INFO -     📊 位置: 4h=93.75% | 12h=96.84% | 24h=98.28% | 48h=98.28%
2025-12-25 05:13:20,569 - INFO -   [26/27] 采集 LDO-USDT-SWAP...
2025-12-25 05:13:20,797 - INFO -     💰 当前价格: $0.5562
2025-12-25 05:13:20,798 - INFO -     📊 位置: 4h=83.49% | 12h=89.36% | 24h=92.29% | 48h=92.29%
2025-12-25 05:13:21,298 - INFO -   [27/27] 采集 TAO-USDT-SWAP...
2025-12-25 05:13:21,533 - INFO -     💰 当前价格: $222.4
2025-12-25 05:13:21,533 - INFO -     📊 位置: 4h=70.97% | 12h=80.85% | 24h=90.06% | 48h=90.06%
2025-12-25 05:13:22,040 - INFO - 💾 数据保存成功: 27 个币种
2025-12-25 05:13:22,044 - INFO - 📊 统计数据保存成功:
2025-12-25 05:13:22,045 - INFO -     4h低于1%: 0/27
2025-12-25 05:13:22,045 - INFO -    12h低于1%: 0/27
2025-12-25 05:13:22,045 - INFO -    24h低于1%: 0/27
2025-12-25 05:13:22,045 - INFO -    48h低于1%: 0/27
2025-12-25 05:13:22,045 - INFO - ✅ 数据采集完成: 成功 27/27
2025-12-25 05:13:22,045 - INFO - 🚀 位置系统采集器启动，采集间隔: 300秒
2025-12-25 05:13:22,046 - INFO - 📊 开始采集位置系统数据...
2025-12-25 05:13:22,046 - INFO - 📋 币种列表: 27 个币种
2025-12-25 05:13:22,046 - INFO -   [1/27] 采集 BTC-USDT-SWAP...
2025-12-25 05:13:22,278 - INFO -     💰 当前价格: $87612.9
2025-12-25 05:13:22,278 - INFO -     📊 位置: 4h=19.64% | 12h=49.47% | 24h=74.98% | 48h=63.69%
2025-12-25 05:13:22,778 - INFO -   [2/27] 采集 ETH-USDT-SWAP...
2025-12-25 05:13:23,008 - INFO -     💰 当前价格: $2939.36
2025-12-25 05:13:23,009 - INFO -     📊 位置: 4h=2.8% | 12h=31.95% | 24h=69.38% | 48h=52.94%
2025-12-25 05:13:23,509 - INFO -   [3/27] 采集 XRP-USDT-SWAP...
2025-12-25 05:13:23,751 - INFO -     💰 当前价格: $1.8681
2025-12-25 05:13:23,751 - INFO -     📊 位置: 4h=47.97% | 12h=75.57% | 24h=78.29% | 48h=47.0%
2025-12-25 05:13:24,251 - INFO -   [4/27] 采集 BNB-USDT-SWAP...
2025-12-25 05:13:24,484 - INFO -     💰 当前价格: $841.5
2025-12-25 05:13:24,484 - INFO -     📊 位置: 4h=0.0% | 12h=0.0% | 24h=46.0% | 48h=38.12%
2025-12-25 05:13:24,984 - INFO -   [5/27] 采集 SOL-USDT-SWAP...
2025-12-25 05:13:25,226 - INFO -     💰 当前价格: $122.36
2025-12-25 05:13:25,227 - INFO -     📊 位置: 4h=1.35% | 12h=39.16% | 24h=63.23% | 48h=36.29%
2025-12-25 05:13:25,727 - INFO -   [6/27] 采集 LTC-USDT-SWAP...
2025-12-25 05:13:25,955 - INFO -     💰 当前价格: $76.08
2025-12-25 05:13:25,955 - INFO -     📊 位置: 4h=49.3% | 12h=67.27% | 24h=57.06% | 48h=33.45%
2025-12-25 05:13:26,456 - INFO -   [7/27] 采集 DOGE-USDT-SWAP...
2025-12-25 05:13:26,689 - INFO -     💰 当前价格: $0.12831
2025-12-25 05:13:26,689 - INFO -     📊 位置: 4h=0.0% | 12h=42.05% | 24h=63.82% | 48h=38.8%
2025-12-25 05:13:27,189 - INFO -   [8/27] 采集 SUI-USDT-SWAP...
2025-12-25 05:13:27,428 - INFO -     💰 当前价格: $1.4136
2025-12-25 05:13:27,428 - INFO -     📊 位置: 4h=28.83% | 12h=33.95% | 24h=64.86% | 48h=37.88%
2025-12-25 05:13:27,929 - INFO -   [9/27] 采集 TRX-USDT-SWAP...
2025-12-25 05:13:28,164 - INFO -     💰 当前价格: $0.28014
2025-12-25 05:13:28,164 - INFO -     📊 位置: 4h=40.0% | 12h=42.17% | 24h=26.45% | 48h=22.41%
2025-12-25 05:13:28,665 - INFO -   [10/27] 采集 TON-USDT-SWAP...
2025-12-25 05:13:28,891 - INFO -     💰 当前价格: $1.551
2025-12-25 05:13:28,891 - INFO -     📊 位置: 4h=100.0% | 12h=100.0% | 24h=100.0% | 48h=100.0%
2025-12-25 05:13:29,392 - INFO -   [11/27] 采集 ETC-USDT-SWAP...
2025-12-25 05:13:29,627 - INFO -     💰 当前价格: $12.04
2025-12-25 05:13:29,627 - INFO -     📊 位置: 4h=35.71% | 12h=57.14% | 24h=74.29% | 48h=61.9%
2025-12-25 05:13:30,127 - INFO -   [12/27] 采集 BCH-USDT-SWAP...
2025-12-25 05:13:30,365 - INFO -     💰 当前价格: $571.1
2025-12-25 05:13:30,366 - INFO -     📊 位置: 4h=59.72% | 12h=73.39% | 24h=45.71% | 48h=32.79%
2025-12-25 05:13:30,866 - INFO -   [13/27] 采集 HBAR-USDT-SWAP...
2025-12-25 05:13:31,105 - INFO -     💰 当前价格: $0.11144
2025-12-25 05:13:31,105 - INFO -     📊 位置: 4h=78.32% | 12h=82.44% | 24h=84.3% | 48h=71.15%
2025-12-25 05:13:31,606 - INFO -   [14/27] 采集 XLM-USDT-SWAP...
2025-12-25 05:13:31,853 - INFO -     💰 当前价格: $0.21483
2025-12-25 05:13:31,853 - INFO -     📊 位置: 4h=77.71% | 12h=83.14% | 24h=83.14% | 48h=47.1%
2025-12-25 05:13:32,353 - INFO -   [15/27] 采集 FIL-USDT-SWAP...
2025-12-25 05:13:32,587 - INFO -     💰 当前价格: $1.279
2025-12-25 05:13:32,588 - INFO -     📊 位置: 4h=50.0% | 12h=57.69% | 24h=60.71% | 48h=18.89%
2025-12-25 05:13:33,088 - INFO -   [16/27] 采集 LINK-USDT-SWAP...
2025-12-25 05:13:33,324 - INFO -     💰 当前价格: $12.29
2025-12-25 05:13:33,324 - INFO -     📊 位置: 4h=38.53% | 12h=67.69% | 24h=77.89% | 48h=57.03%
2025-12-25 05:13:33,825 - INFO -   [17/27] 采集 CRO-USDT-SWAP...
2025-12-25 05:13:34,059 - INFO -     💰 当前价格: $0.09413
2025-12-25 05:13:34,059 - INFO -     📊 位置: 4h=83.33% | 12h=88.84% | 24h=88.84% | 48h=53.06%
2025-12-25 05:13:34,559 - INFO -   [18/27] 采集 DOT-USDT-SWAP...
2025-12-25 05:13:34,804 - INFO -     💰 当前价格: $1.742
2025-12-25 05:13:34,804 - INFO -     📊 位置: 4h=47.06% | 12h=75.68% | 24h=80.85% | 48h=46.34%
2025-12-25 05:13:35,305 - INFO -   [19/27] 采集 AAVE-USDT-SWAP...
2025-12-25 05:13:35,536 - INFO -     💰 当前价格: $150.26
2025-12-25 05:13:35,536 - INFO -     📊 位置: 4h=53.65% | 12h=72.02% | 24h=78.57% | 48h=46.15%
2025-12-25 05:13:36,036 - INFO -   [20/27] 采集 UNI-USDT-SWAP...
2025-12-25 05:13:36,269 - INFO -     💰 当前价格: $5.804
2025-12-25 05:13:36,269 - INFO -     📊 位置: 4h=15.63% | 12h=48.08% | 24h=73.15% | 48h=44.58%
2025-12-25 05:13:36,770 - INFO -   [21/27] 采集 NEAR-USDT-SWAP...
2025-12-25 05:13:37,002 - INFO -     💰 当前价格: $1.503
2025-12-25 05:13:37,003 - INFO -     📊 位置: 4h=82.0% | 12h=87.14% | 24h=88.61% | 48h=72.16%
2025-12-25 05:13:37,503 - INFO -   [22/27] 采集 APT-USDT-SWAP...
2025-12-25 05:13:37,728 - INFO -     💰 当前价格: $1.672
2025-12-25 05:13:37,729 - INFO -     📊 位置: 4h=95.92% | 12h=97.7% | 24h=98.36% | 48h=98.36%
2025-12-25 05:13:38,229 - INFO -   [23/27] 采集 CFX-USDT-SWAP...
2025-12-25 05:13:38,468 - INFO -     💰 当前价格: $0.076
2025-12-25 05:13:38,469 - INFO -     📊 位置: 4h=38.46% | 12h=62.95% | 24h=76.06% | 48h=76.06%
2025-12-25 05:13:38,969 - INFO -   [24/27] 采集 CRV-USDT-SWAP...
2025-12-25 05:13:39,202 - INFO -     💰 当前价格: $0.3796
2025-12-25 05:13:39,202 - INFO -     📊 位置: 4h=33.33% | 12h=54.13% | 24h=75.86% | 48h=76.67%
2025-12-25 05:13:39,702 - INFO -   [25/27] 采集 STX-USDT-SWAP...
2025-12-25 05:13:39,965 - INFO -     💰 当前价格: $0.2533
2025-12-25 05:13:39,965 - INFO -     📊 位置: 4h=93.75% | 12h=96.84% | 24h=98.28% | 48h=98.28%
2025-12-25 05:13:40,465 - INFO -   [26/27] 采集 LDO-USDT-SWAP...
2025-12-25 05:13:40,694 - INFO -     💰 当前价格: $0.5563
2025-12-25 05:13:40,694 - INFO -     📊 位置: 4h=83.96% | 12h=89.67% | 24h=92.51% | 48h=92.51%
2025-12-25 05:13:41,195 - INFO -   [27/27] 采集 TAO-USDT-SWAP...
2025-12-25 05:13:41,427 - INFO -     💰 当前价格: $222.4
2025-12-25 05:13:41,427 - INFO -     📊 位置: 4h=70.97% | 12h=80.85% | 24h=90.06% | 48h=90.06%
2025-12-25 05:13:41,931 - INFO - 💾 数据保存成功: 27 个币种
2025-12-25 05:13:41,933 - INFO - 📊 统计数据保存成功:
2025-12-25 05:13:41,933 - INFO -     4h低于1%: 2/27
2025-12-25 05:13:41,933 - INFO -    12h低于1%: 1/27
2025-12-25 05:13:41,933 - INFO -    24h低于1%: 0/27
2025-12-25 05:13:41,933 - INFO -    48h低于1%: 0/27
2025-12-25 05:13:41,934 - INFO - ✅ 数据采集完成: 成功 27/27
2025-12-25 05:13:41,934 - INFO - ⏳ 等待 300 秒后进行下一次采集...

2025-12-25 05:18:02,642 - INFO - ⛔ 收到停止信号，退出采集器
2025-12-25 05:18:02,982 - INFO - ✅ 数据库初始化完成
2025-12-25 05:18:02,982 - INFO - 📊 开始采集位置系统数据...
2025-12-25 05:18:02,982 - INFO - 📋 币种列表: 27 个币种
2025-12-25 05:18:02,993 - INFO -   [1/27] 采集 BTC-USDT-SWAP...
2025-12-25 05:18:03,224 - INFO -     💰 当前价格: $87663.3
2025-12-25 05:18:03,224 - INFO -     📊 位置: 4h=32.03% | 12h=55.51% | 24h=77.97% | 48h=66.23%
2025-12-25 05:18:03,725 - INFO -   [2/27] 采集 ETH-USDT-SWAP...
2025-12-25 05:18:03,954 - INFO -     💰 当前价格: $2940.67
2025-12-25 05:18:03,954 - INFO -     📊 位置: 4h=20.57% | 12h=35.75% | 24h=71.09% | 48h=54.25%
2025-12-25 05:18:04,454 - INFO -   [3/27] 采集 XRP-USDT-SWAP...
2025-12-25 05:18:04,681 - INFO -     💰 当前价格: $1.8691
2025-12-25 05:18:04,681 - INFO -     📊 位置: 4h=56.1% | 12h=79.39% | 24h=80.73% | 48h=48.46%
2025-12-25 05:18:05,181 - INFO -   [4/27] 采集 BNB-USDT-SWAP...
2025-12-25 05:18:05,416 - INFO -     💰 当前价格: $841.7
2025-12-25 05:18:05,417 - INFO -     📊 位置: 4h=3.39% | 12h=2.47% | 24h=47.33% | 48h=39.23%
2025-12-25 05:18:05,917 - INFO -   [5/27] 采集 SOL-USDT-SWAP...
2025-12-25 05:18:06,150 - INFO -     💰 当前价格: $122.44
2025-12-25 05:18:06,150 - INFO -     📊 位置: 4h=13.33% | 12h=43.98% | 24h=65.98% | 48h=37.87%
2025-12-25 05:18:06,651 - INFO -   [6/27] 采集 LTC-USDT-SWAP...
2025-12-25 05:18:06,886 - INFO -     💰 当前价格: $76.11
2025-12-25 05:18:06,887 - INFO -     📊 位置: 4h=53.52% | 12h=70.0% | 24h=58.9% | 48h=34.53%
2025-12-25 05:18:07,387 - INFO -   [7/27] 采集 DOGE-USDT-SWAP...
2025-12-25 05:18:07,629 - INFO -     💰 当前价格: $0.1284
2025-12-25 05:18:07,630 - INFO -     📊 位置: 4h=12.0% | 12h=47.16% | 24h=66.78% | 48h=40.6%
2025-12-25 05:18:08,130 - INFO -   [8/27] 采集 SUI-USDT-SWAP...
2025-12-25 05:18:08,361 - INFO -     💰 当前价格: $1.4148
2025-12-25 05:18:08,361 - INFO -     📊 位置: 4h=39.64% | 12h=39.53% | 24h=67.81% | 48h=39.6%
2025-12-25 05:18:08,862 - INFO -   [9/27] 采集 TRX-USDT-SWAP...
2025-12-25 05:18:09,093 - INFO -     💰 当前价格: $0.28023
2025-12-25 05:18:09,093 - INFO -     📊 位置: 4h=52.86% | 12h=45.05% | 24h=28.26% | 48h=23.94%
2025-12-25 05:18:09,593 - INFO -   [10/27] 采集 TON-USDT-SWAP...
2025-12-25 05:18:09,831 - INFO -     💰 当前价格: $1.555
2025-12-25 05:18:09,831 - INFO -     📊 位置: 4h=100.0% | 12h=100.0% | 24h=100.0% | 48h=100.0%
2025-12-25 05:18:10,331 - INFO -   [11/27] 采集 ETC-USDT-SWAP...
2025-12-25 05:18:10,570 - INFO -     💰 当前价格: $12.04
2025-12-25 05:18:10,570 - INFO -     📊 位置: 4h=35.71% | 12h=57.14% | 24h=74.29% | 48h=61.9%
2025-12-25 05:18:11,071 - INFO -   [12/27] 采集 BCH-USDT-SWAP...
2025-12-25 05:18:11,305 - INFO -     💰 当前价格: $571.5
2025-12-25 05:18:11,305 - INFO -     📊 位置: 4h=65.28% | 12h=77.06% | 24h=48.0% | 48h=34.43%
2025-12-25 05:18:11,806 - INFO -   [13/27] 采集 HBAR-USDT-SWAP...
2025-12-25 05:18:12,034 - INFO -     💰 当前价格: $0.11155
2025-12-25 05:18:12,034 - INFO -     📊 位置: 4h=82.17% | 12h=85.55% | 24h=87.09% | 48h=73.5%
2025-12-25 05:18:12,535 - INFO -   [14/27] 采集 XLM-USDT-SWAP...
2025-12-25 05:18:12,762 - INFO -     💰 当前价格: $0.21462
2025-12-25 05:18:12,763 - INFO -     📊 位置: 4h=71.39% | 12h=78.36% | 24h=78.36% | 48h=44.39%
2025-12-25 05:18:13,263 - INFO -   [15/27] 采集 FIL-USDT-SWAP...
2025-12-25 05:18:13,496 - INFO -     💰 当前价格: $1.28
2025-12-25 05:18:13,496 - INFO -     📊 位置: 4h=54.55% | 12h=61.54% | 24h=64.29% | 48h=20.0%
2025-12-25 05:18:13,997 - INFO -   [16/27] 采集 LINK-USDT-SWAP...
2025-12-25 05:18:14,229 - INFO -     💰 当前价格: $12.296
2025-12-25 05:18:14,229 - INFO -     📊 位置: 4h=44.04% | 12h=70.0% | 24h=79.47% | 48h=58.19%
2025-12-25 05:18:14,730 - INFO -   [17/27] 采集 CRO-USDT-SWAP...
2025-12-25 05:18:15,014 - INFO -     💰 当前价格: $0.0942
2025-12-25 05:18:15,014 - INFO -     📊 位置: 4h=88.19% | 12h=92.09% | 24h=92.09% | 48h=55.0%
2025-12-25 05:18:15,514 - INFO -   [18/27] 采集 DOT-USDT-SWAP...
2025-12-25 05:18:15,759 - INFO -     💰 当前价格: $1.74
2025-12-25 05:18:15,759 - INFO -     📊 位置: 4h=35.29% | 12h=70.27% | 24h=76.6% | 48h=43.9%
2025-12-25 05:18:16,259 - INFO -   [19/27] 采集 AAVE-USDT-SWAP...
2025-12-25 05:18:16,493 - INFO -     💰 当前价格: $150.6
2025-12-25 05:18:16,493 - INFO -     📊 位置: 4h=68.24% | 12h=80.83% | 24h=85.32% | 48h=50.12%
2025-12-25 05:18:16,993 - INFO -   [20/27] 采集 UNI-USDT-SWAP...
2025-12-25 05:18:17,223 - INFO -     💰 当前价格: $5.801
2025-12-25 05:18:17,223 - INFO -     📊 位置: 4h=10.94% | 12h=45.19% | 24h=72.15% | 48h=43.97%
2025-12-25 05:18:17,724 - INFO -   [21/27] 采集 NEAR-USDT-SWAP...
2025-12-25 05:18:17,960 - INFO -     💰 当前价格: $1.503
2025-12-25 05:18:17,961 - INFO -     📊 位置: 4h=82.0% | 12h=87.14% | 24h=88.61% | 48h=72.16%
2025-12-25 05:18:18,461 - INFO -   [22/27] 采集 APT-USDT-SWAP...
2025-12-25 05:18:18,693 - INFO -     💰 当前价格: $1.675
2025-12-25 05:18:18,693 - INFO -     📊 位置: 4h=84.75% | 12h=90.72% | 24h=93.18% | 48h=93.18%
2025-12-25 05:18:19,194 - INFO -   [23/27] 采集 CFX-USDT-SWAP...
2025-12-25 05:18:19,422 - INFO -     💰 当前价格: $0.07613
2025-12-25 05:18:19,423 - INFO -     📊 位置: 4h=43.46% | 12h=64.81% | 24h=77.26% | 48h=77.26%
2025-12-25 05:18:19,923 - INFO -   [24/27] 采集 CRV-USDT-SWAP...
2025-12-25 05:18:20,161 - INFO -     💰 当前价格: $0.3796
2025-12-25 05:18:20,162 - INFO -     📊 位置: 4h=33.33% | 12h=54.13% | 24h=75.86% | 48h=76.67%
2025-12-25 05:18:20,662 - INFO -   [25/27] 采集 STX-USDT-SWAP...
2025-12-25 05:18:20,888 - INFO -     💰 当前价格: $0.2533
2025-12-25 05:18:20,889 - INFO -     📊 位置: 4h=93.75% | 12h=96.84% | 24h=98.28% | 48h=98.28%
2025-12-25 05:18:21,389 - INFO -   [26/27] 采集 LDO-USDT-SWAP...
2025-12-25 05:18:21,627 - INFO -     💰 当前价格: $0.5578
2025-12-25 05:18:21,627 - INFO -     📊 位置: 4h=91.04% | 12h=94.22% | 24h=95.81% | 48h=95.81%
2025-12-25 05:18:22,128 - INFO -   [27/27] 采集 TAO-USDT-SWAP...
2025-12-25 05:18:22,369 - INFO -     💰 当前价格: $222.8
2025-12-25 05:18:22,369 - INFO -     📊 位置: 4h=77.42% | 12h=85.11% | 24h=92.27% | 48h=92.27%
2025-12-25 05:18:22,876 - INFO - 💾 数据保存成功: 27 个币种
2025-12-25 05:18:22,881 - INFO - 📊 统计数据保存成功:
2025-12-25 05:18:22,881 - INFO -     4h低于1%: 0/27
2025-12-25 05:18:22,881 - INFO -    12h低于1%: 0/27
2025-12-25 05:18:22,881 - INFO -    24h低于1%: 0/27
2025-12-25 05:18:22,881 - INFO -    48h低于1%: 0/27
2025-12-25 05:18:22,881 - INFO - ✅ 数据采集完成: 成功 27/27
2025-12-25 05:18:22,882 - INFO - 🚀 位置系统采集器启动，采集间隔: 300秒
2025-12-25 05:18:22,882 - INFO - 📊 开始采集位置系统数据...
2025-12-25 05:18:22,882 - INFO - 📋 币种列表: 27 个币种
2025-12-25 05:18:22,882 - INFO -   [1/27] 采集 BTC-USDT-SWAP...
2025-12-25 05:18:23,111 - INFO -     💰 当前价格: $87663.3
2025-12-25 05:18:23,111 - INFO -     📊 位置: 4h=32.03% | 12h=55.51% | 24h=77.97% | 48h=66.23%
2025-12-25 05:18:23,612 - INFO -   [2/27] 采集 ETH-USDT-SWAP...
2025-12-25 05:18:23,839 - INFO -     💰 当前价格: $2941.0
2025-12-25 05:18:23,839 - INFO -     📊 位置: 4h=22.28% | 12h=36.7% | 24h=71.52% | 48h=54.58%
2025-12-25 05:18:24,339 - INFO -   [3/27] 采集 XRP-USDT-SWAP...
2025-12-25 05:18:24,573 - INFO -     💰 当前价格: $1.8688
2025-12-25 05:18:24,573 - INFO -     📊 位置: 4h=53.66% | 12h=78.24% | 24h=80.0% | 48h=48.02%
2025-12-25 05:18:25,073 - INFO -   [4/27] 采集 BNB-USDT-SWAP...
2025-12-25 05:18:25,303 - INFO -     💰 当前价格: $841.6
2025-12-25 05:18:25,303 - INFO -     📊 位置: 4h=1.69% | 12h=1.23% | 24h=46.67% | 48h=38.67%
2025-12-25 05:18:25,804 - INFO -   [5/27] 采集 SOL-USDT-SWAP...
2025-12-25 05:18:26,028 - INFO -     💰 当前价格: $122.43
2025-12-25 05:18:26,028 - INFO -     📊 位置: 4h=12.0% | 12h=43.37% | 24h=65.64% | 48h=37.67%
2025-12-25 05:18:26,529 - INFO -   [6/27] 采集 LTC-USDT-SWAP...
2025-12-25 05:18:26,762 - INFO -     💰 当前价格: $76.12
2025-12-25 05:18:26,762 - INFO -     📊 位置: 4h=54.93% | 12h=70.91% | 24h=59.51% | 48h=34.89%
2025-12-25 05:18:27,262 - INFO -   [7/27] 采集 DOGE-USDT-SWAP...
2025-12-25 05:18:27,506 - INFO -     💰 当前价格: $0.12841
2025-12-25 05:18:27,506 - INFO -     📊 位置: 4h=13.33% | 12h=47.73% | 24h=67.11% | 48h=40.8%
2025-12-25 05:18:28,006 - INFO -   [8/27] 采集 SUI-USDT-SWAP...
2025-12-25 05:18:28,235 - INFO -     💰 当前价格: $1.415
2025-12-25 05:18:28,235 - INFO -     📊 位置: 4h=41.44% | 12h=40.47% | 24h=68.3% | 48h=39.89%
2025-12-25 05:18:28,735 - INFO -   [9/27] 采集 TRX-USDT-SWAP...
2025-12-25 05:18:28,967 - INFO -     💰 当前价格: $0.28023
2025-12-25 05:18:28,967 - INFO -     📊 位置: 4h=52.86% | 12h=45.05% | 24h=28.26% | 48h=23.94%
2025-12-25 05:18:29,467 - INFO -   [10/27] 采集 TON-USDT-SWAP...
2025-12-25 05:18:29,690 - INFO -     💰 当前价格: $1.555
2025-12-25 05:18:29,691 - INFO -     📊 位置: 4h=100.0% | 12h=100.0% | 24h=100.0% | 48h=100.0%
2025-12-25 05:18:30,191 - INFO -   [11/27] 采集 ETC-USDT-SWAP...
2025-12-25 05:18:30,435 - INFO -     💰 当前价格: $12.04
2025-12-25 05:18:30,436 - INFO -     📊 位置: 4h=35.71% | 12h=57.14% | 24h=74.29% | 48h=61.9%
2025-12-25 05:18:30,936 - INFO -   [12/27] 采集 BCH-USDT-SWAP...
2025-12-25 05:18:31,172 - INFO -     💰 当前价格: $571.3
2025-12-25 05:18:31,172 - INFO -     📊 位置: 4h=62.5% | 12h=75.23% | 24h=46.86% | 48h=33.61%
2025-12-25 05:18:31,672 - INFO -   [13/27] 采集 HBAR-USDT-SWAP...
2025-12-25 05:18:31,954 - INFO -     💰 当前价格: $0.11154
2025-12-25 05:18:31,954 - INFO -     📊 位置: 4h=81.82% | 12h=85.27% | 24h=86.84% | 48h=73.29%
2025-12-25 05:18:32,455 - INFO -   [14/27] 采集 XLM-USDT-SWAP...
2025-12-25 05:18:32,693 - INFO -     💰 当前价格: $0.21462
2025-12-25 05:18:32,693 - INFO -     📊 位置: 4h=71.39% | 12h=78.36% | 24h=78.36% | 48h=44.39%
2025-12-25 05:18:33,193 - INFO -   [15/27] 采集 FIL-USDT-SWAP...
2025-12-25 05:18:33,431 - INFO -     💰 当前价格: $1.28
2025-12-25 05:18:33,431 - INFO -     📊 位置: 4h=54.55% | 12h=61.54% | 24h=64.29% | 48h=20.0%
2025-12-25 05:18:33,931 - INFO -   [16/27] 采集 LINK-USDT-SWAP...
2025-12-25 05:18:34,163 - INFO -     💰 当前价格: $12.296
2025-12-25 05:18:34,164 - INFO -     📊 位置: 4h=44.04% | 12h=70.0% | 24h=79.47% | 48h=58.19%
2025-12-25 05:18:34,664 - INFO -   [17/27] 采集 CRO-USDT-SWAP...
2025-12-25 05:18:34,892 - INFO -     💰 当前价格: $0.09421
2025-12-25 05:18:34,893 - INFO -     📊 位置: 4h=88.89% | 12h=92.56% | 24h=92.56% | 48h=55.28%
2025-12-25 05:18:35,393 - INFO -   [18/27] 采集 DOT-USDT-SWAP...
2025-12-25 05:18:35,626 - INFO -     💰 当前价格: $1.74
2025-12-25 05:18:35,626 - INFO -     📊 位置: 4h=35.29% | 12h=70.27% | 24h=76.6% | 48h=43.9%
2025-12-25 05:18:36,126 - INFO -   [19/27] 采集 AAVE-USDT-SWAP...
2025-12-25 05:18:36,361 - INFO -     💰 当前价格: $150.6
2025-12-25 05:18:36,361 - INFO -     📊 位置: 4h=68.24% | 12h=80.83% | 24h=85.32% | 48h=50.12%
2025-12-25 05:18:36,861 - INFO -   [20/27] 采集 UNI-USDT-SWAP...
2025-12-25 05:18:37,095 - INFO -     💰 当前价格: $5.801
2025-12-25 05:18:37,095 - INFO -     📊 位置: 4h=10.94% | 12h=45.19% | 24h=72.15% | 48h=43.97%
2025-12-25 05:18:37,595 - INFO -   [21/27] 采集 NEAR-USDT-SWAP...
2025-12-25 05:18:37,832 - INFO -     💰 当前价格: $1.503
2025-12-25 05:18:37,832 - INFO -     📊 位置: 4h=82.0% | 12h=87.14% | 24h=88.61% | 48h=72.16%
2025-12-25 05:18:38,332 - INFO -   [22/27] 采集 APT-USDT-SWAP...
2025-12-25 05:18:38,576 - INFO -     💰 当前价格: $1.675
2025-12-25 05:18:38,576 - INFO -     📊 位置: 4h=84.75% | 12h=90.72% | 24h=93.18% | 48h=93.18%
2025-12-25 05:18:39,077 - INFO -   [23/27] 采集 CFX-USDT-SWAP...
2025-12-25 05:18:39,315 - INFO -     💰 当前价格: $0.07613
2025-12-25 05:18:39,316 - INFO -     📊 位置: 4h=43.46% | 12h=64.81% | 24h=77.26% | 48h=77.26%
2025-12-25 05:18:39,816 - INFO -   [24/27] 采集 CRV-USDT-SWAP...
2025-12-25 05:18:40,052 - INFO -     💰 当前价格: $0.3796
2025-12-25 05:18:40,052 - INFO -     📊 位置: 4h=33.33% | 12h=54.13% | 24h=75.86% | 48h=76.67%
2025-12-25 05:18:40,552 - INFO -   [25/27] 采集 STX-USDT-SWAP...
2025-12-25 05:18:40,786 - INFO -     💰 当前价格: $0.2533
2025-12-25 05:18:40,787 - INFO -     📊 位置: 4h=93.75% | 12h=96.84% | 24h=98.28% | 48h=98.28%
2025-12-25 05:18:41,287 - INFO -   [26/27] 采集 LDO-USDT-SWAP...
2025-12-25 05:18:41,516 - INFO -     💰 当前价格: $0.5575
2025-12-25 05:18:41,516 - INFO -     📊 位置: 4h=89.62% | 12h=93.31% | 24h=95.15% | 48h=95.15%
2025-12-25 05:18:42,016 - INFO -   [27/27] 采集 TAO-USDT-SWAP...
2025-12-25 05:18:42,262 - INFO -     💰 当前价格: $222.8
2025-12-25 05:18:42,262 - INFO -     📊 位置: 4h=77.42% | 12h=85.11% | 24h=92.27% | 48h=92.27%
2025-12-25 05:18:42,769 - INFO - 💾 数据保存成功: 27 个币种
2025-12-25 05:18:42,774 - INFO - 📊 统计数据保存成功:
2025-12-25 05:18:42,775 - INFO -     4h低于1%: 0/27
2025-12-25 05:18:42,775 - INFO -    12h低于1%: 0/27
2025-12-25 05:18:42,775 - INFO -    24h低于1%: 0/27
2025-12-25 05:18:42,775 - INFO -    48h低于1%: 0/27
2025-12-25 05:18:42,775 - INFO - ✅ 数据采集完成: 成功 27/27
2025-12-25 05:18:42,775 - INFO - ⏳ 等待 300 秒后进行下一次采集...

2025-12-25 05:23:03,523 - INFO - ⛔ 收到停止信号，退出采集器
2025-12-25 05:23:03,863 - INFO - ✅ 数据库初始化完成
2025-12-25 05:23:03,864 - INFO - 📊 开始采集位置系统数据...
2025-12-25 05:23:03,864 - INFO - 📋 币种列表: 27 个币种
2025-12-25 05:23:03,874 - INFO -   [1/27] 采集 BTC-USDT-SWAP...
2025-12-25 05:23:04,098 - INFO -     💰 当前价格: $87655.0
2025-12-25 05:23:04,098 - INFO -     📊 位置: 4h=29.99% | 12h=54.52% | 24h=77.48% | 48h=65.81%
2025-12-25 05:23:04,599 - INFO -   [2/27] 采集 ETH-USDT-SWAP...
2025-12-25 05:23:04,825 - INFO -     💰 当前价格: $2939.58
2025-12-25 05:23:04,825 - INFO -     📊 位置: 4h=14.92% | 12h=32.59% | 24h=69.67% | 48h=53.16%
2025-12-25 05:23:05,325 - INFO -   [3/27] 采集 XRP-USDT-SWAP...
2025-12-25 05:23:05,558 - INFO -     💰 当前价格: $1.87
2025-12-25 05:23:05,558 - INFO -     📊 位置: 4h=63.41% | 12h=82.82% | 24h=82.93% | 48h=49.78%
2025-12-25 05:23:06,059 - INFO -   [4/27] 采集 BNB-USDT-SWAP...
2025-12-25 05:23:06,304 - INFO -     💰 当前价格: $842.2
2025-12-25 05:23:06,304 - INFO -     📊 位置: 4h=11.86% | 12h=8.64% | 24h=50.67% | 48h=41.99%
2025-12-25 05:23:06,804 - INFO -   [5/27] 采集 SOL-USDT-SWAP...
2025-12-25 05:23:07,039 - INFO -     💰 当前价格: $122.41
2025-12-25 05:23:07,039 - INFO -     📊 位置: 4h=9.33% | 12h=42.17% | 24h=64.95% | 48h=37.28%
2025-12-25 05:23:07,540 - INFO -   [6/27] 采集 LTC-USDT-SWAP...
2025-12-25 05:23:07,775 - INFO -     💰 当前价格: $76.15
2025-12-25 05:23:07,775 - INFO -     📊 位置: 4h=59.15% | 12h=73.64% | 24h=61.35% | 48h=35.97%
2025-12-25 05:23:08,276 - INFO -   [7/27] 采集 DOGE-USDT-SWAP...
2025-12-25 05:23:08,513 - INFO -     💰 当前价格: $0.1283
2025-12-25 05:23:08,513 - INFO -     📊 位置: 4h=0.0% | 12h=41.48% | 24h=63.49% | 48h=38.6%
2025-12-25 05:23:09,014 - INFO -   [8/27] 采集 SUI-USDT-SWAP...
2025-12-25 05:23:09,245 - INFO -     💰 当前价格: $1.4147
2025-12-25 05:23:09,245 - INFO -     📊 位置: 4h=38.74% | 12h=39.07% | 24h=67.57% | 48h=39.45%
2025-12-25 05:23:09,746 - INFO -   [9/27] 采集 TRX-USDT-SWAP...
2025-12-25 05:23:09,976 - INFO -     💰 当前价格: $0.28034
2025-12-25 05:23:09,976 - INFO -     📊 位置: 4h=68.57% | 12h=48.56% | 24h=30.46% | 48h=25.81%
2025-12-25 05:23:10,476 - INFO -   [10/27] 采集 TON-USDT-SWAP...
2025-12-25 05:23:10,710 - INFO -     💰 当前价格: $1.559
2025-12-25 05:23:10,710 - INFO -     📊 位置: 4h=98.48% | 12h=98.78% | 24h=99.09% | 48h=99.16%
2025-12-25 05:23:11,210 - INFO -   [11/27] 采集 ETC-USDT-SWAP...
2025-12-25 05:23:11,441 - INFO -     💰 当前价格: $12.04
2025-12-25 05:23:11,441 - INFO -     📊 位置: 4h=35.71% | 12h=57.14% | 24h=74.29% | 48h=61.9%
2025-12-25 05:23:11,942 - INFO -   [12/27] 采集 BCH-USDT-SWAP...
2025-12-25 05:23:12,178 - INFO -     💰 当前价格: $572.4
2025-12-25 05:23:12,178 - INFO -     📊 位置: 4h=77.78% | 12h=85.32% | 24h=53.14% | 48h=38.11%
2025-12-25 05:23:12,678 - INFO -   [13/27] 采集 HBAR-USDT-SWAP...
2025-12-25 05:23:12,913 - INFO -     💰 当前价格: $0.11159
2025-12-25 05:23:12,914 - INFO -     📊 位置: 4h=83.57% | 12h=86.69% | 24h=88.1% | 48h=74.36%
2025-12-25 05:23:13,414 - INFO -   [14/27] 采集 XLM-USDT-SWAP...
2025-12-25 05:23:13,650 - INFO -     💰 当前价格: $0.21481
2025-12-25 05:23:13,650 - INFO -     📊 位置: 4h=77.11% | 12h=82.69% | 24h=82.69% | 48h=46.84%
2025-12-25 05:23:14,151 - INFO -   [15/27] 采集 FIL-USDT-SWAP...
2025-12-25 05:23:14,387 - INFO -     💰 当前价格: $1.28
2025-12-25 05:23:14,387 - INFO -     📊 位置: 4h=54.55% | 12h=61.54% | 24h=64.29% | 48h=20.0%
2025-12-25 05:23:14,887 - INFO -   [16/27] 采集 LINK-USDT-SWAP...
2025-12-25 05:23:15,130 - INFO -     💰 当前价格: $12.289
2025-12-25 05:23:15,130 - INFO -     📊 位置: 4h=37.61% | 12h=67.31% | 24h=77.63% | 48h=56.84%
2025-12-25 05:23:15,631 - INFO -   [17/27] 采集 CRO-USDT-SWAP...
2025-12-25 05:23:15,864 - INFO -     💰 当前价格: $0.09417
2025-12-25 05:23:15,864 - INFO -     📊 位置: 4h=86.11% | 12h=90.7% | 24h=90.7% | 48h=54.17%
2025-12-25 05:23:16,364 - INFO -   [18/27] 采集 DOT-USDT-SWAP...
2025-12-25 05:23:16,596 - INFO -     💰 当前价格: $1.741
2025-12-25 05:23:16,596 - INFO -     📊 位置: 4h=41.18% | 12h=72.97% | 24h=78.72% | 48h=45.12%
2025-12-25 05:23:17,097 - INFO -   [19/27] 采集 AAVE-USDT-SWAP...
2025-12-25 05:23:17,329 - INFO -     💰 当前价格: $150.55
2025-12-25 05:23:17,329 - INFO -     📊 位置: 4h=66.09% | 12h=79.53% | 24h=84.33% | 48h=49.53%
2025-12-25 05:23:17,829 - INFO -   [20/27] 采集 UNI-USDT-SWAP...
2025-12-25 05:23:18,058 - INFO -     💰 当前价格: $5.798
2025-12-25 05:23:18,059 - INFO -     📊 位置: 4h=6.25% | 12h=42.31% | 24h=71.14% | 48h=43.35%
2025-12-25 05:23:18,559 - INFO -   [21/27] 采集 NEAR-USDT-SWAP...
2025-12-25 05:23:18,791 - INFO -     💰 当前价格: $1.502
2025-12-25 05:23:18,791 - INFO -     📊 位置: 4h=80.0% | 12h=85.71% | 24h=87.34% | 48h=71.13%
2025-12-25 05:23:19,292 - INFO -   [22/27] 采集 APT-USDT-SWAP...
2025-12-25 05:23:19,536 - INFO -     💰 当前价格: $1.679
2025-12-25 05:23:19,537 - INFO -     📊 位置: 4h=91.53% | 12h=94.85% | 24h=96.21% | 48h=96.21%
2025-12-25 05:23:20,037 - INFO -   [23/27] 采集 CFX-USDT-SWAP...
2025-12-25 05:23:20,266 - INFO -     💰 当前价格: $0.07609
2025-12-25 05:23:20,266 - INFO -     📊 位置: 4h=41.92% | 12h=64.23% | 24h=76.89% | 48h=76.89%
2025-12-25 05:23:20,767 - INFO -   [24/27] 采集 CRV-USDT-SWAP...
2025-12-25 05:23:21,006 - INFO -     💰 当前价格: $0.3802
2025-12-25 05:23:21,006 - INFO -     📊 位置: 4h=41.33% | 12h=59.63% | 24h=78.45% | 48h=79.17%
2025-12-25 05:23:21,506 - INFO -   [25/27] 采集 STX-USDT-SWAP...
2025-12-25 05:23:21,749 - INFO -     💰 当前价格: $0.2534
2025-12-25 05:23:21,750 - INFO -     📊 位置: 4h=95.83% | 12h=97.89% | 24h=98.85% | 48h=98.85%
2025-12-25 05:23:22,250 - INFO -   [26/27] 采集 LDO-USDT-SWAP...
2025-12-25 05:23:22,485 - INFO -     💰 当前价格: $0.5594
2025-12-25 05:23:22,486 - INFO -     📊 位置: 4h=92.07% | 12h=94.77% | 24h=96.16% | 48h=96.16%
2025-12-25 05:23:22,986 - INFO -   [27/27] 采集 TAO-USDT-SWAP...
2025-12-25 05:23:23,228 - INFO -     💰 当前价格: $222.1
2025-12-25 05:23:23,228 - INFO -     📊 位置: 4h=66.13% | 12h=77.66% | 24h=88.4% | 48h=88.4%
2025-12-25 05:23:23,735 - INFO - 💾 数据保存成功: 27 个币种
2025-12-25 05:23:23,739 - INFO - 📊 统计数据保存成功:
2025-12-25 05:23:23,740 - INFO -     4h低于1%: 1/27
2025-12-25 05:23:23,740 - INFO -    12h低于1%: 0/27
2025-12-25 05:23:23,740 - INFO -    24h低于1%: 0/27
2025-12-25 05:23:23,740 - INFO -    48h低于1%: 0/27
2025-12-25 05:23:23,740 - INFO - ✅ 数据采集完成: 成功 27/27
2025-12-25 05:23:23,740 - INFO - 🚀 位置系统采集器启动，采集间隔: 300秒
2025-12-25 05:23:23,740 - INFO - 📊 开始采集位置系统数据...
2025-12-25 05:23:23,741 - INFO - 📋 币种列表: 27 个币种
2025-12-25 05:23:23,741 - INFO -   [1/27] 采集 BTC-USDT-SWAP...
2025-12-25 05:23:23,972 - INFO -     💰 当前价格: $87655.0
2025-12-25 05:23:23,973 - INFO -     📊 位置: 4h=29.99% | 12h=54.52% | 24h=77.48% | 48h=65.81%
2025-12-25 05:23:24,473 - INFO -   [2/27] 采集 ETH-USDT-SWAP...
2025-12-25 05:23:24,717 - INFO -     💰 当前价格: $2940.01
2025-12-25 05:23:24,717 - INFO -     📊 位置: 4h=17.15% | 12h=33.84% | 24h=70.23% | 48h=53.59%
2025-12-25 05:23:25,217 - INFO -   [3/27] 采集 XRP-USDT-SWAP...
2025-12-25 05:23:25,441 - INFO -     💰 当前价格: $1.8693
2025-12-25 05:23:25,441 - INFO -     📊 位置: 4h=57.72% | 12h=80.15% | 24h=81.22% | 48h=48.76%
2025-12-25 05:23:25,942 - INFO -   [4/27] 采集 BNB-USDT-SWAP...
2025-12-25 05:23:26,177 - INFO -     💰 当前价格: $842.2
2025-12-25 05:23:26,178 - INFO -     📊 位置: 4h=11.86% | 12h=8.64% | 24h=50.67% | 48h=41.99%
2025-12-25 05:23:26,678 - INFO -   [5/27] 采集 SOL-USDT-SWAP...
2025-12-25 05:23:26,912 - INFO -     💰 当前价格: $122.4
2025-12-25 05:23:26,913 - INFO -     📊 位置: 4h=8.0% | 12h=41.57% | 24h=64.6% | 48h=37.08%
2025-12-25 05:23:27,413 - INFO -   [6/27] 采集 LTC-USDT-SWAP...
2025-12-25 05:23:27,647 - INFO -     💰 当前价格: $76.13
2025-12-25 05:23:27,648 - INFO -     📊 位置: 4h=56.34% | 12h=71.82% | 24h=60.12% | 48h=35.25%
2025-12-25 05:23:28,148 - INFO -   [7/27] 采集 DOGE-USDT-SWAP...
2025-12-25 05:23:28,382 - INFO -     💰 当前价格: $0.12833
2025-12-25 05:23:28,382 - INFO -     📊 位置: 4h=3.95% | 12h=43.18% | 24h=64.47% | 48h=39.2%
2025-12-25 05:23:28,883 - INFO -   [8/27] 采集 SUI-USDT-SWAP...
2025-12-25 05:23:29,117 - INFO -     💰 当前价格: $1.4147
2025-12-25 05:23:29,117 - INFO -     📊 位置: 4h=38.74% | 12h=39.07% | 24h=67.57% | 48h=39.45%
2025-12-25 05:23:29,618 - INFO -   [9/27] 采集 TRX-USDT-SWAP...
2025-12-25 05:23:29,849 - INFO -     💰 当前价格: $0.28034
2025-12-25 05:23:29,849 - INFO -     📊 位置: 4h=68.57% | 12h=48.56% | 24h=30.46% | 48h=25.81%
2025-12-25 05:23:30,349 - INFO -   [10/27] 采集 TON-USDT-SWAP...
2025-12-25 05:23:30,585 - INFO -     💰 当前价格: $1.56
2025-12-25 05:23:30,586 - INFO -     📊 位置: 4h=98.51% | 12h=98.8% | 24h=99.1% | 48h=99.17%
2025-12-25 05:23:31,086 - INFO -   [11/27] 采集 ETC-USDT-SWAP...
2025-12-25 05:23:31,318 - INFO -     💰 当前价格: $12.04
2025-12-25 05:23:31,318 - INFO -     📊 位置: 4h=35.71% | 12h=57.14% | 24h=74.29% | 48h=61.9%
2025-12-25 05:23:31,819 - INFO -   [12/27] 采集 BCH-USDT-SWAP...
2025-12-25 05:23:32,057 - INFO -     💰 当前价格: $572.3
2025-12-25 05:23:32,057 - INFO -     📊 位置: 4h=76.39% | 12h=84.4% | 24h=52.57% | 48h=37.7%
2025-12-25 05:23:32,557 - INFO -   [13/27] 采集 HBAR-USDT-SWAP...
2025-12-25 05:23:32,784 - INFO -     💰 当前价格: $0.11154
2025-12-25 05:23:32,784 - INFO -     📊 位置: 4h=81.82% | 12h=85.27% | 24h=86.84% | 48h=73.29%
2025-12-25 05:23:33,284 - INFO -   [14/27] 采集 XLM-USDT-SWAP...
2025-12-25 05:23:33,517 - INFO -     💰 当前价格: $0.21481
2025-12-25 05:23:33,517 - INFO -     📊 位置: 4h=77.11% | 12h=82.69% | 24h=82.69% | 48h=46.84%
2025-12-25 05:23:34,018 - INFO -   [15/27] 采集 FIL-USDT-SWAP...
2025-12-25 05:23:34,251 - INFO -     💰 当前价格: $1.28
2025-12-25 05:23:34,251 - INFO -     📊 位置: 4h=54.55% | 12h=61.54% | 24h=64.29% | 48h=20.0%
2025-12-25 05:23:34,752 - INFO -   [16/27] 采集 LINK-USDT-SWAP...
2025-12-25 05:23:34,987 - INFO -     💰 当前价格: $12.29
2025-12-25 05:23:34,987 - INFO -     📊 位置: 4h=38.53% | 12h=67.69% | 24h=77.89% | 48h=57.03%
2025-12-25 05:23:35,487 - INFO -   [17/27] 采集 CRO-USDT-SWAP...
2025-12-25 05:23:35,720 - INFO -     💰 当前价格: $0.09417
2025-12-25 05:23:35,721 - INFO -     📊 位置: 4h=86.11% | 12h=90.7% | 24h=90.7% | 48h=54.17%
2025-12-25 05:23:36,221 - INFO -   [18/27] 采集 DOT-USDT-SWAP...
2025-12-25 05:23:36,450 - INFO -     💰 当前价格: $1.741
2025-12-25 05:23:36,451 - INFO -     📊 位置: 4h=41.18% | 12h=72.97% | 24h=78.72% | 48h=45.12%
2025-12-25 05:23:36,952 - INFO -   [19/27] 采集 AAVE-USDT-SWAP...
2025-12-25 05:23:37,192 - INFO -     💰 当前价格: $150.54
2025-12-25 05:23:37,192 - INFO -     📊 位置: 4h=65.67% | 12h=79.27% | 24h=84.13% | 48h=49.42%
2025-12-25 05:23:37,693 - INFO -   [20/27] 采集 UNI-USDT-SWAP...
2025-12-25 05:23:37,931 - INFO -     💰 当前价格: $5.798
2025-12-25 05:23:37,932 - INFO -     📊 位置: 4h=6.25% | 12h=42.31% | 24h=71.14% | 48h=43.35%
2025-12-25 05:23:38,432 - INFO -   [21/27] 采集 NEAR-USDT-SWAP...
2025-12-25 05:23:38,676 - INFO -     💰 当前价格: $1.502
2025-12-25 05:23:38,677 - INFO -     📊 位置: 4h=80.0% | 12h=85.71% | 24h=87.34% | 48h=71.13%
2025-12-25 05:23:39,177 - INFO -   [22/27] 采集 APT-USDT-SWAP...
2025-12-25 05:23:39,415 - INFO -     💰 当前价格: $1.679
2025-12-25 05:23:39,415 - INFO -     📊 位置: 4h=91.53% | 12h=94.85% | 24h=96.21% | 48h=96.21%
2025-12-25 05:23:39,916 - INFO -   [23/27] 采集 CFX-USDT-SWAP...
2025-12-25 05:23:40,149 - INFO -     💰 当前价格: $0.076
2025-12-25 05:23:40,150 - INFO -     📊 位置: 4h=38.46% | 12h=62.95% | 24h=76.06% | 48h=76.06%
2025-12-25 05:23:40,650 - INFO -   [24/27] 采集 CRV-USDT-SWAP...
2025-12-25 05:23:40,882 - INFO -     💰 当前价格: $0.3802
2025-12-25 05:23:40,882 - INFO -     📊 位置: 4h=41.33% | 12h=59.63% | 24h=78.45% | 48h=79.17%
2025-12-25 05:23:41,382 - INFO -   [25/27] 采集 STX-USDT-SWAP...
2025-12-25 05:23:41,623 - INFO -     💰 当前价格: $0.2534
2025-12-25 05:23:41,623 - INFO -     📊 位置: 4h=95.83% | 12h=97.89% | 24h=98.85% | 48h=98.85%
2025-12-25 05:23:42,124 - INFO -   [26/27] 采集 LDO-USDT-SWAP...
2025-12-25 05:23:42,346 - INFO -     💰 当前价格: $0.5595
2025-12-25 05:23:42,346 - INFO -     📊 位置: 4h=92.51% | 12h=95.06% | 24h=96.38% | 48h=96.38%
2025-12-25 05:23:42,847 - INFO -   [27/27] 采集 TAO-USDT-SWAP...
2025-12-25 05:23:43,083 - INFO -     💰 当前价格: $222.1
2025-12-25 05:23:43,083 - INFO -     📊 位置: 4h=66.13% | 12h=77.66% | 24h=88.4% | 48h=88.4%
2025-12-25 05:23:43,590 - INFO - 💾 数据保存成功: 27 个币种
2025-12-25 05:23:43,594 - INFO - 📊 统计数据保存成功:
2025-12-25 05:23:43,595 - INFO -     4h低于1%: 0/27
2025-12-25 05:23:43,595 - INFO -    12h低于1%: 0/27
2025-12-25 05:23:43,595 - INFO -    24h低于1%: 0/27
2025-12-25 05:23:43,595 - INFO -    48h低于1%: 0/27
2025-12-25 05:23:43,595 - INFO - ✅ 数据采集完成: 成功 27/27
2025-12-25 05:23:43,595 - INFO - ⏳ 等待 300 秒后进行下一次采集...

2025-12-25 05:28:04,418 - INFO - ⛔ 收到停止信号，退出采集器
2025-12-25 05:28:04,787 - INFO - ✅ 数据库初始化完成
2025-12-25 05:28:04,787 - INFO - 📊 开始采集位置系统数据...
2025-12-25 05:28:04,787 - INFO - 📋 币种列表: 27 个币种
2025-12-25 05:28:04,801 - INFO -   [1/27] 采集 BTC-USDT-SWAP...
2025-12-25 05:28:05,025 - INFO -     💰 当前价格: $87670.7
2025-12-25 05:28:05,026 - INFO -     📊 位置: 4h=33.85% | 12h=56.4% | 24h=78.41% | 48h=66.6%
2025-12-25 05:28:05,527 - INFO -   [2/27] 采集 ETH-USDT-SWAP...
2025-12-25 05:28:05,758 - INFO -     💰 当前价格: $2941.02
2025-12-25 05:28:05,758 - INFO -     📊 位置: 4h=22.38% | 12h=36.76% | 24h=71.55% | 48h=54.6%
2025-12-25 05:28:06,259 - INFO -   [3/27] 采集 XRP-USDT-SWAP...
2025-12-25 05:28:06,493 - INFO -     💰 当前价格: $1.8696
2025-12-25 05:28:06,494 - INFO -     📊 位置: 4h=60.16% | 12h=81.3% | 24h=81.95% | 48h=49.19%
2025-12-25 05:28:06,994 - INFO -   [4/27] 采集 BNB-USDT-SWAP...
2025-12-25 05:28:07,228 - INFO -     💰 当前价格: $842.3
2025-12-25 05:28:07,228 - INFO -     📊 位置: 4h=13.56% | 12h=9.88% | 24h=51.33% | 48h=42.54%
2025-12-25 05:28:07,729 - INFO -   [5/27] 采集 SOL-USDT-SWAP...
2025-12-25 05:28:07,968 - INFO -     💰 当前价格: $122.45
2025-12-25 05:28:07,968 - INFO -     📊 位置: 4h=14.67% | 12h=44.58% | 24h=66.32% | 48h=38.07%
2025-12-25 05:28:08,468 - INFO -   [6/27] 采集 LTC-USDT-SWAP...
2025-12-25 05:28:08,711 - INFO -     💰 当前价格: $76.14
2025-12-25 05:28:08,712 - INFO -     📊 位置: 4h=57.75% | 12h=72.73% | 24h=60.74% | 48h=35.61%
2025-12-25 05:28:09,212 - INFO -   [7/27] 采集 DOGE-USDT-SWAP...
2025-12-25 05:28:09,441 - INFO -     💰 当前价格: $0.12838
2025-12-25 05:28:09,441 - INFO -     📊 位置: 4h=18.07% | 12h=46.02% | 24h=66.12% | 48h=40.2%
2025-12-25 05:28:09,941 - INFO -   [8/27] 采集 SUI-USDT-SWAP...
2025-12-25 05:28:10,261 - INFO -     💰 当前价格: $1.4153
2025-12-25 05:28:10,261 - INFO -     📊 位置: 4h=44.14% | 12h=41.86% | 24h=69.04% | 48h=40.32%
2025-12-25 05:28:10,761 - INFO -   [9/27] 采集 TRX-USDT-SWAP...
2025-12-25 05:28:10,995 - INFO -     💰 当前价格: $0.2803
2025-12-25 05:28:10,995 - INFO -     📊 位置: 4h=62.86% | 12h=47.28% | 24h=29.66% | 48h=25.13%
2025-12-25 05:28:11,495 - INFO -   [10/27] 采集 TON-USDT-SWAP...
2025-12-25 05:28:11,731 - INFO -     💰 当前价格: $1.563
2025-12-25 05:28:11,732 - INFO -     📊 位置: 4h=98.57% | 12h=98.84% | 24h=99.12% | 48h=99.19%
2025-12-25 05:28:12,232 - INFO -   [11/27] 采集 ETC-USDT-SWAP...
2025-12-25 05:28:12,469 - INFO -     💰 当前价格: $12.05
2025-12-25 05:28:12,470 - INFO -     📊 位置: 4h=42.86% | 12h=61.9% | 24h=77.14% | 48h=64.29%
2025-12-25 05:28:12,970 - INFO -   [12/27] 采集 BCH-USDT-SWAP...
2025-12-25 05:28:13,201 - INFO -     💰 当前价格: $572.1
2025-12-25 05:28:13,201 - INFO -     📊 位置: 4h=73.61% | 12h=82.57% | 24h=51.43% | 48h=36.89%
2025-12-25 05:28:13,702 - INFO -   [13/27] 采集 HBAR-USDT-SWAP...
2025-12-25 05:28:13,930 - INFO -     💰 当前价格: $0.11179
2025-12-25 05:28:13,930 - INFO -     📊 位置: 4h=90.56% | 12h=92.35% | 24h=93.16% | 48h=78.63%
2025-12-25 05:28:14,431 - INFO -   [14/27] 采集 XLM-USDT-SWAP...
2025-12-25 05:28:14,657 - INFO -     💰 当前价格: $0.21496
2025-12-25 05:28:14,658 - INFO -     📊 位置: 4h=81.63% | 12h=86.1% | 24h=86.1% | 48h=48.77%
2025-12-25 05:28:15,158 - INFO -   [15/27] 采集 FIL-USDT-SWAP...
2025-12-25 05:28:15,395 - INFO -     💰 当前价格: $1.28
2025-12-25 05:28:15,395 - INFO -     📊 位置: 4h=54.55% | 12h=61.54% | 24h=64.29% | 48h=20.0%
2025-12-25 05:28:15,895 - INFO -   [16/27] 采集 LINK-USDT-SWAP...
2025-12-25 05:28:16,114 - INFO -     💰 当前价格: $12.299
2025-12-25 05:28:16,114 - INFO -     📊 位置: 4h=46.79% | 12h=71.15% | 24h=80.26% | 48h=58.77%
2025-12-25 05:28:16,614 - INFO -   [17/27] 采集 CRO-USDT-SWAP...
2025-12-25 05:28:16,838 - INFO -     💰 当前价格: $0.0942
2025-12-25 05:28:16,839 - INFO -     📊 位置: 4h=88.19% | 12h=92.09% | 24h=92.09% | 48h=55.0%
2025-12-25 05:28:17,339 - INFO -   [18/27] 采集 DOT-USDT-SWAP...
2025-12-25 05:28:17,575 - INFO -     💰 当前价格: $1.742
2025-12-25 05:28:17,575 - INFO -     📊 位置: 4h=47.06% | 12h=75.68% | 24h=80.85% | 48h=46.34%
2025-12-25 05:28:18,075 - INFO -   [19/27] 采集 AAVE-USDT-SWAP...
2025-12-25 05:28:18,305 - INFO -     💰 当前价格: $150.24
2025-12-25 05:28:18,305 - INFO -     📊 位置: 4h=52.79% | 12h=71.5% | 24h=78.17% | 48h=45.92%
2025-12-25 05:28:18,806 - INFO -   [20/27] 采集 UNI-USDT-SWAP...
2025-12-25 05:28:19,039 - INFO -     💰 当前价格: $5.786
2025-12-25 05:28:19,039 - INFO -     📊 位置: 4h=6.49% | 12h=30.77% | 24h=67.11% | 48h=40.9%
2025-12-25 05:28:19,540 - INFO -   [21/27] 采集 NEAR-USDT-SWAP...
2025-12-25 05:28:19,778 - INFO -     💰 当前价格: $1.502
2025-12-25 05:28:19,778 - INFO -     📊 位置: 4h=80.0% | 12h=85.71% | 24h=87.34% | 48h=71.13%
2025-12-25 05:28:20,278 - INFO -   [22/27] 采集 APT-USDT-SWAP...
2025-12-25 05:28:20,512 - INFO -     💰 当前价格: $1.683
2025-12-25 05:28:20,512 - INFO -     📊 位置: 4h=96.67% | 12h=97.96% | 24h=98.5% | 48h=98.5%
2025-12-25 05:28:21,013 - INFO -   [23/27] 采集 CFX-USDT-SWAP...
2025-12-25 05:28:21,248 - INFO -     💰 当前价格: $0.07596
2025-12-25 05:28:21,248 - INFO -     📊 位置: 4h=36.92% | 12h=62.37% | 24h=75.69% | 48h=75.69%
2025-12-25 05:28:21,748 - INFO -   [24/27] 采集 CRV-USDT-SWAP...
2025-12-25 05:28:21,989 - INFO -     💰 当前价格: $0.3807
2025-12-25 05:28:21,990 - INFO -     📊 位置: 4h=48.0% | 12h=64.22% | 24h=80.6% | 48h=81.25%
2025-12-25 05:28:22,490 - INFO -   [25/27] 采集 STX-USDT-SWAP...
2025-12-25 05:28:22,721 - INFO -     💰 当前价格: $0.2537
2025-12-25 05:28:22,721 - INFO -     📊 位置: 4h=100.0% | 12h=100.0% | 24h=100.0% | 48h=100.0%
2025-12-25 05:28:23,222 - INFO -   [26/27] 采集 LDO-USDT-SWAP...
2025-12-25 05:28:23,638 - INFO -     💰 当前价格: $0.5609
2025-12-25 05:28:23,638 - INFO -     📊 位置: 4h=98.68% | 12h=99.13% | 24h=99.36% | 48h=99.36%
2025-12-25 05:28:24,138 - INFO -   [27/27] 采集 TAO-USDT-SWAP...
2025-12-25 05:28:24,373 - INFO -     💰 当前价格: $222.1
2025-12-25 05:28:24,374 - INFO -     📊 位置: 4h=66.13% | 12h=77.66% | 24h=88.4% | 48h=88.4%
2025-12-25 05:28:24,880 - INFO - 💾 数据保存成功: 27 个币种
2025-12-25 05:28:24,885 - INFO - 📊 统计数据保存成功:
2025-12-25 05:28:24,886 - INFO -     4h低于1%: 0/27
2025-12-25 05:28:24,886 - INFO -    12h低于1%: 0/27
2025-12-25 05:28:24,886 - INFO -    24h低于1%: 0/27
2025-12-25 05:28:24,886 - INFO -    48h低于1%: 0/27
2025-12-25 05:28:24,886 - INFO - ✅ 数据采集完成: 成功 27/27
2025-12-25 05:28:24,886 - INFO - 🚀 位置系统采集器启动，采集间隔: 300秒
2025-12-25 05:28:24,887 - INFO - 📊 开始采集位置系统数据...
2025-12-25 05:28:24,887 - INFO - 📋 币种列表: 27 个币种
2025-12-25 05:28:24,887 - INFO -   [1/27] 采集 BTC-USDT-SWAP...
2025-12-25 05:28:25,114 - INFO -     💰 当前价格: $87696.9
2025-12-25 05:28:25,114 - INFO -     📊 位置: 4h=40.29% | 12h=59.54% | 24h=79.96% | 48h=67.92%
2025-12-25 05:28:25,615 - INFO -   [2/27] 采集 ETH-USDT-SWAP...
2025-12-25 05:28:25,846 - INFO -     💰 当前价格: $2941.18
2025-12-25 05:28:25,846 - INFO -     📊 位置: 4h=23.21% | 12h=37.22% | 24h=71.75% | 48h=54.75%
2025-12-25 05:28:26,346 - INFO -   [3/27] 采集 XRP-USDT-SWAP...
2025-12-25 05:28:26,586 - INFO -     💰 当前价格: $1.8695
2025-12-25 05:28:26,586 - INFO -     📊 位置: 4h=59.35% | 12h=80.92% | 24h=81.71% | 48h=49.05%
2025-12-25 05:28:27,086 - INFO -   [4/27] 采集 BNB-USDT-SWAP...
2025-12-25 05:28:27,323 - INFO -     💰 当前价格: $842.7
2025-12-25 05:28:27,323 - INFO -     📊 位置: 4h=20.34% | 12h=14.81% | 24h=54.0% | 48h=44.75%
2025-12-25 05:28:27,824 - INFO -   [5/27] 采集 SOL-USDT-SWAP...
2025-12-25 05:28:28,200 - INFO -     💰 当前价格: $122.44
2025-12-25 05:28:28,201 - INFO -     📊 位置: 4h=13.33% | 12h=43.98% | 24h=65.98% | 48h=37.87%
2025-12-25 05:28:28,701 - INFO -   [6/27] 采集 LTC-USDT-SWAP...
2025-12-25 05:28:28,925 - INFO -     💰 当前价格: $76.17
2025-12-25 05:28:28,926 - INFO -     📊 位置: 4h=61.97% | 12h=75.45% | 24h=62.58% | 48h=36.69%
2025-12-25 05:28:29,426 - INFO -   [7/27] 采集 DOGE-USDT-SWAP...
2025-12-25 05:28:29,656 - INFO -     💰 当前价格: $0.12838
2025-12-25 05:28:29,656 - INFO -     📊 位置: 4h=18.07% | 12h=46.02% | 24h=66.12% | 48h=40.2%
2025-12-25 05:28:30,157 - INFO -   [8/27] 采集 SUI-USDT-SWAP...
2025-12-25 05:28:30,393 - INFO -     💰 当前价格: $1.4155
2025-12-25 05:28:30,393 - INFO -     📊 位置: 4h=45.95% | 12h=42.79% | 24h=69.53% | 48h=40.6%
2025-12-25 05:28:30,894 - INFO -   [9/27] 采集 TRX-USDT-SWAP...
2025-12-25 05:28:31,127 - INFO -     💰 当前价格: $0.28031
2025-12-25 05:28:31,127 - INFO -     📊 位置: 4h=64.29% | 12h=47.6% | 24h=29.86% | 48h=25.3%
2025-12-25 05:28:31,628 - INFO -   [10/27] 采集 TON-USDT-SWAP...
2025-12-25 05:28:31,851 - INFO -     💰 当前价格: $1.566
2025-12-25 05:28:31,851 - INFO -     📊 位置: 4h=100.0% | 12h=100.0% | 24h=100.0% | 48h=100.0%
2025-12-25 05:28:32,351 - INFO -   [11/27] 采集 ETC-USDT-SWAP...
2025-12-25 05:28:32,585 - INFO -     💰 当前价格: $12.05
2025-12-25 05:28:32,585 - INFO -     📊 位置: 4h=42.86% | 12h=61.9% | 24h=77.14% | 48h=64.29%
2025-12-25 05:28:33,085 - INFO -   [12/27] 采集 BCH-USDT-SWAP...
2025-12-25 05:28:33,319 - INFO -     💰 当前价格: $572.1
2025-12-25 05:28:33,320 - INFO -     📊 位置: 4h=73.61% | 12h=82.57% | 24h=51.43% | 48h=36.89%
2025-12-25 05:28:33,820 - INFO -   [13/27] 采集 HBAR-USDT-SWAP...
2025-12-25 05:28:34,058 - INFO -     💰 当前价格: $0.11176
2025-12-25 05:28:34,058 - INFO -     📊 位置: 4h=89.51% | 12h=91.5% | 24h=92.41% | 48h=77.99%
2025-12-25 05:28:34,558 - INFO -   [14/27] 采集 XLM-USDT-SWAP...
2025-12-25 05:28:34,795 - INFO -     💰 当前价格: $0.21502
2025-12-25 05:28:34,796 - INFO -     📊 位置: 4h=83.43% | 12h=87.47% | 24h=87.47% | 48h=49.55%
2025-12-25 05:28:35,296 - INFO -   [15/27] 采集 FIL-USDT-SWAP...
2025-12-25 05:28:35,530 - INFO -     💰 当前价格: $1.281
2025-12-25 05:28:35,531 - INFO -     📊 位置: 4h=59.09% | 12h=65.38% | 24h=67.86% | 48h=21.11%
2025-12-25 05:28:36,031 - INFO -   [16/27] 采集 LINK-USDT-SWAP...
2025-12-25 05:28:36,266 - INFO -     💰 当前价格: $12.304
2025-12-25 05:28:36,266 - INFO -     📊 位置: 4h=51.38% | 12h=73.08% | 24h=81.58% | 48h=59.73%
2025-12-25 05:28:36,766 - INFO -   [17/27] 采集 CRO-USDT-SWAP...
2025-12-25 05:28:37,004 - INFO -     💰 当前价格: $0.0942
2025-12-25 05:28:37,004 - INFO -     📊 位置: 4h=88.19% | 12h=92.09% | 24h=92.09% | 48h=55.0%
2025-12-25 05:28:37,505 - INFO -   [18/27] 采集 DOT-USDT-SWAP...
2025-12-25 05:28:37,733 - INFO -     💰 当前价格: $1.742
2025-12-25 05:28:37,733 - INFO -     📊 位置: 4h=47.06% | 12h=75.68% | 24h=80.85% | 48h=46.34%
2025-12-25 05:28:38,234 - INFO -   [19/27] 采集 AAVE-USDT-SWAP...
2025-12-25 05:28:38,468 - INFO -     💰 当前价格: $150.27
2025-12-25 05:28:38,469 - INFO -     📊 位置: 4h=54.08% | 12h=72.28% | 24h=78.77% | 48h=46.27%
2025-12-25 05:28:38,969 - INFO -   [20/27] 采集 UNI-USDT-SWAP...
2025-12-25 05:28:39,207 - INFO -     💰 当前价格: $5.784
2025-12-25 05:28:39,207 - INFO -     📊 位置: 4h=3.9% | 12h=28.85% | 24h=66.44% | 48h=40.49%
2025-12-25 05:28:39,707 - INFO -   [21/27] 采集 NEAR-USDT-SWAP...
2025-12-25 05:28:39,939 - INFO -     💰 当前价格: $1.502
2025-12-25 05:28:39,939 - INFO -     📊 位置: 4h=80.0% | 12h=85.71% | 24h=87.34% | 48h=71.13%
2025-12-25 05:28:40,439 - INFO -   [22/27] 采集 APT-USDT-SWAP...
2025-12-25 05:28:40,682 - INFO -     💰 当前价格: $1.683
2025-12-25 05:28:40,682 - INFO -     📊 位置: 4h=96.67% | 12h=97.96% | 24h=98.5% | 48h=98.5%
2025-12-25 05:28:41,182 - INFO -   [23/27] 采集 CFX-USDT-SWAP...
2025-12-25 05:28:41,420 - INFO -     💰 当前价格: $0.07596
2025-12-25 05:28:41,420 - INFO -     📊 位置: 4h=36.92% | 12h=62.37% | 24h=75.69% | 48h=75.69%
2025-12-25 05:28:41,921 - INFO -   [24/27] 采集 CRV-USDT-SWAP...
2025-12-25 05:28:42,156 - INFO -     💰 当前价格: $0.3807
2025-12-25 05:28:42,157 - INFO -     📊 位置: 4h=48.0% | 12h=64.22% | 24h=80.6% | 48h=81.25%
2025-12-25 05:28:42,657 - INFO -   [25/27] 采集 STX-USDT-SWAP...
2025-12-25 05:28:42,888 - INFO -     💰 当前价格: $0.2537
2025-12-25 05:28:42,889 - INFO -     📊 位置: 4h=98.0% | 12h=98.97% | 24h=99.43% | 48h=99.43%
2025-12-25 05:28:43,389 - INFO -   [26/27] 采集 LDO-USDT-SWAP...
2025-12-25 05:28:43,625 - INFO -     💰 当前价格: $0.5609
2025-12-25 05:28:43,625 - INFO -     📊 位置: 4h=98.68% | 12h=99.13% | 24h=99.36% | 48h=99.36%
2025-12-25 05:28:44,126 - INFO -   [27/27] 采集 TAO-USDT-SWAP...
2025-12-25 05:28:44,372 - INFO -     💰 当前价格: $222.2
2025-12-25 05:28:44,372 - INFO -     📊 位置: 4h=67.74% | 12h=78.72% | 24h=88.95% | 48h=88.95%
2025-12-25 05:28:44,879 - INFO - 💾 数据保存成功: 27 个币种
2025-12-25 05:28:44,884 - INFO - 📊 统计数据保存成功:
2025-12-25 05:28:44,884 - INFO -     4h低于1%: 0/27
2025-12-25 05:28:44,885 - INFO -    12h低于1%: 0/27
2025-12-25 05:28:44,885 - INFO -    24h低于1%: 0/27
2025-12-25 05:28:44,885 - INFO -    48h低于1%: 0/27
2025-12-25 05:28:44,885 - INFO - ✅ 数据采集完成: 成功 27/27
2025-12-25 05:28:44,885 - INFO - ⏳ 等待 300 秒后进行下一次采集...

2025-12-25 05:33:05,292 - INFO - ⛔ 收到停止信号，退出采集器
2025-12-25 05:33:05,648 - INFO - ✅ 数据库初始化完成
2025-12-25 05:33:05,648 - INFO - 📊 开始采集位置系统数据...
2025-12-25 05:33:05,648 - INFO - 📋 币种列表: 27 个币种
2025-12-25 05:33:05,659 - INFO -   [1/27] 采集 BTC-USDT-SWAP...
2025-12-25 05:33:05,892 - INFO -     💰 当前价格: $87744.2
2025-12-25 05:33:05,892 - INFO -     📊 位置: 4h=51.92% | 12h=65.21% | 24h=82.77% | 48h=70.31%
2025-12-25 05:33:06,392 - INFO -   [2/27] 采集 ETH-USDT-SWAP...
2025-12-25 05:33:06,626 - INFO -     💰 当前价格: $2941.9
2025-12-25 05:33:06,626 - INFO -     📊 位置: 4h=26.94% | 12h=39.31% | 24h=72.69% | 48h=55.47%
2025-12-25 05:33:07,127 - INFO -   [3/27] 采集 XRP-USDT-SWAP...
2025-12-25 05:33:07,359 - INFO -     💰 当前价格: $1.8711
2025-12-25 05:33:07,359 - INFO -     📊 位置: 4h=72.36% | 12h=87.02% | 24h=85.61% | 48h=51.39%
2025-12-25 05:33:07,859 - INFO -   [4/27] 采集 BNB-USDT-SWAP...
2025-12-25 05:33:08,092 - INFO -     💰 当前价格: $842.7
2025-12-25 05:33:08,092 - INFO -     📊 位置: 4h=20.34% | 12h=14.81% | 24h=54.0% | 48h=44.75%
2025-12-25 05:33:08,593 - INFO -   [5/27] 采集 SOL-USDT-SWAP...
2025-12-25 05:33:08,816 - INFO -     💰 当前价格: $122.5
2025-12-25 05:33:08,816 - INFO -     📊 位置: 4h=21.33% | 12h=47.59% | 24h=68.04% | 48h=39.05%
2025-12-25 05:33:09,317 - INFO -   [6/27] 采集 LTC-USDT-SWAP...
2025-12-25 05:33:09,555 - INFO -     💰 当前价格: $76.24
2025-12-25 05:33:09,555 - INFO -     📊 位置: 4h=71.83% | 12h=81.82% | 24h=66.87% | 48h=39.21%
2025-12-25 05:33:10,055 - INFO -   [7/27] 采集 DOGE-USDT-SWAP...
2025-12-25 05:33:10,298 - INFO -     💰 当前价格: $0.12846
2025-12-25 05:33:10,298 - INFO -     📊 位置: 4h=27.71% | 12h=50.57% | 24h=68.75% | 48h=41.8%
2025-12-25 05:33:10,798 - INFO -   [8/27] 采集 SUI-USDT-SWAP...
2025-12-25 05:33:11,031 - INFO -     💰 当前价格: $1.4154
2025-12-25 05:33:11,031 - INFO -     📊 位置: 4h=45.05% | 12h=42.33% | 24h=69.29% | 48h=40.46%
2025-12-25 05:33:11,531 - INFO -   [9/27] 采集 TRX-USDT-SWAP...
2025-12-25 05:33:11,758 - INFO -     💰 当前价格: $0.2802
2025-12-25 05:33:11,758 - INFO -     📊 位置: 4h=48.57% | 12h=44.09% | 24h=27.66% | 48h=23.43%
2025-12-25 05:33:12,259 - INFO -   [10/27] 采集 TON-USDT-SWAP...
2025-12-25 05:33:12,504 - INFO -     💰 当前价格: $1.568
2025-12-25 05:33:12,504 - INFO -     📊 位置: 4h=98.67% | 12h=98.9% | 24h=99.16% | 48h=99.22%
2025-12-25 05:33:13,004 - INFO -   [11/27] 采集 ETC-USDT-SWAP...
2025-12-25 05:33:13,233 - INFO -     💰 当前价格: $12.06
2025-12-25 05:33:13,233 - INFO -     📊 位置: 4h=50.0% | 12h=66.67% | 24h=80.0% | 48h=66.67%
2025-12-25 05:33:13,733 - INFO -   [12/27] 采集 BCH-USDT-SWAP...
2025-12-25 05:33:13,968 - INFO -     💰 当前价格: $573.0
2025-12-25 05:33:13,968 - INFO -     📊 位置: 4h=86.11% | 12h=90.83% | 24h=56.57% | 48h=40.57%
2025-12-25 05:33:14,468 - INFO -   [13/27] 采集 HBAR-USDT-SWAP...
2025-12-25 05:33:14,706 - INFO -     💰 当前价格: $0.11166
2025-12-25 05:33:14,706 - INFO -     📊 位置: 4h=86.01% | 12h=88.67% | 24h=89.87% | 48h=75.85%
2025-12-25 05:33:15,207 - INFO -   [14/27] 采集 XLM-USDT-SWAP...
2025-12-25 05:33:15,431 - INFO -     💰 当前价格: $0.21504
2025-12-25 05:33:15,432 - INFO -     📊 位置: 4h=84.04% | 12h=87.93% | 24h=87.93% | 48h=49.81%
2025-12-25 05:33:15,932 - INFO -   [15/27] 采集 FIL-USDT-SWAP...
2025-12-25 05:33:16,165 - INFO -     💰 当前价格: $1.28
2025-12-25 05:33:16,165 - INFO -     📊 位置: 4h=54.55% | 12h=61.54% | 24h=64.29% | 48h=20.0%
2025-12-25 05:33:16,665 - INFO -   [16/27] 采集 LINK-USDT-SWAP...
2025-12-25 05:33:16,902 - INFO -     💰 当前价格: $12.305
2025-12-25 05:33:16,902 - INFO -     📊 位置: 4h=52.29% | 12h=73.46% | 24h=81.84% | 48h=59.92%
2025-12-25 05:33:17,403 - INFO -   [17/27] 采集 CRO-USDT-SWAP...
2025-12-25 05:33:17,635 - INFO -     💰 当前价格: $0.09424
2025-12-25 05:33:17,635 - INFO -     📊 位置: 4h=90.97% | 12h=93.95% | 24h=93.95% | 48h=56.11%
2025-12-25 05:33:18,136 - INFO -   [18/27] 采集 DOT-USDT-SWAP...
2025-12-25 05:33:18,377 - INFO -     💰 当前价格: $1.743
2025-12-25 05:33:18,377 - INFO -     📊 位置: 4h=52.94% | 12h=78.38% | 24h=82.98% | 48h=47.56%
2025-12-25 05:33:18,878 - INFO -   [19/27] 采集 AAVE-USDT-SWAP...
2025-12-25 05:33:19,104 - INFO -     💰 当前价格: $150.34
2025-12-25 05:33:19,104 - INFO -     📊 位置: 4h=57.08% | 12h=74.09% | 24h=80.16% | 48h=47.09%
2025-12-25 05:33:19,604 - INFO -   [20/27] 采集 UNI-USDT-SWAP...
2025-12-25 05:33:19,838 - INFO -     💰 当前价格: $5.779
2025-12-25 05:33:19,838 - INFO -     📊 位置: 4h=3.66% | 12h=24.04% | 24h=64.77% | 48h=39.47%
2025-12-25 05:33:20,339 - INFO -   [21/27] 采集 NEAR-USDT-SWAP...
2025-12-25 05:33:20,569 - INFO -     💰 当前价格: $1.499
2025-12-25 05:33:20,570 - INFO -     📊 位置: 4h=74.0% | 12h=81.43% | 24h=83.54% | 48h=68.04%
2025-12-25 05:33:21,070 - INFO -   [22/27] 采集 APT-USDT-SWAP...
2025-12-25 05:33:21,307 - INFO -     💰 当前价格: $1.68
2025-12-25 05:33:21,307 - INFO -     📊 位置: 4h=87.3% | 12h=92.08% | 24h=94.12% | 48h=94.12%
2025-12-25 05:33:21,808 - INFO -   [23/27] 采集 CFX-USDT-SWAP...
2025-12-25 05:33:22,049 - INFO -     💰 当前价格: $0.07602
2025-12-25 05:33:22,049 - INFO -     📊 位置: 4h=39.23% | 12h=63.23% | 24h=76.25% | 48h=76.25%
2025-12-25 05:33:22,549 - INFO -   [24/27] 采集 CRV-USDT-SWAP...
2025-12-25 05:33:22,780 - INFO -     💰 当前价格: $0.3802
2025-12-25 05:33:22,780 - INFO -     📊 位置: 4h=41.33% | 12h=59.63% | 24h=78.45% | 48h=79.17%
2025-12-25 05:33:23,281 - INFO -   [25/27] 采集 STX-USDT-SWAP...
2025-12-25 05:33:23,507 - INFO -     💰 当前价格: $0.2533
2025-12-25 05:33:23,507 - INFO -     📊 位置: 4h=90.0% | 12h=94.85% | 24h=97.16% | 48h=97.16%
2025-12-25 05:33:24,007 - INFO -   [26/27] 采集 LDO-USDT-SWAP...
2025-12-25 05:33:24,244 - INFO -     💰 当前价格: $0.5604
2025-12-25 05:33:24,244 - INFO -     📊 位置: 4h=93.99% | 12h=96.0% | 24h=97.05% | 48h=97.05%
2025-12-25 05:33:24,744 - INFO -   [27/27] 采集 TAO-USDT-SWAP...
2025-12-25 05:33:24,984 - INFO -     💰 当前价格: $222.0
2025-12-25 05:33:24,984 - INFO -     📊 位置: 4h=64.52% | 12h=76.6% | 24h=87.85% | 48h=87.85%
2025-12-25 05:33:25,488 - INFO - 💾 数据保存成功: 27 个币种
2025-12-25 05:33:25,492 - INFO - 📊 统计数据保存成功:
2025-12-25 05:33:25,492 - INFO -     4h低于1%: 0/27
2025-12-25 05:33:25,492 - INFO -    12h低于1%: 0/27
2025-12-25 05:33:25,492 - INFO -    24h低于1%: 0/27
2025-12-25 05:33:25,492 - INFO -    48h低于1%: 0/27
2025-12-25 05:33:25,492 - INFO - ✅ 数据采集完成: 成功 27/27
2025-12-25 05:33:25,493 - INFO - 🚀 位置系统采集器启动，采集间隔: 300秒
2025-12-25 05:33:25,493 - INFO - 📊 开始采集位置系统数据...
2025-12-25 05:33:25,493 - INFO - 📋 币种列表: 27 个币种
2025-12-25 05:33:25,493 - INFO -   [1/27] 采集 BTC-USDT-SWAP...
2025-12-25 05:33:25,732 - INFO -     💰 当前价格: $87738.0
2025-12-25 05:33:25,732 - INFO -     📊 位置: 4h=50.39% | 12h=64.47% | 24h=82.4% | 48h=69.99%
2025-12-25 05:33:26,232 - INFO -   [2/27] 采集 ETH-USDT-SWAP...
2025-12-25 05:33:26,466 - INFO -     💰 当前价格: $2941.51
2025-12-25 05:33:26,467 - INFO -     📊 位置: 4h=24.92% | 12h=38.18% | 24h=72.18% | 48h=55.08%
2025-12-25 05:33:26,967 - INFO -   [3/27] 采集 XRP-USDT-SWAP...
2025-12-25 05:33:27,201 - INFO -     💰 当前价格: $1.8707
2025-12-25 05:33:27,201 - INFO -     📊 位置: 4h=69.11% | 12h=85.5% | 24h=84.63% | 48h=50.81%
2025-12-25 05:33:27,702 - INFO -   [4/27] 采集 BNB-USDT-SWAP...
2025-12-25 05:33:27,928 - INFO -     💰 当前价格: $842.7
2025-12-25 05:33:27,928 - INFO -     📊 位置: 4h=20.34% | 12h=14.81% | 24h=54.0% | 48h=44.75%
2025-12-25 05:33:28,428 - INFO -   [5/27] 采集 SOL-USDT-SWAP...
2025-12-25 05:33:28,665 - INFO -     💰 当前价格: $122.47
2025-12-25 05:33:28,665 - INFO -     📊 位置: 4h=17.33% | 12h=45.78% | 24h=67.01% | 48h=38.46%
2025-12-25 05:33:29,166 - INFO -   [6/27] 采集 LTC-USDT-SWAP...
2025-12-25 05:33:29,405 - INFO -     💰 当前价格: $76.25
2025-12-25 05:33:29,406 - INFO -     📊 位置: 4h=73.24% | 12h=82.73% | 24h=67.48% | 48h=39.57%
2025-12-25 05:33:29,906 - INFO -   [7/27] 采集 DOGE-USDT-SWAP...
2025-12-25 05:33:30,139 - INFO -     💰 当前价格: $0.1284
2025-12-25 05:33:30,139 - INFO -     📊 位置: 4h=20.48% | 12h=47.16% | 24h=66.78% | 48h=40.6%
2025-12-25 05:33:30,640 - INFO -   [8/27] 采集 SUI-USDT-SWAP...
2025-12-25 05:33:30,871 - INFO -     💰 当前价格: $1.4148
2025-12-25 05:33:30,871 - INFO -     📊 位置: 4h=39.64% | 12h=39.53% | 24h=67.81% | 48h=39.6%
2025-12-25 05:33:31,372 - INFO -   [9/27] 采集 TRX-USDT-SWAP...
2025-12-25 05:33:31,607 - INFO -     💰 当前价格: $0.2802
2025-12-25 05:33:31,607 - INFO -     📊 位置: 4h=48.57% | 12h=44.09% | 24h=27.66% | 48h=23.43%
2025-12-25 05:33:32,107 - INFO -   [10/27] 采集 TON-USDT-SWAP...
2025-12-25 05:33:32,337 - INFO -     💰 当前价格: $1.569
2025-12-25 05:33:32,337 - INFO -     📊 位置: 4h=97.4% | 12h=97.85% | 24h=98.35% | 48h=98.46%
2025-12-25 05:33:32,837 - INFO -   [11/27] 采集 ETC-USDT-SWAP...
2025-12-25 05:33:33,064 - INFO -     💰 当前价格: $12.05
2025-12-25 05:33:33,064 - INFO -     📊 位置: 4h=42.86% | 12h=61.9% | 24h=77.14% | 48h=64.29%
2025-12-25 05:33:33,565 - INFO -   [12/27] 采集 BCH-USDT-SWAP...
2025-12-25 05:33:33,853 - INFO -     💰 当前价格: $572.9
2025-12-25 05:33:33,853 - INFO -     📊 位置: 4h=84.72% | 12h=89.91% | 24h=56.0% | 48h=40.16%
2025-12-25 05:33:34,353 - INFO -   [13/27] 采集 HBAR-USDT-SWAP...
2025-12-25 05:33:34,584 - INFO -     💰 当前价格: $0.11159
2025-12-25 05:33:34,584 - INFO -     📊 位置: 4h=83.57% | 12h=86.69% | 24h=88.1% | 48h=74.36%
2025-12-25 05:33:35,085 - INFO -   [14/27] 采集 XLM-USDT-SWAP...
2025-12-25 05:33:35,332 - INFO -     💰 当前价格: $0.21501
2025-12-25 05:33:35,332 - INFO -     📊 位置: 4h=83.13% | 12h=87.24% | 24h=87.24% | 48h=49.42%
2025-12-25 05:33:35,833 - INFO -   [15/27] 采集 FIL-USDT-SWAP...
2025-12-25 05:33:36,071 - INFO -     💰 当前价格: $1.28
2025-12-25 05:33:36,071 - INFO -     📊 位置: 4h=54.55% | 12h=61.54% | 24h=64.29% | 48h=20.0%
2025-12-25 05:33:36,571 - INFO -   [16/27] 采集 LINK-USDT-SWAP...
2025-12-25 05:33:36,808 - INFO -     💰 当前价格: $12.302
2025-12-25 05:33:36,808 - INFO -     📊 位置: 4h=49.54% | 12h=72.31% | 24h=81.05% | 48h=59.34%
2025-12-25 05:33:37,308 - INFO -   [17/27] 采集 CRO-USDT-SWAP...
2025-12-25 05:33:37,538 - INFO -     💰 当前价格: $0.09425
2025-12-25 05:33:37,538 - INFO -     📊 位置: 4h=91.67% | 12h=94.42% | 24h=94.42% | 48h=56.39%
2025-12-25 05:33:38,039 - INFO -   [18/27] 采集 DOT-USDT-SWAP...
2025-12-25 05:33:38,270 - INFO -     💰 当前价格: $1.742
2025-12-25 05:33:38,270 - INFO -     📊 位置: 4h=47.06% | 12h=75.68% | 24h=80.85% | 48h=46.34%
2025-12-25 05:33:38,770 - INFO -   [19/27] 采集 AAVE-USDT-SWAP...
2025-12-25 05:33:39,000 - INFO -     💰 当前价格: $150.28
2025-12-25 05:33:39,000 - INFO -     📊 位置: 4h=54.51% | 12h=72.54% | 24h=78.97% | 48h=46.39%
2025-12-25 05:33:39,501 - INFO -   [20/27] 采集 UNI-USDT-SWAP...
2025-12-25 05:33:39,730 - INFO -     💰 当前价格: $5.773
2025-12-25 05:33:39,731 - INFO -     📊 位置: 4h=1.16% | 12h=18.27% | 24h=62.75% | 48h=38.24%
2025-12-25 05:33:40,231 - INFO -   [21/27] 采集 NEAR-USDT-SWAP...
2025-12-25 05:33:40,456 - INFO -     💰 当前价格: $1.499
2025-12-25 05:33:40,457 - INFO -     📊 位置: 4h=74.0% | 12h=81.43% | 24h=83.54% | 48h=68.04%
2025-12-25 05:33:40,957 - INFO -   [22/27] 采集 APT-USDT-SWAP...
2025-12-25 05:33:41,196 - INFO -     💰 当前价格: $1.679
2025-12-25 05:33:41,196 - INFO -     📊 位置: 4h=85.71% | 12h=91.09% | 24h=93.38% | 48h=93.38%
2025-12-25 05:33:41,697 - INFO -   [23/27] 采集 CFX-USDT-SWAP...
2025-12-25 05:33:41,927 - INFO -     💰 当前价格: $0.07604
2025-12-25 05:33:41,927 - INFO -     📊 位置: 4h=40.0% | 12h=63.52% | 24h=76.43% | 48h=76.43%
2025-12-25 05:33:42,427 - INFO -   [24/27] 采集 CRV-USDT-SWAP...
2025-12-25 05:33:42,665 - INFO -     💰 当前价格: $0.3804
2025-12-25 05:33:42,666 - INFO -     📊 位置: 4h=44.0% | 12h=61.47% | 24h=79.31% | 48h=80.0%
2025-12-25 05:33:43,166 - INFO -   [25/27] 采集 STX-USDT-SWAP...
2025-12-25 05:33:43,399 - INFO -     💰 当前价格: $0.2533
2025-12-25 05:33:43,399 - INFO -     📊 位置: 4h=90.0% | 12h=94.85% | 24h=97.16% | 48h=97.16%
2025-12-25 05:33:43,899 - INFO -   [26/27] 采集 LDO-USDT-SWAP...
2025-12-25 05:33:44,137 - INFO -     💰 当前价格: $0.5604
2025-12-25 05:33:44,138 - INFO -     📊 位置: 4h=93.99% | 12h=96.0% | 24h=97.05% | 48h=97.05%
2025-12-25 05:33:44,638 - INFO -   [27/27] 采集 TAO-USDT-SWAP...
2025-12-25 05:33:44,869 - INFO -     💰 当前价格: $221.8
2025-12-25 05:33:44,869 - INFO -     📊 位置: 4h=61.29% | 12h=74.47% | 24h=86.74% | 48h=86.74%
2025-12-25 05:33:45,378 - INFO - 💾 数据保存成功: 27 个币种
2025-12-25 05:33:45,383 - INFO - 📊 统计数据保存成功:
2025-12-25 05:33:45,384 - INFO -     4h低于1%: 0/27
2025-12-25 05:33:45,384 - INFO -    12h低于1%: 0/27
2025-12-25 05:33:45,384 - INFO -    24h低于1%: 0/27
2025-12-25 05:33:45,384 - INFO -    48h低于1%: 0/27
2025-12-25 05:33:45,384 - INFO - ✅ 数据采集完成: 成功 27/27
2025-12-25 05:33:45,384 - INFO - ⏳ 等待 300 秒后进行下一次采集...

2025-12-25 05:38:06,128 - INFO - ⛔ 收到停止信号，退出采集器
2025-12-25 05:38:06,530 - INFO - ✅ 数据库初始化完成
2025-12-25 05:38:06,530 - INFO - 📊 开始采集位置系统数据...
2025-12-25 05:38:06,530 - INFO - 📋 币种列表: 27 个币种
2025-12-25 05:38:06,541 - INFO -   [1/27] 采集 BTC-USDT-SWAP...
2025-12-25 05:38:06,778 - INFO -     💰 当前价格: $87686.4
2025-12-25 05:38:06,779 - INFO -     📊 位置: 4h=37.71% | 12h=58.28% | 24h=79.34% | 48h=67.39%
2025-12-25 05:38:07,279 - INFO -   [2/27] 采集 ETH-USDT-SWAP...
2025-12-25 05:38:07,513 - INFO -     💰 当前价格: $2939.4
2025-12-25 05:38:07,513 - INFO -     📊 位置: 4h=13.99% | 12h=32.07% | 24h=69.43% | 48h=52.98%
2025-12-25 05:38:08,013 - INFO -   [3/27] 采集 XRP-USDT-SWAP...
2025-12-25 05:38:08,245 - INFO -     💰 当前价格: $1.869
2025-12-25 05:38:08,245 - INFO -     📊 位置: 4h=55.28% | 12h=79.01% | 24h=80.49% | 48h=48.32%
2025-12-25 05:38:08,746 - INFO -   [4/27] 采集 BNB-USDT-SWAP...
2025-12-25 05:38:08,992 - INFO -     💰 当前价格: $842.2
2025-12-25 05:38:08,992 - INFO -     📊 位置: 4h=11.86% | 12h=8.64% | 24h=50.67% | 48h=41.99%
2025-12-25 05:38:09,493 - INFO -   [5/27] 采集 SOL-USDT-SWAP...
2025-12-25 05:38:09,730 - INFO -     💰 当前价格: $122.23
2025-12-25 05:38:09,730 - INFO -     📊 位置: 4h=2.27% | 12h=31.33% | 24h=58.76% | 48h=33.73%
2025-12-25 05:38:10,231 - INFO -   [6/27] 采集 LTC-USDT-SWAP...
2025-12-25 05:38:10,459 - INFO -     💰 当前价格: $76.13
2025-12-25 05:38:10,460 - INFO -     📊 位置: 4h=56.34% | 12h=71.82% | 24h=60.12% | 48h=35.25%
2025-12-25 05:38:10,960 - INFO -   [7/27] 采集 DOGE-USDT-SWAP...
2025-12-25 05:38:11,184 - INFO -     💰 当前价格: $0.12837
2025-12-25 05:38:11,185 - INFO -     📊 位置: 4h=16.87% | 12h=45.45% | 24h=65.79% | 48h=40.0%
2025-12-25 05:38:11,685 - INFO -   [8/27] 采集 SUI-USDT-SWAP...
2025-12-25 05:38:11,917 - INFO -     💰 当前价格: $1.4119
2025-12-25 05:38:11,917 - INFO -     📊 位置: 4h=13.51% | 12h=26.05% | 24h=60.69% | 48h=35.44%
2025-12-25 05:38:12,417 - INFO -   [9/27] 采集 TRX-USDT-SWAP...
2025-12-25 05:38:12,644 - INFO -     💰 当前价格: $0.28028
2025-12-25 05:38:12,644 - INFO -     📊 位置: 4h=60.0% | 12h=46.65% | 24h=29.26% | 48h=24.79%
2025-12-25 05:38:13,144 - INFO -   [10/27] 采集 TON-USDT-SWAP...
2025-12-25 05:38:13,370 - INFO -     💰 当前价格: $1.538
2025-12-25 05:38:13,371 - INFO -     📊 位置: 4h=57.14% | 12h=64.52% | 24h=72.73% | 48h=74.62%
2025-12-25 05:38:13,871 - INFO -   [11/27] 采集 ETC-USDT-SWAP...
2025-12-25 05:38:14,101 - INFO -     💰 当前价格: $12.04
2025-12-25 05:38:14,101 - INFO -     📊 位置: 4h=35.71% | 12h=57.14% | 24h=74.29% | 48h=61.9%
2025-12-25 05:38:14,601 - INFO -   [12/27] 采集 BCH-USDT-SWAP...
2025-12-25 05:38:14,836 - INFO -     💰 当前价格: $572.4
2025-12-25 05:38:14,836 - INFO -     📊 位置: 4h=77.78% | 12h=85.32% | 24h=53.14% | 48h=38.11%
2025-12-25 05:38:15,336 - INFO -   [13/27] 采集 HBAR-USDT-SWAP...
2025-12-25 05:38:15,565 - INFO -     💰 当前价格: $0.11147
2025-12-25 05:38:15,565 - INFO -     📊 位置: 4h=79.37% | 12h=83.29% | 24h=85.06% | 48h=71.79%
2025-12-25 05:38:16,066 - INFO -   [14/27] 采集 XLM-USDT-SWAP...
2025-12-25 05:38:16,305 - INFO -     💰 当前价格: $0.21436
2025-12-25 05:38:16,305 - INFO -     📊 位置: 4h=63.55% | 12h=72.44% | 24h=72.44% | 48h=41.03%
2025-12-25 05:38:16,806 - INFO -   [15/27] 采集 FIL-USDT-SWAP...
2025-12-25 05:38:17,039 - INFO -     💰 当前价格: $1.275
2025-12-25 05:38:17,040 - INFO -     📊 位置: 4h=31.82% | 12h=42.31% | 24h=46.43% | 48h=14.44%
2025-12-25 05:38:17,540 - INFO -   [16/27] 采集 LINK-USDT-SWAP...
2025-12-25 05:38:17,774 - INFO -     💰 当前价格: $12.283
2025-12-25 05:38:17,774 - INFO -     📊 位置: 4h=32.11% | 12h=65.0% | 24h=76.05% | 48h=55.68%
2025-12-25 05:38:18,275 - INFO -   [17/27] 采集 CRO-USDT-SWAP...
2025-12-25 05:38:18,506 - INFO -     💰 当前价格: $0.09411
2025-12-25 05:38:18,506 - INFO -     📊 位置: 4h=81.94% | 12h=87.91% | 24h=87.91% | 48h=52.5%
2025-12-25 05:38:19,006 - INFO -   [18/27] 采集 DOT-USDT-SWAP...
2025-12-25 05:38:19,242 - INFO -     💰 当前价格: $1.739
2025-12-25 05:38:19,242 - INFO -     📊 位置: 4h=29.41% | 12h=67.57% | 24h=74.47% | 48h=42.68%
2025-12-25 05:38:19,743 - INFO -   [19/27] 采集 AAVE-USDT-SWAP...
2025-12-25 05:38:19,983 - INFO -     💰 当前价格: $150.12
2025-12-25 05:38:19,983 - INFO -     📊 位置: 4h=47.64% | 12h=68.39% | 24h=75.79% | 48h=44.52%
2025-12-25 05:38:20,484 - INFO -   [20/27] 采集 UNI-USDT-SWAP...
2025-12-25 05:38:20,727 - INFO -     💰 当前价格: $5.767
2025-12-25 05:38:20,728 - INFO -     📊 位置: 4h=3.19% | 12h=12.5% | 24h=60.74% | 48h=37.01%
2025-12-25 05:38:21,228 - INFO -   [21/27] 采集 NEAR-USDT-SWAP...
2025-12-25 05:38:21,459 - INFO -     💰 当前价格: $1.494
2025-12-25 05:38:21,459 - INFO -     📊 位置: 4h=64.0% | 12h=74.29% | 24h=77.22% | 48h=62.89%
2025-12-25 05:38:21,959 - INFO -   [22/27] 采集 APT-USDT-SWAP...
2025-12-25 05:38:22,191 - INFO -     💰 当前价格: $1.675
2025-12-25 05:38:22,191 - INFO -     📊 位置: 4h=79.37% | 12h=87.13% | 24h=90.44% | 48h=90.44%
2025-12-25 05:38:22,691 - INFO -   [23/27] 采集 CFX-USDT-SWAP...
2025-12-25 05:38:22,929 - INFO -     💰 当前价格: $0.07593
2025-12-25 05:38:22,929 - INFO -     📊 位置: 4h=35.77% | 12h=61.95% | 24h=75.42% | 48h=75.42%
2025-12-25 05:38:23,430 - INFO -   [24/27] 采集 CRV-USDT-SWAP...
2025-12-25 05:38:23,655 - INFO -     💰 当前价格: $0.3792
2025-12-25 05:38:23,655 - INFO -     📊 位置: 4h=28.0% | 12h=50.46% | 24h=74.14% | 48h=75.0%
2025-12-25 05:38:24,155 - INFO -   [25/27] 采集 STX-USDT-SWAP...
2025-12-25 05:38:24,382 - INFO -     💰 当前价格: $0.2531
2025-12-25 05:38:24,382 - INFO -     📊 位置: 4h=86.0% | 12h=92.78% | 24h=96.02% | 48h=96.02%
2025-12-25 05:38:24,883 - INFO -   [26/27] 采集 LDO-USDT-SWAP...
2025-12-25 05:38:25,115 - INFO -     💰 当前价格: $0.5588
2025-12-25 05:38:25,115 - INFO -     📊 位置: 4h=87.12% | 12h=91.43% | 24h=93.68% | 48h=93.68%
2025-12-25 05:38:25,615 - INFO -   [27/27] 采集 TAO-USDT-SWAP...
2025-12-25 05:38:25,854 - INFO -     💰 当前价格: $221.6
2025-12-25 05:38:25,855 - INFO -     📊 位置: 4h=58.06% | 12h=72.34% | 24h=85.64% | 48h=85.64%
2025-12-25 05:38:26,361 - INFO - 💾 数据保存成功: 27 个币种
2025-12-25 05:38:26,367 - INFO - 📊 统计数据保存成功:
2025-12-25 05:38:26,367 - INFO -     4h低于1%: 0/27
2025-12-25 05:38:26,367 - INFO -    12h低于1%: 0/27
2025-12-25 05:38:26,367 - INFO -    24h低于1%: 0/27
2025-12-25 05:38:26,367 - INFO -    48h低于1%: 0/27
2025-12-25 05:38:26,367 - INFO - ✅ 数据采集完成: 成功 27/27
2025-12-25 05:38:26,367 - INFO - 🚀 位置系统采集器启动，采集间隔: 300秒
2025-12-25 05:38:26,368 - INFO - 📊 开始采集位置系统数据...
2025-12-25 05:38:26,368 - INFO - 📋 币种列表: 27 个币种
2025-12-25 05:38:26,368 - INFO -   [1/27] 采集 BTC-USDT-SWAP...
2025-12-25 05:38:26,605 - INFO -     💰 当前价格: $87695.0
2025-12-25 05:38:26,605 - INFO -     📊 位置: 4h=39.82% | 12h=59.31% | 24h=79.85% | 48h=67.83%
2025-12-25 05:38:27,105 - INFO -   [2/27] 采集 ETH-USDT-SWAP...
2025-12-25 05:38:27,340 - INFO -     💰 当前价格: $2940.1
2025-12-25 05:38:27,340 - INFO -     📊 位置: 4h=17.62% | 12h=34.1% | 24h=70.35% | 48h=53.68%
2025-12-25 05:38:27,841 - INFO -   [3/27] 采集 XRP-USDT-SWAP...
2025-12-25 05:38:28,224 - INFO -     💰 当前价格: $1.8693
2025-12-25 05:38:28,224 - INFO -     📊 位置: 4h=57.72% | 12h=80.15% | 24h=81.22% | 48h=48.76%
2025-12-25 05:38:28,724 - INFO -   [4/27] 采集 BNB-USDT-SWAP...
2025-12-25 05:38:28,959 - INFO -     💰 当前价格: $842.2
2025-12-25 05:38:28,959 - INFO -     📊 位置: 4h=11.86% | 12h=8.64% | 24h=50.67% | 48h=41.99%
2025-12-25 05:38:29,460 - INFO -   [5/27] 采集 SOL-USDT-SWAP...
2025-12-25 05:38:29,696 - INFO -     💰 当前价格: $122.22
2025-12-25 05:38:29,697 - INFO -     📊 位置: 4h=1.14% | 12h=30.72% | 24h=58.42% | 48h=33.53%
2025-12-25 05:38:30,197 - INFO -   [6/27] 采集 LTC-USDT-SWAP...
2025-12-25 05:38:30,437 - INFO -     💰 当前价格: $76.14
2025-12-25 05:38:30,437 - INFO -     📊 位置: 4h=57.75% | 12h=72.73% | 24h=60.74% | 48h=35.61%
2025-12-25 05:38:30,938 - INFO -   [7/27] 采集 DOGE-USDT-SWAP...
2025-12-25 05:38:31,165 - INFO -     💰 当前价格: $0.12839
2025-12-25 05:38:31,165 - INFO -     📊 位置: 4h=19.28% | 12h=46.59% | 24h=66.45% | 48h=40.4%
2025-12-25 05:38:31,666 - INFO -   [8/27] 采集 SUI-USDT-SWAP...
2025-12-25 05:38:31,904 - INFO -     💰 当前价格: $1.4113
2025-12-25 05:38:31,904 - INFO -     📊 位置: 4h=8.11% | 12h=23.26% | 24h=59.21% | 48h=34.58%
2025-12-25 05:38:32,405 - INFO -   [9/27] 采集 TRX-USDT-SWAP...
2025-12-25 05:38:32,636 - INFO -     💰 当前价格: $0.28027
2025-12-25 05:38:32,636 - INFO -     📊 位置: 4h=58.57% | 12h=46.33% | 24h=29.06% | 48h=24.62%
2025-12-25 05:38:33,137 - INFO -   [10/27] 采集 TON-USDT-SWAP...
2025-12-25 05:38:33,374 - INFO -     💰 当前价格: $1.538
2025-12-25 05:38:33,375 - INFO -     📊 位置: 4h=57.14% | 12h=64.52% | 24h=72.73% | 48h=74.62%
2025-12-25 05:38:33,875 - INFO -   [11/27] 采集 ETC-USDT-SWAP...
2025-12-25 05:38:34,118 - INFO -     💰 当前价格: $12.03
2025-12-25 05:38:34,118 - INFO -     📊 位置: 4h=28.57% | 12h=52.38% | 24h=71.43% | 48h=59.52%
2025-12-25 05:38:34,619 - INFO -   [12/27] 采集 BCH-USDT-SWAP...
2025-12-25 05:38:34,856 - INFO -     💰 当前价格: $572.4
2025-12-25 05:38:34,856 - INFO -     📊 位置: 4h=77.78% | 12h=85.32% | 24h=53.14% | 48h=38.11%
2025-12-25 05:38:35,356 - INFO -   [13/27] 采集 HBAR-USDT-SWAP...
2025-12-25 05:38:35,599 - INFO -     💰 当前价格: $0.11151
2025-12-25 05:38:35,600 - INFO -     📊 位置: 4h=80.77% | 12h=84.42% | 24h=86.08% | 48h=72.65%
2025-12-25 05:38:36,100 - INFO -   [14/27] 采集 XLM-USDT-SWAP...
2025-12-25 05:38:36,332 - INFO -     💰 当前价格: $0.21435
2025-12-25 05:38:36,332 - INFO -     📊 位置: 4h=63.25% | 12h=72.21% | 24h=72.21% | 48h=40.9%
2025-12-25 05:38:36,832 - INFO -   [15/27] 采集 FIL-USDT-SWAP...
2025-12-25 05:38:37,077 - INFO -     💰 当前价格: $1.275
2025-12-25 05:38:37,077 - INFO -     📊 位置: 4h=31.82% | 12h=42.31% | 24h=46.43% | 48h=14.44%
2025-12-25 05:38:37,577 - INFO -   [16/27] 采集 LINK-USDT-SWAP...
2025-12-25 05:38:37,811 - INFO -     💰 当前价格: $12.283
2025-12-25 05:38:37,811 - INFO -     📊 位置: 4h=32.11% | 12h=65.0% | 24h=76.05% | 48h=55.68%
2025-12-25 05:38:38,312 - INFO -   [17/27] 采集 CRO-USDT-SWAP...
2025-12-25 05:38:38,541 - INFO -     💰 当前价格: $0.09411
2025-12-25 05:38:38,541 - INFO -     📊 位置: 4h=81.94% | 12h=87.91% | 24h=87.91% | 48h=52.5%
2025-12-25 05:38:39,042 - INFO -   [18/27] 采集 DOT-USDT-SWAP...
2025-12-25 05:38:39,279 - INFO -     💰 当前价格: $1.739
2025-12-25 05:38:39,279 - INFO -     📊 位置: 4h=29.41% | 12h=67.57% | 24h=74.47% | 48h=42.68%
2025-12-25 05:38:39,780 - INFO -   [19/27] 采集 AAVE-USDT-SWAP...
2025-12-25 05:38:40,072 - INFO -     💰 当前价格: $150.15
2025-12-25 05:38:40,072 - INFO -     📊 位置: 4h=48.93% | 12h=69.17% | 24h=76.39% | 48h=44.87%
2025-12-25 05:38:40,572 - INFO -   [20/27] 采集 UNI-USDT-SWAP...
2025-12-25 05:38:40,808 - INFO -     💰 当前价格: $5.768
2025-12-25 05:38:40,809 - INFO -     📊 位置: 4h=4.26% | 12h=13.46% | 24h=61.07% | 48h=37.22%
2025-12-25 05:38:41,309 - INFO -   [21/27] 采集 NEAR-USDT-SWAP...
2025-12-25 05:38:41,548 - INFO -     💰 当前价格: $1.494
2025-12-25 05:38:41,549 - INFO -     📊 位置: 4h=64.0% | 12h=74.29% | 24h=77.22% | 48h=62.89%
2025-12-25 05:38:42,049 - INFO -   [22/27] 采集 APT-USDT-SWAP...
2025-12-25 05:38:42,277 - INFO -     💰 当前价格: $1.678
2025-12-25 05:38:42,278 - INFO -     📊 位置: 4h=84.13% | 12h=90.1% | 24h=92.65% | 48h=92.65%
2025-12-25 05:38:42,778 - INFO -   [23/27] 采集 CFX-USDT-SWAP...
2025-12-25 05:38:43,014 - INFO -     💰 当前价格: $0.07592
2025-12-25 05:38:43,014 - INFO -     📊 位置: 4h=35.38% | 12h=61.8% | 24h=75.32% | 48h=75.32%
2025-12-25 05:38:43,514 - INFO -   [24/27] 采集 CRV-USDT-SWAP...
2025-12-25 05:38:43,756 - INFO -     💰 当前价格: $0.3792
2025-12-25 05:38:43,757 - INFO -     📊 位置: 4h=28.0% | 12h=50.46% | 24h=74.14% | 48h=75.0%
2025-12-25 05:38:44,257 - INFO -   [25/27] 采集 STX-USDT-SWAP...
2025-12-25 05:38:44,486 - INFO -     💰 当前价格: $0.2531
2025-12-25 05:38:44,487 - INFO -     📊 位置: 4h=86.0% | 12h=92.78% | 24h=96.02% | 48h=96.02%
2025-12-25 05:38:44,987 - INFO -   [26/27] 采集 LDO-USDT-SWAP...
2025-12-25 05:38:45,221 - INFO -     💰 当前价格: $0.5585
2025-12-25 05:38:45,222 - INFO -     📊 位置: 4h=85.84% | 12h=90.57% | 24h=93.05% | 48h=93.05%
2025-12-25 05:38:45,722 - INFO -   [27/27] 采集 TAO-USDT-SWAP...
2025-12-25 05:38:45,956 - INFO -     💰 当前价格: $221.7
2025-12-25 05:38:45,956 - INFO -     📊 位置: 4h=59.68% | 12h=73.4% | 24h=86.19% | 48h=86.19%
2025-12-25 05:38:46,463 - INFO - 💾 数据保存成功: 27 个币种
2025-12-25 05:38:46,468 - INFO - 📊 统计数据保存成功:
2025-12-25 05:38:46,468 - INFO -     4h低于1%: 0/27
2025-12-25 05:38:46,468 - INFO -    12h低于1%: 0/27
2025-12-25 05:38:46,469 - INFO -    24h低于1%: 0/27
2025-12-25 05:38:46,469 - INFO -    48h低于1%: 0/27
2025-12-25 05:38:46,469 - INFO - ✅ 数据采集完成: 成功 27/27
2025-12-25 05:38:46,469 - INFO - ⏳ 等待 300 秒后进行下一次采集...

2025-12-25 05:43:07,002 - INFO - ⛔ 收到停止信号，退出采集器
2025-12-25 05:43:07,381 - INFO - ✅ 数据库初始化完成
2025-12-25 05:43:07,381 - INFO - 📊 开始采集位置系统数据...
2025-12-25 05:43:07,381 - INFO - 📋 币种列表: 27 个币种
2025-12-25 05:43:07,392 - INFO -   [1/27] 采集 BTC-USDT-SWAP...
2025-12-25 05:43:07,621 - INFO -     💰 当前价格: $87702.0
2025-12-25 05:43:07,622 - INFO -     📊 位置: 4h=41.54% | 12h=60.15% | 24h=80.27% | 48h=68.18%
2025-12-25 05:43:08,122 - INFO -   [2/27] 采集 ETH-USDT-SWAP...
2025-12-25 05:43:08,363 - INFO -     💰 当前价格: $2940.71
2025-12-25 05:43:08,364 - INFO -     📊 位置: 4h=20.78% | 12h=35.86% | 24h=71.14% | 48h=54.29%
2025-12-25 05:43:08,864 - INFO -   [3/27] 采集 XRP-USDT-SWAP...
2025-12-25 05:43:09,255 - INFO -     💰 当前价格: $1.87
2025-12-25 05:43:09,255 - INFO -     📊 位置: 4h=63.41% | 12h=82.82% | 24h=82.93% | 48h=49.78%
2025-12-25 05:43:09,756 - INFO -   [4/27] 采集 BNB-USDT-SWAP...
2025-12-25 05:43:09,990 - INFO -     💰 当前价格: $842.1
2025-12-25 05:43:09,990 - INFO -     📊 位置: 4h=10.17% | 12h=7.41% | 24h=50.0% | 48h=41.44%
2025-12-25 05:43:10,491 - INFO -   [5/27] 采集 SOL-USDT-SWAP...
2025-12-25 05:43:10,730 - INFO -     💰 当前价格: $122.23
2025-12-25 05:43:10,730 - INFO -     📊 位置: 4h=11.34% | 12h=31.33% | 24h=58.76% | 48h=33.73%
2025-12-25 05:43:11,231 - INFO -   [6/27] 采集 LTC-USDT-SWAP...
2025-12-25 05:43:11,465 - INFO -     💰 当前价格: $76.18
2025-12-25 05:43:11,465 - INFO -     📊 位置: 4h=63.38% | 12h=76.36% | 24h=63.19% | 48h=37.05%
2025-12-25 05:43:11,966 - INFO -   [7/27] 采集 DOGE-USDT-SWAP...
2025-12-25 05:43:12,203 - INFO -     💰 当前价格: $0.12844
2025-12-25 05:43:12,204 - INFO -     📊 位置: 4h=25.3% | 12h=49.43% | 24h=68.09% | 48h=41.4%
2025-12-25 05:43:12,704 - INFO -   [8/27] 采集 SUI-USDT-SWAP...
2025-12-25 05:43:12,940 - INFO -     💰 当前价格: $1.4128
2025-12-25 05:43:12,941 - INFO -     📊 位置: 4h=21.62% | 12h=30.23% | 24h=62.9% | 48h=36.73%
2025-12-25 05:43:13,441 - INFO -   [9/27] 采集 TRX-USDT-SWAP...
2025-12-25 05:43:13,668 - INFO -     💰 当前价格: $0.28028
2025-12-25 05:43:13,668 - INFO -     📊 位置: 4h=60.0% | 12h=46.65% | 24h=29.26% | 48h=24.79%
2025-12-25 05:43:14,168 - INFO -   [10/27] 采集 TON-USDT-SWAP...
2025-12-25 05:43:14,407 - INFO -     💰 当前价格: $1.533
2025-12-25 05:43:14,407 - INFO -     📊 位置: 4h=50.65% | 12h=59.14% | 24h=68.6% | 48h=70.77%
2025-12-25 05:43:14,907 - INFO -   [11/27] 采集 ETC-USDT-SWAP...
2025-12-25 05:43:15,150 - INFO -     💰 当前价格: $12.05
2025-12-25 05:43:15,151 - INFO -     📊 位置: 4h=42.86% | 12h=61.9% | 24h=77.14% | 48h=64.29%
2025-12-25 05:43:15,651 - INFO -   [12/27] 采集 BCH-USDT-SWAP...
2025-12-25 05:43:15,882 - INFO -     💰 当前价格: $572.4
2025-12-25 05:43:15,882 - INFO -     📊 位置: 4h=77.78% | 12h=85.32% | 24h=53.14% | 48h=38.11%
2025-12-25 05:43:16,383 - INFO -   [13/27] 采集 HBAR-USDT-SWAP...
2025-12-25 05:43:16,615 - INFO -     💰 当前价格: $0.11153
2025-12-25 05:43:16,615 - INFO -     📊 位置: 4h=81.47% | 12h=84.99% | 24h=86.58% | 48h=73.08%
2025-12-25 05:43:17,115 - INFO -   [14/27] 采集 XLM-USDT-SWAP...
2025-12-25 05:43:17,348 - INFO -     💰 当前价格: $0.21452
2025-12-25 05:43:17,348 - INFO -     📊 位置: 4h=68.37% | 12h=76.08% | 24h=76.08% | 48h=43.1%
2025-12-25 05:43:17,849 - INFO -   [15/27] 采集 FIL-USDT-SWAP...
2025-12-25 05:43:18,072 - INFO -     💰 当前价格: $1.276
2025-12-25 05:43:18,072 - INFO -     📊 位置: 4h=36.36% | 12h=46.15% | 24h=50.0% | 48h=15.56%
2025-12-25 05:43:18,572 - INFO -   [16/27] 采集 LINK-USDT-SWAP...
2025-12-25 05:43:18,819 - INFO -     💰 当前价格: $12.29
2025-12-25 05:43:18,819 - INFO -     📊 位置: 4h=38.53% | 12h=67.69% | 24h=77.89% | 48h=57.03%
2025-12-25 05:43:19,320 - INFO -   [17/27] 采集 CRO-USDT-SWAP...
2025-12-25 05:43:19,553 - INFO -     💰 当前价格: $0.09411
2025-12-25 05:43:19,554 - INFO -     📊 位置: 4h=81.94% | 12h=87.91% | 24h=87.91% | 48h=52.5%
2025-12-25 05:43:20,054 - INFO -   [18/27] 采集 DOT-USDT-SWAP...
2025-12-25 05:43:20,291 - INFO -     💰 当前价格: $1.74
2025-12-25 05:43:20,292 - INFO -     📊 位置: 4h=35.29% | 12h=70.27% | 24h=76.6% | 48h=43.9%
2025-12-25 05:43:20,792 - INFO -   [19/27] 采集 AAVE-USDT-SWAP...
2025-12-25 05:43:21,022 - INFO -     💰 当前价格: $150.21
2025-12-25 05:43:21,023 - INFO -     📊 位置: 4h=51.5% | 12h=70.73% | 24h=77.58% | 48h=45.57%
2025-12-25 05:43:21,523 - INFO -   [20/27] 采集 UNI-USDT-SWAP...
2025-12-25 05:43:21,772 - INFO -     💰 当前价格: $5.774
2025-12-25 05:43:21,773 - INFO -     📊 位置: 4h=10.64% | 12h=19.23% | 24h=63.09% | 48h=38.45%
2025-12-25 05:43:22,273 - INFO -   [21/27] 采集 NEAR-USDT-SWAP...
2025-12-25 05:43:22,508 - INFO -     💰 当前价格: $1.493
2025-12-25 05:43:22,508 - INFO -     📊 位置: 4h=62.0% | 12h=72.86% | 24h=75.95% | 48h=61.86%
2025-12-25 05:43:23,009 - INFO -   [22/27] 采集 APT-USDT-SWAP...
2025-12-25 05:43:23,250 - INFO -     💰 当前价格: $1.682
2025-12-25 05:43:23,250 - INFO -     📊 位置: 4h=90.48% | 12h=94.06% | 24h=95.59% | 48h=95.59%
2025-12-25 05:43:23,750 - INFO -   [23/27] 采集 CFX-USDT-SWAP...
2025-12-25 05:43:23,985 - INFO -     💰 当前价格: $0.07602
2025-12-25 05:43:23,986 - INFO -     📊 位置: 4h=39.23% | 12h=63.23% | 24h=76.25% | 48h=76.25%
2025-12-25 05:43:24,486 - INFO -   [24/27] 采集 CRV-USDT-SWAP...
2025-12-25 05:43:24,762 - INFO -     💰 当前价格: $0.3796
2025-12-25 05:43:24,762 - INFO -     📊 位置: 4h=33.33% | 12h=54.13% | 24h=75.86% | 48h=76.67%
2025-12-25 05:43:25,262 - INFO -   [25/27] 采集 STX-USDT-SWAP...
2025-12-25 05:43:25,488 - INFO -     💰 当前价格: $0.2532
2025-12-25 05:43:25,488 - INFO -     📊 位置: 4h=88.0% | 12h=93.81% | 24h=96.59% | 48h=96.59%
2025-12-25 05:43:25,988 - INFO -   [26/27] 采集 LDO-USDT-SWAP...
2025-12-25 05:43:26,232 - INFO -     💰 当前价格: $0.5594
2025-12-25 05:43:26,232 - INFO -     📊 位置: 4h=89.7% | 12h=93.14% | 24h=94.95% | 48h=94.95%
2025-12-25 05:43:26,732 - INFO -   [27/27] 采集 TAO-USDT-SWAP...
2025-12-25 05:43:26,963 - INFO -     💰 当前价格: $221.7
2025-12-25 05:43:26,963 - INFO -     📊 位置: 4h=59.68% | 12h=73.4% | 24h=86.19% | 48h=86.19%
2025-12-25 05:43:27,470 - INFO - 💾 数据保存成功: 27 个币种
2025-12-25 05:43:27,476 - INFO - 📊 统计数据保存成功:
2025-12-25 05:43:27,476 - INFO -     4h低于1%: 0/27
2025-12-25 05:43:27,476 - INFO -    12h低于1%: 0/27
2025-12-25 05:43:27,476 - INFO -    24h低于1%: 0/27
2025-12-25 05:43:27,476 - INFO -    48h低于1%: 0/27
2025-12-25 05:43:27,476 - INFO - ✅ 数据采集完成: 成功 27/27
2025-12-25 05:43:27,477 - INFO - 🚀 位置系统采集器启动，采集间隔: 300秒
2025-12-25 05:43:27,477 - INFO - 📊 开始采集位置系统数据...
2025-12-25 05:43:27,477 - INFO - 📋 币种列表: 27 个币种
2025-12-25 05:43:27,477 - INFO -   [1/27] 采集 BTC-USDT-SWAP...
2025-12-25 05:43:27,721 - INFO -     💰 当前价格: $87705.9
2025-12-25 05:43:27,721 - INFO -     📊 位置: 4h=42.5% | 12h=60.62% | 24h=80.5% | 48h=68.38%
2025-12-25 05:43:28,221 - INFO -   [2/27] 采集 ETH-USDT-SWAP...
2025-12-25 05:43:28,454 - INFO -     💰 当前价格: $2940.51
2025-12-25 05:43:28,454 - INFO -     📊 位置: 4h=19.74% | 12h=35.28% | 24h=70.88% | 48h=54.09%
2025-12-25 05:43:28,954 - INFO -   [3/27] 采集 XRP-USDT-SWAP...
2025-12-25 05:43:29,183 - INFO -     💰 当前价格: $1.87
2025-12-25 05:43:29,183 - INFO -     📊 位置: 4h=63.41% | 12h=82.82% | 24h=82.93% | 48h=49.78%
2025-12-25 05:43:29,683 - INFO -   [4/27] 采集 BNB-USDT-SWAP...
2025-12-25 05:43:29,919 - INFO -     💰 当前价格: $842.1
2025-12-25 05:43:29,919 - INFO -     📊 位置: 4h=10.17% | 12h=7.41% | 24h=50.0% | 48h=41.44%
2025-12-25 05:43:30,420 - INFO -   [5/27] 采集 SOL-USDT-SWAP...
2025-12-25 05:43:30,653 - INFO -     💰 当前价格: $122.24
2025-12-25 05:43:30,653 - INFO -     📊 位置: 4h=12.37% | 12h=31.93% | 24h=59.11% | 48h=33.93%
2025-12-25 05:43:31,154 - INFO -   [6/27] 采集 LTC-USDT-SWAP...
2025-12-25 05:43:31,388 - INFO -     💰 当前价格: $76.18
2025-12-25 05:43:31,388 - INFO -     📊 位置: 4h=63.38% | 12h=76.36% | 24h=63.19% | 48h=37.05%
2025-12-25 05:43:31,888 - INFO -   [7/27] 采集 DOGE-USDT-SWAP...
2025-12-25 05:43:32,128 - INFO -     💰 当前价格: $0.12844
2025-12-25 05:43:32,128 - INFO -     📊 位置: 4h=25.3% | 12h=49.43% | 24h=68.09% | 48h=41.4%
2025-12-25 05:43:32,628 - INFO -   [8/27] 采集 SUI-USDT-SWAP...
2025-12-25 05:43:32,858 - INFO -     💰 当前价格: $1.4126
2025-12-25 05:43:32,858 - INFO -     📊 位置: 4h=19.82% | 12h=29.3% | 24h=62.41% | 48h=36.44%
2025-12-25 05:43:33,359 - INFO -   [9/27] 采集 TRX-USDT-SWAP...
2025-12-25 05:43:33,585 - INFO -     💰 当前价格: $0.28028
2025-12-25 05:43:33,586 - INFO -     📊 位置: 4h=60.0% | 12h=46.65% | 24h=29.26% | 48h=24.79%
2025-12-25 05:43:34,086 - INFO -   [10/27] 采集 TON-USDT-SWAP...
2025-12-25 05:43:34,324 - INFO -     💰 当前价格: $1.534
2025-12-25 05:43:34,324 - INFO -     📊 位置: 4h=51.95% | 12h=60.22% | 24h=69.42% | 48h=71.54%
2025-12-25 05:43:34,824 - INFO -   [11/27] 采集 ETC-USDT-SWAP...
2025-12-25 05:43:35,054 - INFO -     💰 当前价格: $12.05
2025-12-25 05:43:35,054 - INFO -     📊 位置: 4h=42.86% | 12h=61.9% | 24h=77.14% | 48h=64.29%
2025-12-25 05:43:35,554 - INFO -   [12/27] 采集 BCH-USDT-SWAP...
2025-12-25 05:43:35,790 - INFO -     💰 当前价格: $572.4
2025-12-25 05:43:35,790 - INFO -     📊 位置: 4h=77.78% | 12h=85.32% | 24h=53.14% | 48h=38.11%
2025-12-25 05:43:36,291 - INFO -   [13/27] 采集 HBAR-USDT-SWAP...
2025-12-25 05:43:36,530 - INFO -     💰 当前价格: $0.11154
2025-12-25 05:43:36,530 - INFO -     📊 位置: 4h=81.82% | 12h=85.27% | 24h=86.84% | 48h=73.29%
2025-12-25 05:43:37,030 - INFO -   [14/27] 采集 XLM-USDT-SWAP...
2025-12-25 05:43:37,266 - INFO -     💰 当前价格: $0.21452
2025-12-25 05:43:37,266 - INFO -     📊 位置: 4h=68.37% | 12h=76.08% | 24h=76.08% | 48h=43.1%
2025-12-25 05:43:37,767 - INFO -   [15/27] 采集 FIL-USDT-SWAP...
2025-12-25 05:43:38,004 - INFO -     💰 当前价格: $1.276
2025-12-25 05:43:38,005 - INFO -     📊 位置: 4h=36.36% | 12h=46.15% | 24h=50.0% | 48h=15.56%
2025-12-25 05:43:38,505 - INFO -   [16/27] 采集 LINK-USDT-SWAP...
2025-12-25 05:43:38,745 - INFO -     💰 当前价格: $12.291
2025-12-25 05:43:38,745 - INFO -     📊 位置: 4h=39.45% | 12h=68.08% | 24h=78.16% | 48h=57.23%
2025-12-25 05:43:39,246 - INFO -   [17/27] 采集 CRO-USDT-SWAP...
2025-12-25 05:43:39,477 - INFO -     💰 当前价格: $0.09411
2025-12-25 05:43:39,477 - INFO -     📊 位置: 4h=81.94% | 12h=87.91% | 24h=87.91% | 48h=52.5%
2025-12-25 05:43:39,978 - INFO -   [18/27] 采集 DOT-USDT-SWAP...
2025-12-25 05:43:40,205 - INFO -     💰 当前价格: $1.74
2025-12-25 05:43:40,205 - INFO -     📊 位置: 4h=35.29% | 12h=70.27% | 24h=76.6% | 48h=43.9%
2025-12-25 05:43:40,706 - INFO -   [19/27] 采集 AAVE-USDT-SWAP...
2025-12-25 05:43:40,934 - INFO -     💰 当前价格: $150.21
2025-12-25 05:43:40,934 - INFO -     📊 位置: 4h=51.5% | 12h=70.73% | 24h=77.58% | 48h=45.57%
2025-12-25 05:43:41,434 - INFO -   [20/27] 采集 UNI-USDT-SWAP...
2025-12-25 05:43:41,657 - INFO -     💰 当前价格: $5.773
2025-12-25 05:43:41,657 - INFO -     📊 位置: 4h=9.57% | 12h=18.27% | 24h=62.75% | 48h=38.24%
2025-12-25 05:43:42,157 - INFO -   [21/27] 采集 NEAR-USDT-SWAP...
2025-12-25 05:43:42,384 - INFO -     💰 当前价格: $1.493
2025-12-25 05:43:42,384 - INFO -     📊 位置: 4h=62.0% | 12h=72.86% | 24h=75.95% | 48h=61.86%
2025-12-25 05:43:42,885 - INFO -   [22/27] 采集 APT-USDT-SWAP...
2025-12-25 05:43:43,122 - INFO -     💰 当前价格: $1.682
2025-12-25 05:43:43,122 - INFO -     📊 位置: 4h=90.48% | 12h=94.06% | 24h=95.59% | 48h=95.59%
2025-12-25 05:43:43,622 - INFO -   [23/27] 采集 CFX-USDT-SWAP...
2025-12-25 05:43:43,859 - INFO -     💰 当前价格: $0.07607
2025-12-25 05:43:43,860 - INFO -     📊 位置: 4h=41.15% | 12h=63.95% | 24h=76.71% | 48h=76.71%
2025-12-25 05:43:44,360 - INFO -   [24/27] 采集 CRV-USDT-SWAP...
2025-12-25 05:43:44,601 - INFO -     💰 当前价格: $0.3796
2025-12-25 05:43:44,601 - INFO -     📊 位置: 4h=33.33% | 12h=54.13% | 24h=75.86% | 48h=76.67%
2025-12-25 05:43:45,101 - INFO -   [25/27] 采集 STX-USDT-SWAP...
2025-12-25 05:43:45,339 - INFO -     💰 当前价格: $0.2532
2025-12-25 05:43:45,340 - INFO -     📊 位置: 4h=88.0% | 12h=93.81% | 24h=96.59% | 48h=96.59%
2025-12-25 05:43:45,840 - INFO -   [26/27] 采集 LDO-USDT-SWAP...
2025-12-25 05:43:46,068 - INFO -     💰 当前价格: $0.5593
2025-12-25 05:43:46,068 - INFO -     📊 位置: 4h=89.27% | 12h=92.86% | 24h=94.74% | 48h=94.74%
2025-12-25 05:43:46,568 - INFO -   [27/27] 采集 TAO-USDT-SWAP...
2025-12-25 05:43:46,803 - INFO -     💰 当前价格: $221.7
2025-12-25 05:43:46,803 - INFO -     📊 位置: 4h=59.68% | 12h=73.4% | 24h=86.19% | 48h=86.19%
2025-12-25 05:43:47,310 - INFO - 💾 数据保存成功: 27 个币种
2025-12-25 05:43:47,315 - INFO - 📊 统计数据保存成功:
2025-12-25 05:43:47,315 - INFO -     4h低于1%: 0/27
2025-12-25 05:43:47,315 - INFO -    12h低于1%: 0/27
2025-12-25 05:43:47,316 - INFO -    24h低于1%: 0/27
2025-12-25 05:43:47,316 - INFO -    48h低于1%: 0/27
2025-12-25 05:43:47,316 - INFO - ✅ 数据采集完成: 成功 27/27
2025-12-25 05:43:47,316 - INFO - ⏳ 等待 300 秒后进行下一次采集...

2025-12-25 05:48:07,886 - INFO - ⛔ 收到停止信号，退出采集器
2025-12-25 05:48:08,244 - INFO - ✅ 数据库初始化完成
2025-12-25 05:48:08,244 - INFO - 📊 开始采集位置系统数据...
2025-12-25 05:48:08,244 - INFO - 📋 币种列表: 27 个币种
2025-12-25 05:48:08,255 - INFO -   [1/27] 采集 BTC-USDT-SWAP...
2025-12-25 05:48:08,481 - INFO -     💰 当前价格: $87731.7
2025-12-25 05:48:08,482 - INFO -     📊 位置: 4h=48.84% | 12h=63.71% | 24h=82.03% | 48h=69.68%
2025-12-25 05:48:08,982 - INFO -   [2/27] 采集 ETH-USDT-SWAP...
2025-12-25 05:48:09,213 - INFO -     💰 当前价格: $2942.13
2025-12-25 05:48:09,213 - INFO -     📊 位置: 4h=28.13% | 12h=39.98% | 24h=72.99% | 48h=55.7%
2025-12-25 05:48:09,713 - INFO -   [3/27] 采集 XRP-USDT-SWAP...
2025-12-25 05:48:09,953 - INFO -     💰 当前价格: $1.8702
2025-12-25 05:48:09,953 - INFO -     📊 位置: 4h=65.04% | 12h=83.59% | 24h=83.41% | 48h=50.07%
2025-12-25 05:48:10,453 - INFO -   [4/27] 采集 BNB-USDT-SWAP...
2025-12-25 05:48:10,684 - INFO -     💰 当前价格: $842.1
2025-12-25 05:48:10,684 - INFO -     📊 位置: 4h=10.17% | 12h=7.41% | 24h=50.0% | 48h=41.44%
2025-12-25 05:48:11,184 - INFO -   [5/27] 采集 SOL-USDT-SWAP...
2025-12-25 05:48:11,420 - INFO -     💰 当前价格: $122.28
2025-12-25 05:48:11,421 - INFO -     📊 位置: 4h=16.49% | 12h=34.34% | 24h=60.48% | 48h=34.71%
2025-12-25 05:48:11,921 - INFO -   [6/27] 采集 LTC-USDT-SWAP...
2025-12-25 05:48:12,158 - INFO -     💰 当前价格: $76.26
2025-12-25 05:48:12,158 - INFO -     📊 位置: 4h=74.65% | 12h=83.64% | 24h=68.1% | 48h=39.93%
2025-12-25 05:48:12,659 - INFO -   [7/27] 采集 DOGE-USDT-SWAP...
2025-12-25 05:48:12,891 - INFO -     💰 当前价格: $0.12844
2025-12-25 05:48:12,891 - INFO -     📊 位置: 4h=25.3% | 12h=49.43% | 24h=68.09% | 48h=41.4%
2025-12-25 05:48:13,391 - INFO -   [8/27] 采集 SUI-USDT-SWAP...
2025-12-25 05:48:13,627 - INFO -     💰 当前价格: $1.4132
2025-12-25 05:48:13,627 - INFO -     📊 位置: 4h=25.23% | 12h=32.09% | 24h=63.88% | 48h=37.3%
2025-12-25 05:48:14,127 - INFO -   [9/27] 采集 TRX-USDT-SWAP...
2025-12-25 05:48:14,362 - INFO -     💰 当前价格: $0.28008
2025-12-25 05:48:14,362 - INFO -     📊 位置: 4h=31.43% | 12h=40.26% | 24h=25.25% | 48h=21.39%
2025-12-25 05:48:14,863 - INFO -   [10/27] 采集 TON-USDT-SWAP...
2025-12-25 05:48:15,097 - INFO -     💰 当前价格: $1.529
2025-12-25 05:48:15,097 - INFO -     📊 位置: 4h=45.45% | 12h=54.84% | 24h=65.29% | 48h=67.69%
2025-12-25 05:48:15,597 - INFO -   [11/27] 采集 ETC-USDT-SWAP...
2025-12-25 05:48:15,829 - INFO -     💰 当前价格: $12.05
2025-12-25 05:48:15,829 - INFO -     📊 位置: 4h=42.86% | 12h=61.9% | 24h=77.14% | 48h=64.29%
2025-12-25 05:48:16,330 - INFO -   [12/27] 采集 BCH-USDT-SWAP...
2025-12-25 05:48:16,561 - INFO -     💰 当前价格: $572.1
2025-12-25 05:48:16,562 - INFO -     📊 位置: 4h=73.61% | 12h=82.57% | 24h=51.43% | 48h=36.89%
2025-12-25 05:48:17,062 - INFO -   [13/27] 采集 HBAR-USDT-SWAP...
2025-12-25 05:48:17,298 - INFO -     💰 当前价格: $0.11162
2025-12-25 05:48:17,298 - INFO -     📊 位置: 4h=84.62% | 12h=87.54% | 24h=88.86% | 48h=75.0%
2025-12-25 05:48:17,799 - INFO -   [14/27] 采集 XLM-USDT-SWAP...
2025-12-25 05:48:18,028 - INFO -     💰 当前价格: $0.21443
2025-12-25 05:48:18,029 - INFO -     📊 位置: 4h=65.66% | 12h=74.03% | 24h=74.03% | 48h=41.94%
2025-12-25 05:48:18,529 - INFO -   [15/27] 采集 FIL-USDT-SWAP...
2025-12-25 05:48:18,763 - INFO -     💰 当前价格: $1.275
2025-12-25 05:48:18,763 - INFO -     📊 位置: 4h=31.82% | 12h=42.31% | 24h=46.43% | 48h=14.44%
2025-12-25 05:48:19,264 - INFO -   [16/27] 采集 LINK-USDT-SWAP...
2025-12-25 05:48:19,510 - INFO -     💰 当前价格: $12.297
2025-12-25 05:48:19,510 - INFO -     📊 位置: 4h=44.95% | 12h=70.38% | 24h=79.74% | 48h=58.38%
2025-12-25 05:48:20,010 - INFO -   [17/27] 采集 CRO-USDT-SWAP...
2025-12-25 05:48:20,258 - INFO -     💰 当前价格: $0.09408
2025-12-25 05:48:20,259 - INFO -     📊 位置: 4h=79.86% | 12h=86.51% | 24h=86.51% | 48h=51.67%
2025-12-25 05:48:20,759 - INFO -   [18/27] 采集 DOT-USDT-SWAP...
2025-12-25 05:48:20,989 - INFO -     💰 当前价格: $1.74
2025-12-25 05:48:20,990 - INFO -     📊 位置: 4h=35.29% | 12h=70.27% | 24h=76.6% | 48h=43.9%
2025-12-25 05:48:21,490 - INFO -   [19/27] 采集 AAVE-USDT-SWAP...
2025-12-25 05:48:21,742 - INFO -     💰 当前价格: $150.42
2025-12-25 05:48:21,742 - INFO -     📊 位置: 4h=60.52% | 12h=76.17% | 24h=81.75% | 48h=48.02%
2025-12-25 05:48:22,242 - INFO -   [20/27] 采集 UNI-USDT-SWAP...
2025-12-25 05:48:22,475 - INFO -     💰 当前价格: $5.775
2025-12-25 05:48:22,476 - INFO -     📊 位置: 4h=11.7% | 12h=20.19% | 24h=63.42% | 48h=38.65%
2025-12-25 05:48:22,976 - INFO -   [21/27] 采集 NEAR-USDT-SWAP...
2025-12-25 05:48:23,217 - INFO -     💰 当前价格: $1.493
2025-12-25 05:48:23,217 - INFO -     📊 位置: 4h=62.0% | 12h=72.86% | 24h=75.95% | 48h=61.86%
2025-12-25 05:48:23,718 - INFO -   [22/27] 采集 APT-USDT-SWAP...
2025-12-25 05:48:23,948 - INFO -     💰 当前价格: $1.674
2025-12-25 05:48:23,949 - INFO -     📊 位置: 4h=77.78% | 12h=86.14% | 24h=89.71% | 48h=89.71%
2025-12-25 05:48:24,449 - INFO -   [23/27] 采集 CFX-USDT-SWAP...
2025-12-25 05:48:24,684 - INFO -     💰 当前价格: $0.07607
2025-12-25 05:48:24,685 - INFO -     📊 位置: 4h=41.15% | 12h=63.95% | 24h=76.71% | 48h=76.71%
2025-12-25 05:48:25,185 - INFO -   [24/27] 采集 CRV-USDT-SWAP...
2025-12-25 05:48:25,413 - INFO -     💰 当前价格: $0.3796
2025-12-25 05:48:25,413 - INFO -     📊 位置: 4h=33.33% | 12h=54.13% | 24h=75.86% | 48h=76.67%
2025-12-25 05:48:25,913 - INFO -   [25/27] 采集 STX-USDT-SWAP...
2025-12-25 05:48:26,150 - INFO -     💰 当前价格: $0.2534
2025-12-25 05:48:26,151 - INFO -     📊 位置: 4h=92.0% | 12h=95.88% | 24h=97.73% | 48h=97.73%
2025-12-25 05:48:26,651 - INFO -   [26/27] 采集 LDO-USDT-SWAP...
2025-12-25 05:48:26,886 - INFO -     💰 当前价格: $0.5591
2025-12-25 05:48:26,886 - INFO -     📊 位置: 4h=88.41% | 12h=92.29% | 24h=94.32% | 48h=94.32%
2025-12-25 05:48:27,386 - INFO -   [27/27] 采集 TAO-USDT-SWAP...
2025-12-25 05:48:27,614 - INFO -     💰 当前价格: $222.1
2025-12-25 05:48:27,614 - INFO -     📊 位置: 4h=66.13% | 12h=77.66% | 24h=88.4% | 48h=88.4%
2025-12-25 05:48:28,121 - INFO - 💾 数据保存成功: 27 个币种
2025-12-25 05:48:28,126 - INFO - 📊 统计数据保存成功:
2025-12-25 05:48:28,127 - INFO -     4h低于1%: 0/27
2025-12-25 05:48:28,127 - INFO -    12h低于1%: 0/27
2025-12-25 05:48:28,127 - INFO -    24h低于1%: 0/27
2025-12-25 05:48:28,127 - INFO -    48h低于1%: 0/27
2025-12-25 05:48:28,127 - INFO - ✅ 数据采集完成: 成功 27/27
2025-12-25 05:48:28,127 - INFO - 🚀 位置系统采集器启动，采集间隔: 300秒
2025-12-25 05:48:28,127 - INFO - 📊 开始采集位置系统数据...
2025-12-25 05:48:28,128 - INFO - 📋 币种列表: 27 个币种
2025-12-25 05:48:28,128 - INFO -   [1/27] 采集 BTC-USDT-SWAP...
2025-12-25 05:48:28,353 - INFO -     💰 当前价格: $87724.4
2025-12-25 05:48:28,353 - INFO -     📊 位置: 4h=47.05% | 12h=62.84% | 24h=81.6% | 48h=69.31%
2025-12-25 05:48:28,854 - INFO -   [2/27] 采集 ETH-USDT-SWAP...
2025-12-25 05:48:29,091 - INFO -     💰 当前价格: $2941.88
2025-12-25 05:48:29,092 - INFO -     📊 位置: 4h=26.84% | 12h=39.25% | 24h=72.67% | 48h=55.45%
2025-12-25 05:48:29,592 - INFO -   [3/27] 采集 XRP-USDT-SWAP...
2025-12-25 05:48:29,829 - INFO -     💰 当前价格: $1.8702
2025-12-25 05:48:29,829 - INFO -     📊 位置: 4h=65.04% | 12h=83.59% | 24h=83.41% | 48h=50.07%
2025-12-25 05:48:30,330 - INFO -   [4/27] 采集 BNB-USDT-SWAP...
2025-12-25 05:48:30,572 - INFO -     💰 当前价格: $842.3
2025-12-25 05:48:30,573 - INFO -     📊 位置: 4h=13.56% | 12h=9.88% | 24h=51.33% | 48h=42.54%
2025-12-25 05:48:31,073 - INFO -   [5/27] 采集 SOL-USDT-SWAP...
2025-12-25 05:48:31,303 - INFO -     💰 当前价格: $122.28
2025-12-25 05:48:31,303 - INFO -     📊 位置: 4h=16.49% | 12h=34.34% | 24h=60.48% | 48h=34.71%
2025-12-25 05:48:31,804 - INFO -   [6/27] 采集 LTC-USDT-SWAP...
2025-12-25 05:48:32,036 - INFO -     💰 当前价格: $76.27
2025-12-25 05:48:32,037 - INFO -     📊 位置: 4h=76.06% | 12h=84.55% | 24h=68.71% | 48h=40.29%
2025-12-25 05:48:32,537 - INFO -   [7/27] 采集 DOGE-USDT-SWAP...
2025-12-25 05:48:32,777 - INFO -     💰 当前价格: $0.12845
2025-12-25 05:48:32,777 - INFO -     📊 位置: 4h=26.51% | 12h=50.0% | 24h=68.42% | 48h=41.6%
2025-12-25 05:48:33,277 - INFO -   [8/27] 采集 SUI-USDT-SWAP...
2025-12-25 05:48:33,517 - INFO -     💰 当前价格: $1.4131
2025-12-25 05:48:33,518 - INFO -     📊 位置: 4h=24.32% | 12h=31.63% | 24h=63.64% | 48h=37.16%
2025-12-25 05:48:34,018 - INFO -   [9/27] 采集 TRX-USDT-SWAP...
2025-12-25 05:48:34,255 - INFO -     💰 当前价格: $0.28008
2025-12-25 05:48:34,255 - INFO -     📊 位置: 4h=31.43% | 12h=40.26% | 24h=25.25% | 48h=21.39%
2025-12-25 05:48:34,756 - INFO -   [10/27] 采集 TON-USDT-SWAP...
2025-12-25 05:48:34,984 - INFO -     💰 当前价格: $1.529
2025-12-25 05:48:34,984 - INFO -     📊 位置: 4h=45.45% | 12h=54.84% | 24h=65.29% | 48h=67.69%
2025-12-25 05:48:35,486 - INFO -   [11/27] 采集 ETC-USDT-SWAP...
2025-12-25 05:48:35,720 - INFO -     💰 当前价格: $12.05
2025-12-25 05:48:35,721 - INFO -     📊 位置: 4h=42.86% | 12h=61.9% | 24h=77.14% | 48h=64.29%
2025-12-25 05:48:36,221 - INFO -   [12/27] 采集 BCH-USDT-SWAP...
2025-12-25 05:48:36,463 - INFO -     💰 当前价格: $572.1
2025-12-25 05:48:36,463 - INFO -     📊 位置: 4h=73.61% | 12h=82.57% | 24h=51.43% | 48h=36.89%
2025-12-25 05:48:36,964 - INFO -   [13/27] 采集 HBAR-USDT-SWAP...
2025-12-25 05:48:37,215 - INFO -     💰 当前价格: $0.11162
2025-12-25 05:48:37,215 - INFO -     📊 位置: 4h=84.62% | 12h=87.54% | 24h=88.86% | 48h=75.0%
2025-12-25 05:48:37,715 - INFO -   [14/27] 采集 XLM-USDT-SWAP...
2025-12-25 05:48:37,937 - INFO -     💰 当前价格: $0.21443
2025-12-25 05:48:37,937 - INFO -     📊 位置: 4h=65.66% | 12h=74.03% | 24h=74.03% | 48h=41.94%
2025-12-25 05:48:38,437 - INFO -   [15/27] 采集 FIL-USDT-SWAP...
2025-12-25 05:48:38,673 - INFO -     💰 当前价格: $1.275
2025-12-25 05:48:38,673 - INFO -     📊 位置: 4h=31.82% | 12h=42.31% | 24h=46.43% | 48h=14.44%
2025-12-25 05:48:39,173 - INFO -   [16/27] 采集 LINK-USDT-SWAP...
2025-12-25 05:48:39,419 - INFO -     💰 当前价格: $12.296
2025-12-25 05:48:39,419 - INFO -     📊 位置: 4h=44.04% | 12h=70.0% | 24h=79.47% | 48h=58.19%
2025-12-25 05:48:39,920 - INFO -   [17/27] 采集 CRO-USDT-SWAP...
2025-12-25 05:48:40,148 - INFO -     💰 当前价格: $0.09408
2025-12-25 05:48:40,148 - INFO -     📊 位置: 4h=79.86% | 12h=86.51% | 24h=86.51% | 48h=51.67%
2025-12-25 05:48:40,649 - INFO -   [18/27] 采集 DOT-USDT-SWAP...
2025-12-25 05:48:40,880 - INFO -     💰 当前价格: $1.74
2025-12-25 05:48:40,880 - INFO -     📊 位置: 4h=35.29% | 12h=70.27% | 24h=76.6% | 48h=43.9%
2025-12-25 05:48:41,381 - INFO -   [19/27] 采集 AAVE-USDT-SWAP...
2025-12-25 05:48:41,610 - INFO -     💰 当前价格: $150.45
2025-12-25 05:48:41,610 - INFO -     📊 位置: 4h=61.8% | 12h=76.94% | 24h=82.34% | 48h=48.37%
2025-12-25 05:48:42,111 - INFO -   [20/27] 采集 UNI-USDT-SWAP...
2025-12-25 05:48:42,340 - INFO -     💰 当前价格: $5.775
2025-12-25 05:48:42,341 - INFO -     📊 位置: 4h=11.7% | 12h=20.19% | 24h=63.42% | 48h=38.65%
2025-12-25 05:48:42,841 - INFO -   [21/27] 采集 NEAR-USDT-SWAP...
2025-12-25 05:48:43,067 - INFO -     💰 当前价格: $1.492
2025-12-25 05:48:43,067 - INFO -     📊 位置: 4h=60.0% | 12h=71.43% | 24h=74.68% | 48h=60.82%
2025-12-25 05:48:43,568 - INFO -   [22/27] 采集 APT-USDT-SWAP...
2025-12-25 05:48:43,805 - INFO -     💰 当前价格: $1.672
2025-12-25 05:48:43,805 - INFO -     📊 位置: 4h=74.6% | 12h=84.16% | 24h=88.24% | 48h=88.24%
2025-12-25 05:48:44,305 - INFO -   [23/27] 采集 CFX-USDT-SWAP...
2025-12-25 05:48:44,536 - INFO -     💰 当前价格: $0.07608
2025-12-25 05:48:44,537 - INFO -     📊 位置: 4h=41.54% | 12h=64.09% | 24h=76.8% | 48h=76.8%
2025-12-25 05:48:45,037 - INFO -   [24/27] 采集 CRV-USDT-SWAP...
2025-12-25 05:48:45,267 - INFO -     💰 当前价格: $0.3797
2025-12-25 05:48:45,267 - INFO -     📊 位置: 4h=34.67% | 12h=55.05% | 24h=76.29% | 48h=77.08%
2025-12-25 05:48:45,768 - INFO -   [25/27] 采集 STX-USDT-SWAP...
2025-12-25 05:48:45,998 - INFO -     💰 当前价格: $0.2534
2025-12-25 05:48:45,998 - INFO -     📊 位置: 4h=92.0% | 12h=95.88% | 24h=97.73% | 48h=97.73%
2025-12-25 05:48:46,498 - INFO -   [26/27] 采集 LDO-USDT-SWAP...
2025-12-25 05:48:46,729 - INFO -     💰 当前价格: $0.5591
2025-12-25 05:48:46,729 - INFO -     📊 位置: 4h=88.41% | 12h=92.29% | 24h=94.32% | 48h=94.32%
2025-12-25 05:48:47,230 - INFO -   [27/27] 采集 TAO-USDT-SWAP...
2025-12-25 05:48:47,461 - INFO -     💰 当前价格: $222.1
2025-12-25 05:48:47,461 - INFO -     📊 位置: 4h=66.13% | 12h=77.66% | 24h=88.4% | 48h=88.4%
2025-12-25 05:48:47,964 - INFO - 💾 数据保存成功: 27 个币种
2025-12-25 05:48:47,966 - INFO - 📊 统计数据保存成功:
2025-12-25 05:48:47,966 - INFO -     4h低于1%: 0/27
2025-12-25 05:48:47,966 - INFO -    12h低于1%: 0/27
2025-12-25 05:48:47,966 - INFO -    24h低于1%: 0/27
2025-12-25 05:48:47,966 - INFO -    48h低于1%: 0/27
2025-12-25 05:48:47,966 - INFO - ✅ 数据采集完成: 成功 27/27
2025-12-25 05:48:47,967 - INFO - ⏳ 等待 300 秒后进行下一次采集...

2025-12-25 05:53:24,211 - INFO - ⛔ 收到停止信号，退出采集器
2025-12-25 05:53:24,597 - INFO - ✅ 数据库初始化完成
2025-12-25 05:53:24,597 - INFO - 📊 开始采集位置系统数据...
2025-12-25 05:53:24,597 - INFO - 📋 币种列表: 27 个币种
2025-12-25 05:53:24,608 - INFO -   [1/27] 采集 BTC-USDT-SWAP...
2025-12-25 05:53:24,849 - INFO -     💰 当前价格: $87739.1
2025-12-25 05:53:24,849 - INFO -     📊 位置: 4h=50.66% | 12h=64.6% | 24h=82.47% | 48h=70.05%
2025-12-25 05:53:25,350 - INFO -   [2/27] 采集 ETH-USDT-SWAP...
2025-12-25 05:53:25,574 - INFO -     💰 当前价格: $2942.1
2025-12-25 05:53:25,575 - INFO -     📊 位置: 4h=27.98% | 12h=39.89% | 24h=72.95% | 48h=55.67%
2025-12-25 05:53:26,075 - INFO -   [3/27] 采集 XRP-USDT-SWAP...
2025-12-25 05:53:26,300 - INFO -     💰 当前价格: $1.8697
2025-12-25 05:53:26,300 - INFO -     📊 位置: 4h=60.98% | 12h=81.68% | 24h=82.2% | 48h=49.34%
2025-12-25 05:53:26,800 - INFO -   [4/27] 采集 BNB-USDT-SWAP...
2025-12-25 05:53:27,030 - INFO -     💰 当前价格: $842.2
2025-12-25 05:53:27,031 - INFO -     📊 位置: 4h=11.86% | 12h=8.64% | 24h=50.67% | 48h=41.99%
2025-12-25 05:53:27,531 - INFO -   [5/27] 采集 SOL-USDT-SWAP...
2025-12-25 05:53:27,766 - INFO -     💰 当前价格: $122.31
2025-12-25 05:53:27,766 - INFO -     📊 位置: 4h=19.59% | 12h=36.14% | 24h=61.51% | 48h=35.31%
2025-12-25 05:53:28,267 - INFO -   [6/27] 采集 LTC-USDT-SWAP...
2025-12-25 05:53:28,512 - INFO -     💰 当前价格: $76.35
2025-12-25 05:53:28,512 - INFO -     📊 位置: 4h=87.32% | 12h=91.82% | 24h=73.62% | 48h=43.17%
2025-12-25 05:53:29,013 - INFO -   [7/27] 采集 DOGE-USDT-SWAP...
2025-12-25 05:53:29,263 - INFO -     💰 当前价格: $0.12847
2025-12-25 05:53:29,263 - INFO -     📊 位置: 4h=28.92% | 12h=51.14% | 24h=69.08% | 48h=42.0%
2025-12-25 05:53:29,764 - INFO -   [8/27] 采集 SUI-USDT-SWAP...
2025-12-25 05:53:29,998 - INFO -     💰 当前价格: $1.4148
2025-12-25 05:53:29,998 - INFO -     📊 位置: 4h=39.64% | 12h=39.53% | 24h=67.81% | 48h=39.6%
2025-12-25 05:53:30,498 - INFO -   [9/27] 采集 TRX-USDT-SWAP...
2025-12-25 05:53:30,732 - INFO -     💰 当前价格: $0.28002
2025-12-25 05:53:30,732 - INFO -     📊 位置: 4h=22.86% | 12h=38.34% | 24h=24.05% | 48h=20.37%
2025-12-25 05:53:31,233 - INFO -   [10/27] 采集 TON-USDT-SWAP...
2025-12-25 05:53:31,458 - INFO -     💰 当前价格: $1.531
2025-12-25 05:53:31,458 - INFO -     📊 位置: 4h=48.05% | 12h=56.99% | 24h=66.94% | 48h=69.23%
2025-12-25 05:53:31,958 - INFO -   [11/27] 采集 ETC-USDT-SWAP...
2025-12-25 05:53:32,191 - INFO -     💰 当前价格: $12.05
2025-12-25 05:53:32,191 - INFO -     📊 位置: 4h=42.86% | 12h=61.9% | 24h=77.14% | 48h=64.29%
2025-12-25 05:53:32,692 - INFO -   [12/27] 采集 BCH-USDT-SWAP...
2025-12-25 05:53:32,937 - INFO -     💰 当前价格: $572.1
2025-12-25 05:53:32,937 - INFO -     📊 位置: 4h=73.61% | 12h=82.57% | 24h=51.43% | 48h=36.89%
2025-12-25 05:53:33,438 - INFO -   [13/27] 采集 HBAR-USDT-SWAP...
2025-12-25 05:53:33,672 - INFO -     💰 当前价格: $0.11169
2025-12-25 05:53:33,673 - INFO -     📊 位置: 4h=87.06% | 12h=89.52% | 24h=90.63% | 48h=76.5%
2025-12-25 05:53:34,173 - INFO -   [14/27] 采集 XLM-USDT-SWAP...
2025-12-25 05:53:34,409 - INFO -     💰 当前价格: $0.21468
2025-12-25 05:53:34,409 - INFO -     📊 位置: 4h=73.19% | 12h=79.73% | 24h=79.73% | 48h=45.16%
2025-12-25 05:53:34,910 - INFO -   [15/27] 采集 FIL-USDT-SWAP...
2025-12-25 05:53:35,144 - INFO -     💰 当前价格: $1.276
2025-12-25 05:53:35,144 - INFO -     📊 位置: 4h=36.36% | 12h=46.15% | 24h=50.0% | 48h=15.56%
2025-12-25 05:53:35,644 - INFO -   [16/27] 采集 LINK-USDT-SWAP...
2025-12-25 05:53:35,889 - INFO -     💰 当前价格: $12.316
2025-12-25 05:53:35,890 - INFO -     📊 位置: 4h=62.39% | 12h=77.69% | 24h=84.74% | 48h=62.04%
2025-12-25 05:53:36,390 - INFO -   [17/27] 采集 CRO-USDT-SWAP...
2025-12-25 05:53:36,634 - INFO -     💰 当前价格: $0.09403
2025-12-25 05:53:36,635 - INFO -     📊 位置: 4h=76.39% | 12h=84.19% | 24h=84.19% | 48h=50.28%
2025-12-25 05:53:37,135 - INFO -   [18/27] 采集 DOT-USDT-SWAP...
2025-12-25 05:53:37,359 - INFO -     💰 当前价格: $1.739
2025-12-25 05:53:37,359 - INFO -     📊 位置: 4h=29.41% | 12h=67.57% | 24h=74.47% | 48h=42.68%
2025-12-25 05:53:37,859 - INFO -   [19/27] 采集 AAVE-USDT-SWAP...
2025-12-25 05:53:38,259 - INFO -     💰 当前价格: $150.46
2025-12-25 05:53:38,259 - INFO -     📊 位置: 4h=62.23% | 12h=77.2% | 24h=82.54% | 48h=48.48%
2025-12-25 05:53:38,759 - INFO -   [20/27] 采集 UNI-USDT-SWAP...
2025-12-25 05:53:38,987 - INFO -     💰 当前价格: $5.774
2025-12-25 05:53:38,988 - INFO -     📊 位置: 4h=10.64% | 12h=19.23% | 24h=63.09% | 48h=38.45%
2025-12-25 05:53:39,488 - INFO -   [21/27] 采集 NEAR-USDT-SWAP...
2025-12-25 05:53:39,720 - INFO -     💰 当前价格: $1.493
2025-12-25 05:53:39,720 - INFO -     📊 位置: 4h=62.0% | 12h=72.86% | 24h=75.95% | 48h=61.86%
2025-12-25 05:53:40,221 - INFO -   [22/27] 采集 APT-USDT-SWAP...
2025-12-25 05:53:40,462 - INFO -     💰 当前价格: $1.673
2025-12-25 05:53:40,462 - INFO -     📊 位置: 4h=76.19% | 12h=85.15% | 24h=88.97% | 48h=88.97%
2025-12-25 05:53:40,962 - INFO -   [23/27] 采集 CFX-USDT-SWAP...
2025-12-25 05:53:41,200 - INFO -     💰 当前价格: $0.0761
2025-12-25 05:53:41,200 - INFO -     📊 位置: 4h=42.31% | 12h=64.38% | 24h=76.99% | 48h=76.99%
2025-12-25 05:53:41,700 - INFO -   [24/27] 采集 CRV-USDT-SWAP...
2025-12-25 05:53:41,927 - INFO -     💰 当前价格: $0.3799
2025-12-25 05:53:41,928 - INFO -     📊 位置: 4h=37.33% | 12h=56.88% | 24h=77.16% | 48h=77.92%
2025-12-25 05:53:42,428 - INFO -   [25/27] 采集 STX-USDT-SWAP...
2025-12-25 05:53:42,655 - INFO -     💰 当前价格: $0.2534
2025-12-25 05:53:42,655 - INFO -     📊 位置: 4h=92.0% | 12h=95.88% | 24h=97.73% | 48h=97.73%
2025-12-25 05:53:43,155 - INFO -   [26/27] 采集 LDO-USDT-SWAP...
2025-12-25 05:53:43,385 - INFO -     💰 当前价格: $0.5592
2025-12-25 05:53:43,385 - INFO -     📊 位置: 4h=88.84% | 12h=92.57% | 24h=94.53% | 48h=94.53%
2025-12-25 05:53:43,885 - INFO -   [27/27] 采集 TAO-USDT-SWAP...
2025-12-25 05:53:44,118 - INFO -     💰 当前价格: $221.9
2025-12-25 05:53:44,118 - INFO -     📊 位置: 4h=62.9% | 12h=75.53% | 24h=87.29% | 48h=87.29%
2025-12-25 05:53:44,623 - INFO - 💾 数据保存成功: 27 个币种
2025-12-25 05:53:44,628 - INFO - 📊 统计数据保存成功:
2025-12-25 05:53:44,628 - INFO -     4h低于1%: 0/27
2025-12-25 05:53:44,629 - INFO -    12h低于1%: 0/27
2025-12-25 05:53:44,629 - INFO -    24h低于1%: 0/27
2025-12-25 05:53:44,629 - INFO -    48h低于1%: 0/27
2025-12-25 05:53:44,629 - INFO - ✅ 数据采集完成: 成功 27/27
2025-12-25 05:53:44,629 - INFO - 🚀 位置系统采集器启动，采集间隔: 300秒
2025-12-25 05:53:44,629 - INFO - 📊 开始采集位置系统数据...
2025-12-25 05:53:44,629 - INFO - 📋 币种列表: 27 个币种
2025-12-25 05:53:44,629 - INFO -   [1/27] 采集 BTC-USDT-SWAP...
2025-12-25 05:53:44,862 - INFO -     💰 当前价格: $87739.0
2025-12-25 05:53:44,862 - INFO -     📊 位置: 4h=50.64% | 12h=64.59% | 24h=82.46% | 48h=70.05%
2025-12-25 05:53:45,363 - INFO -   [2/27] 采集 ETH-USDT-SWAP...
2025-12-25 05:53:45,586 - INFO -     💰 当前价格: $2942.11
2025-12-25 05:53:45,586 - INFO -     📊 位置: 4h=28.03% | 12h=39.92% | 24h=72.97% | 48h=55.68%
2025-12-25 05:53:46,087 - INFO -   [3/27] 采集 XRP-USDT-SWAP...
2025-12-25 05:53:46,322 - INFO -     💰 当前价格: $1.8692
2025-12-25 05:53:46,322 - INFO -     📊 位置: 4h=56.91% | 12h=79.77% | 24h=80.98% | 48h=48.61%
2025-12-25 05:53:46,822 - INFO -   [4/27] 采集 BNB-USDT-SWAP...
2025-12-25 05:53:47,043 - INFO -     💰 当前价格: $842.2
2025-12-25 05:53:47,044 - INFO -     📊 位置: 4h=11.86% | 12h=8.64% | 24h=50.67% | 48h=41.99%
2025-12-25 05:53:47,544 - INFO -   [5/27] 采集 SOL-USDT-SWAP...
2025-12-25 05:53:47,790 - INFO -     💰 当前价格: $122.3
2025-12-25 05:53:47,790 - INFO -     📊 位置: 4h=18.56% | 12h=35.54% | 24h=61.17% | 48h=35.11%
2025-12-25 05:53:48,291 - INFO -   [6/27] 采集 LTC-USDT-SWAP...
2025-12-25 05:53:48,524 - INFO -     💰 当前价格: $76.34
2025-12-25 05:53:48,524 - INFO -     📊 位置: 4h=85.92% | 12h=90.91% | 24h=73.01% | 48h=42.81%
2025-12-25 05:53:49,024 - INFO -   [7/27] 采集 DOGE-USDT-SWAP...
2025-12-25 05:53:49,267 - INFO -     💰 当前价格: $0.12847
2025-12-25 05:53:49,268 - INFO -     📊 位置: 4h=28.92% | 12h=51.14% | 24h=69.08% | 48h=42.0%
2025-12-25 05:53:49,768 - INFO -   [8/27] 采集 SUI-USDT-SWAP...
2025-12-25 05:53:49,992 - INFO -     💰 当前价格: $1.4148
2025-12-25 05:53:49,992 - INFO -     📊 位置: 4h=39.64% | 12h=39.53% | 24h=67.81% | 48h=39.6%
2025-12-25 05:53:50,493 - INFO -   [9/27] 采集 TRX-USDT-SWAP...
2025-12-25 05:53:50,734 - INFO -     💰 当前价格: $0.28001
2025-12-25 05:53:50,734 - INFO -     📊 位置: 4h=21.43% | 12h=38.02% | 24h=23.85% | 48h=20.2%
2025-12-25 05:53:51,234 - INFO -   [10/27] 采集 TON-USDT-SWAP...
2025-12-25 05:53:51,464 - INFO -     💰 当前价格: $1.53
2025-12-25 05:53:51,464 - INFO -     📊 位置: 4h=46.75% | 12h=55.91% | 24h=66.12% | 48h=68.46%
2025-12-25 05:53:51,965 - INFO -   [11/27] 采集 ETC-USDT-SWAP...
2025-12-25 05:53:52,191 - INFO -     💰 当前价格: $12.05
2025-12-25 05:53:52,191 - INFO -     📊 位置: 4h=42.86% | 12h=61.9% | 24h=77.14% | 48h=64.29%
2025-12-25 05:53:52,692 - INFO -   [12/27] 采集 BCH-USDT-SWAP...
2025-12-25 05:53:52,926 - INFO -     💰 当前价格: $572.1
2025-12-25 05:53:52,926 - INFO -     📊 位置: 4h=73.61% | 12h=82.57% | 24h=51.43% | 48h=36.89%
2025-12-25 05:53:53,427 - INFO -   [13/27] 采集 HBAR-USDT-SWAP...
2025-12-25 05:53:53,660 - INFO -     💰 当前价格: $0.11171
2025-12-25 05:53:53,660 - INFO -     📊 位置: 4h=87.76% | 12h=90.08% | 24h=91.14% | 48h=76.92%
2025-12-25 05:53:54,160 - INFO -   [14/27] 采集 XLM-USDT-SWAP...
2025-12-25 05:53:54,394 - INFO -     💰 当前价格: $0.21468
2025-12-25 05:53:54,394 - INFO -     📊 位置: 4h=73.19% | 12h=79.73% | 24h=79.73% | 48h=45.16%
2025-12-25 05:53:54,895 - INFO -   [15/27] 采集 FIL-USDT-SWAP...
2025-12-25 05:53:55,132 - INFO -     💰 当前价格: $1.276
2025-12-25 05:53:55,132 - INFO -     📊 位置: 4h=36.36% | 12h=46.15% | 24h=50.0% | 48h=15.56%
2025-12-25 05:53:55,632 - INFO -   [16/27] 采集 LINK-USDT-SWAP...
2025-12-25 05:53:55,877 - INFO -     💰 当前价格: $12.316
2025-12-25 05:53:55,877 - INFO -     📊 位置: 4h=62.39% | 12h=77.69% | 24h=84.74% | 48h=62.04%
2025-12-25 05:53:56,378 - INFO -   [17/27] 采集 CRO-USDT-SWAP...
2025-12-25 05:53:56,614 - INFO -     💰 当前价格: $0.09403
2025-12-25 05:53:56,614 - INFO -     📊 位置: 4h=76.39% | 12h=84.19% | 24h=84.19% | 48h=50.28%
2025-12-25 05:53:57,114 - INFO -   [18/27] 采集 DOT-USDT-SWAP...
2025-12-25 05:53:57,349 - INFO -     💰 当前价格: $1.739
2025-12-25 05:53:57,350 - INFO -     📊 位置: 4h=29.41% | 12h=67.57% | 24h=74.47% | 48h=42.68%
2025-12-25 05:53:57,850 - INFO -   [19/27] 采集 AAVE-USDT-SWAP...
2025-12-25 05:53:58,084 - INFO -     💰 当前价格: $150.46
2025-12-25 05:53:58,084 - INFO -     📊 位置: 4h=62.23% | 12h=77.2% | 24h=82.54% | 48h=48.48%
2025-12-25 05:53:58,585 - INFO -   [20/27] 采集 UNI-USDT-SWAP...
2025-12-25 05:53:58,812 - INFO -     💰 当前价格: $5.773
2025-12-25 05:53:58,812 - INFO -     📊 位置: 4h=9.57% | 12h=18.27% | 24h=62.75% | 48h=38.24%
2025-12-25 05:53:59,312 - INFO -   [21/27] 采集 NEAR-USDT-SWAP...
2025-12-25 05:53:59,554 - INFO -     💰 当前价格: $1.493
2025-12-25 05:53:59,555 - INFO -     📊 位置: 4h=62.0% | 12h=72.86% | 24h=75.95% | 48h=61.86%
2025-12-25 05:54:00,055 - INFO -   [22/27] 采集 APT-USDT-SWAP...
2025-12-25 05:54:00,296 - INFO -     💰 当前价格: $1.671
2025-12-25 05:54:00,296 - INFO -     📊 位置: 4h=73.02% | 12h=83.17% | 24h=87.5% | 48h=87.5%
2025-12-25 05:54:00,796 - INFO -   [23/27] 采集 CFX-USDT-SWAP...
2025-12-25 05:54:01,033 - INFO -     💰 当前价格: $0.0761
2025-12-25 05:54:01,033 - INFO -     📊 位置: 4h=42.31% | 12h=64.38% | 24h=76.99% | 48h=76.99%
2025-12-25 05:54:01,533 - INFO -   [24/27] 采集 CRV-USDT-SWAP...
2025-12-25 05:54:01,757 - INFO -     💰 当前价格: $0.3798
2025-12-25 05:54:01,758 - INFO -     📊 位置: 4h=36.0% | 12h=55.96% | 24h=76.72% | 48h=77.5%
2025-12-25 05:54:02,258 - INFO -   [25/27] 采集 STX-USDT-SWAP...
2025-12-25 05:54:02,491 - INFO -     💰 当前价格: $0.2534
2025-12-25 05:54:02,491 - INFO -     📊 位置: 4h=92.0% | 12h=95.88% | 24h=97.73% | 48h=97.73%
2025-12-25 05:54:02,992 - INFO -   [26/27] 采集 LDO-USDT-SWAP...
2025-12-25 05:54:03,239 - INFO -     💰 当前价格: $0.5592
2025-12-25 05:54:03,239 - INFO -     📊 位置: 4h=88.84% | 12h=92.57% | 24h=94.53% | 48h=94.53%
2025-12-25 05:54:03,740 - INFO -   [27/27] 采集 TAO-USDT-SWAP...
2025-12-25 05:54:03,975 - INFO -     💰 当前价格: $222.0
2025-12-25 05:54:03,975 - INFO -     📊 位置: 4h=64.52% | 12h=76.6% | 24h=87.85% | 48h=87.85%
2025-12-25 05:54:04,480 - INFO - 💾 数据保存成功: 27 个币种
2025-12-25 05:54:04,484 - INFO - 📊 统计数据保存成功:
2025-12-25 05:54:04,484 - INFO -     4h低于1%: 0/27
2025-12-25 05:54:04,484 - INFO -    12h低于1%: 0/27
2025-12-25 05:54:04,485 - INFO -    24h低于1%: 0/27
2025-12-25 05:54:04,485 - INFO -    48h低于1%: 0/27
2025-12-25 05:54:04,485 - INFO - ✅ 数据采集完成: 成功 27/27
2025-12-25 05:54:04,485 - INFO - ⏳ 等待 300 秒后进行下一次采集...

2025-12-25 05:58:31,232 - INFO - ⛔ 收到停止信号，退出采集器
2025-12-25 05:58:31,601 - INFO - ✅ 数据库初始化完成
2025-12-25 05:58:31,601 - INFO - 📊 开始采集位置系统数据...
2025-12-25 05:58:31,601 - INFO - 📋 币种列表: 27 个币种
2025-12-25 05:58:31,612 - INFO -   [1/27] 采集 BTC-USDT-SWAP...
2025-12-25 05:58:31,847 - INFO -     💰 当前价格: $87723.5
2025-12-25 05:58:31,847 - INFO -     📊 位置: 4h=46.83% | 12h=62.73% | 24h=81.54% | 48h=69.26%
2025-12-25 05:58:32,347 - INFO -   [2/27] 采集 ETH-USDT-SWAP...
2025-12-25 05:58:32,574 - INFO -     💰 当前价格: $2941.36
2025-12-25 05:58:32,574 - INFO -     📊 位置: 4h=24.15% | 12h=37.75% | 24h=71.99% | 48h=54.93%
2025-12-25 05:58:33,075 - INFO -   [3/27] 采集 XRP-USDT-SWAP...
2025-12-25 05:58:33,308 - INFO -     💰 当前价格: $1.8683
2025-12-25 05:58:33,308 - INFO -     📊 位置: 4h=49.59% | 12h=76.34% | 24h=78.78% | 48h=47.29%
2025-12-25 05:58:33,808 - INFO -   [4/27] 采集 BNB-USDT-SWAP...
2025-12-25 05:58:34,043 - INFO -     💰 当前价格: $843.0
2025-12-25 05:58:34,043 - INFO -     📊 位置: 4h=25.42% | 12h=18.52% | 24h=56.0% | 48h=46.41%
2025-12-25 05:58:34,544 - INFO -   [5/27] 采集 SOL-USDT-SWAP...
2025-12-25 05:58:34,927 - INFO -     💰 当前价格: $122.29
2025-12-25 05:58:34,927 - INFO -     📊 位置: 4h=17.53% | 12h=34.94% | 24h=60.82% | 48h=34.91%
2025-12-25 05:58:35,427 - INFO -   [6/27] 采集 LTC-USDT-SWAP...
2025-12-25 05:58:35,657 - INFO -     💰 当前价格: $76.27
2025-12-25 05:58:35,657 - INFO -     📊 位置: 4h=76.06% | 12h=84.55% | 24h=68.71% | 48h=40.29%
2025-12-25 05:58:36,158 - INFO -   [7/27] 采集 DOGE-USDT-SWAP...
2025-12-25 05:58:36,395 - INFO -     💰 当前价格: $0.12837
2025-12-25 05:58:36,395 - INFO -     📊 位置: 4h=16.87% | 12h=45.45% | 24h=65.79% | 48h=40.0%
2025-12-25 05:58:36,895 - INFO -   [8/27] 采集 SUI-USDT-SWAP...
2025-12-25 05:58:37,129 - INFO -     💰 当前价格: $1.414
2025-12-25 05:58:37,129 - INFO -     📊 位置: 4h=32.43% | 12h=35.81% | 24h=65.85% | 48h=38.45%
2025-12-25 05:58:37,630 - INFO -   [9/27] 采集 TRX-USDT-SWAP...
2025-12-25 05:58:37,865 - INFO -     💰 当前价格: $0.28
2025-12-25 05:58:37,865 - INFO -     📊 位置: 4h=20.0% | 12h=37.7% | 24h=23.65% | 48h=20.03%
2025-12-25 05:58:38,366 - INFO -   [10/27] 采集 TON-USDT-SWAP...
2025-12-25 05:58:38,594 - INFO -     💰 当前价格: $1.52
2025-12-25 05:58:38,594 - INFO -     📊 位置: 4h=33.77% | 12h=45.16% | 24h=57.85% | 48h=60.77%
2025-12-25 05:58:39,095 - INFO -   [11/27] 采集 ETC-USDT-SWAP...
2025-12-25 05:58:39,336 - INFO -     💰 当前价格: $12.05
2025-12-25 05:58:39,336 - INFO -     📊 位置: 4h=42.86% | 12h=61.9% | 24h=77.14% | 48h=64.29%
2025-12-25 05:58:39,836 - INFO -   [12/27] 采集 BCH-USDT-SWAP...
2025-12-25 05:58:40,070 - INFO -     💰 当前价格: $571.9
2025-12-25 05:58:40,070 - INFO -     📊 位置: 4h=70.83% | 12h=80.73% | 24h=50.29% | 48h=36.07%
2025-12-25 05:58:40,570 - INFO -   [13/27] 采集 HBAR-USDT-SWAP...
2025-12-25 05:58:40,808 - INFO -     💰 当前价格: $0.11165
2025-12-25 05:58:40,808 - INFO -     📊 位置: 4h=85.66% | 12h=88.39% | 24h=89.62% | 48h=75.64%
2025-12-25 05:58:41,308 - INFO -   [14/27] 采集 XLM-USDT-SWAP...
2025-12-25 05:58:41,544 - INFO -     💰 当前价格: $0.21434
2025-12-25 05:58:41,545 - INFO -     📊 位置: 4h=62.95% | 12h=71.98% | 24h=71.98% | 48h=40.77%
2025-12-25 05:58:42,045 - INFO -   [15/27] 采集 FIL-USDT-SWAP...
2025-12-25 05:58:42,284 - INFO -     💰 当前价格: $1.277
2025-12-25 05:58:42,285 - INFO -     📊 位置: 4h=40.91% | 12h=50.0% | 24h=53.57% | 48h=16.67%
2025-12-25 05:58:42,785 - INFO -   [16/27] 采集 LINK-USDT-SWAP...
2025-12-25 05:58:43,127 - INFO -     💰 当前价格: $12.302
2025-12-25 05:58:43,127 - INFO -     📊 位置: 4h=49.54% | 12h=72.31% | 24h=81.05% | 48h=59.34%
2025-12-25 05:58:43,627 - INFO -   [17/27] 采集 CRO-USDT-SWAP...
2025-12-25 05:58:43,866 - INFO -     💰 当前价格: $0.09402
2025-12-25 05:58:43,866 - INFO -     📊 位置: 4h=75.69% | 12h=83.72% | 24h=83.72% | 48h=50.0%
2025-12-25 05:58:44,367 - INFO -   [18/27] 采集 DOT-USDT-SWAP...
2025-12-25 05:58:44,600 - INFO -     💰 当前价格: $1.739
2025-12-25 05:58:44,601 - INFO -     📊 位置: 4h=29.41% | 12h=67.57% | 24h=74.47% | 48h=42.68%
2025-12-25 05:58:45,101 - INFO -   [19/27] 采集 AAVE-USDT-SWAP...
2025-12-25 05:58:45,337 - INFO -     💰 当前价格: $150.31
2025-12-25 05:58:45,338 - INFO -     📊 位置: 4h=55.79% | 12h=73.32% | 24h=79.56% | 48h=46.74%
2025-12-25 05:58:45,838 - INFO -   [20/27] 采集 UNI-USDT-SWAP...
2025-12-25 05:58:46,072 - INFO -     💰 当前价格: $5.775
2025-12-25 05:58:46,072 - INFO -     📊 位置: 4h=11.7% | 12h=20.19% | 24h=63.42% | 48h=38.65%
2025-12-25 05:58:46,573 - INFO -   [21/27] 采集 NEAR-USDT-SWAP...
2025-12-25 05:58:46,803 - INFO -     💰 当前价格: $1.491
2025-12-25 05:58:46,804 - INFO -     📊 位置: 4h=58.0% | 12h=70.0% | 24h=73.42% | 48h=59.79%
2025-12-25 05:58:47,304 - INFO -   [22/27] 采集 APT-USDT-SWAP...
2025-12-25 05:58:47,536 - INFO -     💰 当前价格: $1.677
2025-12-25 05:58:47,537 - INFO -     📊 位置: 4h=82.54% | 12h=89.11% | 24h=91.91% | 48h=91.91%
2025-12-25 05:58:48,037 - INFO -   [23/27] 采集 CFX-USDT-SWAP...
2025-12-25 05:58:48,273 - INFO -     💰 当前价格: $0.07608
2025-12-25 05:58:48,274 - INFO -     📊 位置: 4h=41.54% | 12h=64.09% | 24h=76.8% | 48h=76.8%
2025-12-25 05:58:48,774 - INFO -   [24/27] 采集 CRV-USDT-SWAP...
2025-12-25 05:58:49,011 - INFO -     💰 当前价格: $0.3792
2025-12-25 05:58:49,011 - INFO -     📊 位置: 4h=28.0% | 12h=50.46% | 24h=74.14% | 48h=75.0%
2025-12-25 05:58:49,511 - INFO -   [25/27] 采集 STX-USDT-SWAP...
2025-12-25 05:58:49,747 - INFO -     💰 当前价格: $0.2535
2025-12-25 05:58:49,747 - INFO -     📊 位置: 4h=94.0% | 12h=96.91% | 24h=98.3% | 48h=98.3%
2025-12-25 05:58:50,247 - INFO -   [26/27] 采集 LDO-USDT-SWAP...
2025-12-25 05:58:50,489 - INFO -     💰 当前价格: $0.5591
2025-12-25 05:58:50,490 - INFO -     📊 位置: 4h=88.41% | 12h=92.29% | 24h=94.32% | 48h=94.32%
2025-12-25 05:58:50,990 - INFO -   [27/27] 采集 TAO-USDT-SWAP...
2025-12-25 05:58:51,229 - INFO -     💰 当前价格: $222.4
2025-12-25 05:58:51,229 - INFO -     📊 位置: 4h=70.97% | 12h=80.85% | 24h=90.06% | 48h=90.06%
2025-12-25 05:58:51,735 - INFO - 💾 数据保存成功: 27 个币种
2025-12-25 05:58:51,738 - INFO - 📊 统计数据保存成功:
2025-12-25 05:58:51,739 - INFO -     4h低于1%: 0/27
2025-12-25 05:58:51,739 - INFO -    12h低于1%: 0/27
2025-12-25 05:58:51,739 - INFO -    24h低于1%: 0/27
2025-12-25 05:58:51,739 - INFO -    48h低于1%: 0/27
2025-12-25 05:58:51,739 - INFO - ✅ 数据采集完成: 成功 27/27
2025-12-25 05:58:51,739 - INFO - 🚀 位置系统采集器启动，采集间隔: 300秒
2025-12-25 05:58:51,739 - INFO - 📊 开始采集位置系统数据...
2025-12-25 05:58:51,740 - INFO - 📋 币种列表: 27 个币种
2025-12-25 05:58:51,740 - INFO -   [1/27] 采集 BTC-USDT-SWAP...
2025-12-25 05:58:51,963 - INFO -     💰 当前价格: $87723.4
2025-12-25 05:58:51,963 - INFO -     📊 位置: 4h=46.8% | 12h=62.72% | 24h=81.54% | 48h=69.26%
2025-12-25 05:58:52,463 - INFO -   [2/27] 采集 ETH-USDT-SWAP...
2025-12-25 05:58:52,831 - INFO -     💰 当前价格: $2941.36
2025-12-25 05:58:52,832 - INFO -     📊 位置: 4h=24.15% | 12h=37.75% | 24h=71.99% | 48h=54.93%
2025-12-25 05:58:53,333 - INFO -   [3/27] 采集 XRP-USDT-SWAP...
2025-12-25 05:58:53,570 - INFO -     💰 当前价格: $1.868
2025-12-25 05:58:53,571 - INFO -     📊 位置: 4h=47.15% | 12h=75.19% | 24h=78.05% | 48h=46.85%
2025-12-25 05:58:54,071 - INFO -   [4/27] 采集 BNB-USDT-SWAP...
2025-12-25 05:58:54,312 - INFO -     💰 当前价格: $843.0
2025-12-25 05:58:54,313 - INFO -     📊 位置: 4h=25.42% | 12h=18.52% | 24h=56.0% | 48h=46.41%
2025-12-25 05:58:54,813 - INFO -   [5/27] 采集 SOL-USDT-SWAP...
2025-12-25 05:58:55,059 - INFO -     💰 当前价格: $122.29
2025-12-25 05:58:55,060 - INFO -     📊 位置: 4h=17.53% | 12h=34.94% | 24h=60.82% | 48h=34.91%
2025-12-25 05:58:55,560 - INFO -   [6/27] 采集 LTC-USDT-SWAP...
2025-12-25 05:58:55,799 - INFO -     💰 当前价格: $76.25
2025-12-25 05:58:55,799 - INFO -     📊 位置: 4h=73.24% | 12h=82.73% | 24h=67.48% | 48h=39.57%
2025-12-25 05:58:56,300 - INFO -   [7/27] 采集 DOGE-USDT-SWAP...
2025-12-25 05:58:56,525 - INFO -     💰 当前价格: $0.12837
2025-12-25 05:58:56,525 - INFO -     📊 位置: 4h=16.87% | 12h=45.45% | 24h=65.79% | 48h=40.0%
2025-12-25 05:58:57,026 - INFO -   [8/27] 采集 SUI-USDT-SWAP...
2025-12-25 05:58:57,252 - INFO -     💰 当前价格: $1.414
2025-12-25 05:58:57,253 - INFO -     📊 位置: 4h=32.43% | 12h=35.81% | 24h=65.85% | 48h=38.45%
2025-12-25 05:58:57,753 - INFO -   [9/27] 采集 TRX-USDT-SWAP...
2025-12-25 05:58:57,988 - INFO -     💰 当前价格: $0.28
2025-12-25 05:58:57,988 - INFO -     📊 位置: 4h=20.0% | 12h=37.7% | 24h=23.65% | 48h=20.03%
2025-12-25 05:58:58,488 - INFO -   [10/27] 采集 TON-USDT-SWAP...
2025-12-25 05:58:58,723 - INFO -     💰 当前价格: $1.52
2025-12-25 05:58:58,724 - INFO -     📊 位置: 4h=33.77% | 12h=45.16% | 24h=57.85% | 48h=60.77%
2025-12-25 05:58:59,224 - INFO -   [11/27] 采集 ETC-USDT-SWAP...
2025-12-25 05:58:59,475 - INFO -     💰 当前价格: $12.05
2025-12-25 05:58:59,475 - INFO -     📊 位置: 4h=42.86% | 12h=61.9% | 24h=77.14% | 48h=64.29%
2025-12-25 05:58:59,975 - INFO -   [12/27] 采集 BCH-USDT-SWAP...
2025-12-25 05:59:00,205 - INFO -     💰 当前价格: $571.9
2025-12-25 05:59:00,206 - INFO -     📊 位置: 4h=70.83% | 12h=80.73% | 24h=50.29% | 48h=36.07%
2025-12-25 05:59:00,706 - INFO -   [13/27] 采集 HBAR-USDT-SWAP...
2025-12-25 05:59:00,940 - INFO -     💰 当前价格: $0.11165
2025-12-25 05:59:00,941 - INFO -     📊 位置: 4h=85.66% | 12h=88.39% | 24h=89.62% | 48h=75.64%
2025-12-25 05:59:01,442 - INFO -   [14/27] 采集 XLM-USDT-SWAP...
2025-12-25 05:59:01,688 - INFO -     💰 当前价格: $0.21433
2025-12-25 05:59:01,688 - INFO -     📊 位置: 4h=62.65% | 12h=71.75% | 24h=71.75% | 48h=40.65%
2025-12-25 05:59:02,189 - INFO -   [15/27] 采集 FIL-USDT-SWAP...
2025-12-25 05:59:02,422 - INFO -     💰 当前价格: $1.277
2025-12-25 05:59:02,422 - INFO -     📊 位置: 4h=40.91% | 12h=50.0% | 24h=53.57% | 48h=16.67%
2025-12-25 05:59:02,922 - INFO -   [16/27] 采集 LINK-USDT-SWAP...
2025-12-25 05:59:03,160 - INFO -     💰 当前价格: $12.302
2025-12-25 05:59:03,160 - INFO -     📊 位置: 4h=49.54% | 12h=72.31% | 24h=81.05% | 48h=59.34%
2025-12-25 05:59:03,661 - INFO -   [17/27] 采集 CRO-USDT-SWAP...
2025-12-25 05:59:03,887 - INFO -     💰 当前价格: $0.09393
2025-12-25 05:59:03,887 - INFO -     📊 位置: 4h=69.44% | 12h=79.53% | 24h=79.53% | 48h=47.5%
2025-12-25 05:59:04,388 - INFO -   [18/27] 采集 DOT-USDT-SWAP...
2025-12-25 05:59:04,623 - INFO -     💰 当前价格: $1.739
2025-12-25 05:59:04,623 - INFO -     📊 位置: 4h=29.41% | 12h=67.57% | 24h=74.47% | 48h=42.68%
2025-12-25 05:59:05,124 - INFO -   [19/27] 采集 AAVE-USDT-SWAP...
2025-12-25 05:59:05,370 - INFO -     💰 当前价格: $150.28
2025-12-25 05:59:05,370 - INFO -     📊 位置: 4h=54.51% | 12h=72.54% | 24h=78.97% | 48h=46.39%
2025-12-25 05:59:05,871 - INFO -   [20/27] 采集 UNI-USDT-SWAP...
2025-12-25 05:59:06,112 - INFO -     💰 当前价格: $5.776
2025-12-25 05:59:06,113 - INFO -     📊 位置: 4h=12.77% | 12h=21.15% | 24h=63.76% | 48h=38.85%
2025-12-25 05:59:06,613 - INFO -   [21/27] 采集 NEAR-USDT-SWAP...
2025-12-25 05:59:06,840 - INFO -     💰 当前价格: $1.491
2025-12-25 05:59:06,840 - INFO -     📊 位置: 4h=58.0% | 12h=70.0% | 24h=73.42% | 48h=59.79%
2025-12-25 05:59:07,340 - INFO -   [22/27] 采集 APT-USDT-SWAP...
2025-12-25 05:59:07,567 - INFO -     💰 当前价格: $1.677
2025-12-25 05:59:07,568 - INFO -     📊 位置: 4h=82.54% | 12h=89.11% | 24h=91.91% | 48h=91.91%
2025-12-25 05:59:08,068 - INFO -   [23/27] 采集 CFX-USDT-SWAP...
2025-12-25 05:59:08,296 - INFO -     💰 当前价格: $0.07612
2025-12-25 05:59:08,296 - INFO -     📊 位置: 4h=43.08% | 12h=64.66% | 24h=77.17% | 48h=77.17%
2025-12-25 05:59:08,797 - INFO -   [24/27] 采集 CRV-USDT-SWAP...
2025-12-25 05:59:09,027 - INFO -     💰 当前价格: $0.3792
2025-12-25 05:59:09,027 - INFO -     📊 位置: 4h=28.0% | 12h=50.46% | 24h=74.14% | 48h=75.0%
2025-12-25 05:59:09,528 - INFO -   [25/27] 采集 STX-USDT-SWAP...
2025-12-25 05:59:09,764 - INFO -     💰 当前价格: $0.2536
2025-12-25 05:59:09,764 - INFO -     📊 位置: 4h=96.0% | 12h=97.94% | 24h=98.86% | 48h=98.86%
2025-12-25 05:59:10,265 - INFO -   [26/27] 采集 LDO-USDT-SWAP...
2025-12-25 05:59:10,502 - INFO -     💰 当前价格: $0.5591
2025-12-25 05:59:10,502 - INFO -     📊 位置: 4h=88.41% | 12h=92.29% | 24h=94.32% | 48h=94.32%
2025-12-25 05:59:11,002 - INFO -   [27/27] 采集 TAO-USDT-SWAP...
2025-12-25 05:59:11,234 - INFO -     💰 当前价格: $222.4
2025-12-25 05:59:11,234 - INFO -     📊 位置: 4h=70.97% | 12h=80.85% | 24h=90.06% | 48h=90.06%
2025-12-25 05:59:11,739 - INFO - 💾 数据保存成功: 27 个币种
2025-12-25 05:59:11,743 - INFO - 📊 统计数据保存成功:
2025-12-25 05:59:11,743 - INFO -     4h低于1%: 0/27
2025-12-25 05:59:11,743 - INFO -    12h低于1%: 0/27
2025-12-25 05:59:11,743 - INFO -    24h低于1%: 0/27
2025-12-25 05:59:11,743 - INFO -    48h低于1%: 0/27
2025-12-25 05:59:11,744 - INFO - ✅ 数据采集完成: 成功 27/27
2025-12-25 05:59:11,744 - INFO - ⏳ 等待 300 秒后进行下一次采集...

2025-12-25 06:03:32,123 - INFO - ⛔ 收到停止信号，退出采集器
2025-12-25 06:03:32,463 - INFO - ✅ 数据库初始化完成
2025-12-25 06:03:32,463 - INFO - 📊 开始采集位置系统数据...
2025-12-25 06:03:32,463 - INFO - 📋 币种列表: 27 个币种
2025-12-25 06:03:32,474 - INFO -   [1/27] 采集 BTC-USDT-SWAP...
2025-12-25 06:03:32,705 - INFO -     💰 当前价格: $87700.5
2025-12-25 06:03:32,705 - INFO -     📊 位置: 4h=31.87% | 12h=54.46% | 24h=80.18% | 48h=68.1%
2025-12-25 06:03:33,205 - INFO -   [2/27] 采集 ETH-USDT-SWAP...
2025-12-25 06:03:33,447 - INFO -     💰 当前价格: $2939.48
2025-12-25 06:03:33,447 - INFO -     📊 位置: 4h=18.45% | 12h=15.87% | 24h=69.54% | 48h=53.06%
2025-12-25 06:03:33,948 - INFO -   [3/27] 采集 XRP-USDT-SWAP...
2025-12-25 06:03:34,191 - INFO -     💰 当前价格: $1.8674
2025-12-25 06:03:34,191 - INFO -     📊 位置: 4h=17.44% | 12h=68.02% | 24h=66.55% | 48h=45.97%
2025-12-25 06:03:34,691 - INFO -   [4/27] 采集 BNB-USDT-SWAP...
2025-12-25 06:03:34,930 - INFO -     💰 当前价格: $842.7
2025-12-25 06:03:34,930 - INFO -     📊 位置: 4h=27.91% | 12h=14.81% | 24h=54.0% | 48h=44.75%
2025-12-25 06:03:35,430 - INFO -   [5/27] 采集 SOL-USDT-SWAP...
2025-12-25 06:03:35,662 - INFO -     💰 当前价格: $122.26
2025-12-25 06:03:35,662 - INFO -     📊 位置: 4h=14.58% | 12h=21.83% | 24h=58.66% | 48h=34.32%
2025-12-25 06:03:36,163 - INFO -   [6/27] 采集 LTC-USDT-SWAP...
2025-12-25 06:03:36,393 - INFO -     💰 当前价格: $76.22
2025-12-25 06:03:36,394 - INFO -     📊 位置: 4h=48.84% | 12h=79.44% | 24h=65.64% | 48h=38.49%
2025-12-25 06:03:36,895 - INFO -   [7/27] 采集 DOGE-USDT-SWAP...
2025-12-25 06:03:37,118 - INFO -     💰 当前价格: $0.12831
2025-12-25 06:03:37,118 - INFO -     📊 位置: 4h=9.64% | 12h=40.35% | 24h=63.82% | 48h=38.88%
2025-12-25 06:03:37,618 - INFO -   [8/27] 采集 SUI-USDT-SWAP...
2025-12-25 06:03:37,852 - INFO -     💰 当前价格: $1.4126
2025-12-25 06:03:37,853 - INFO -     📊 位置: 4h=15.24% | 12h=25.12% | 24h=62.41% | 48h=36.44%
2025-12-25 06:03:38,353 - INFO -   [9/27] 采集 TRX-USDT-SWAP...
2025-12-25 06:03:38,578 - INFO -     💰 当前价格: $0.28012
2025-12-25 06:03:38,578 - INFO -     📊 位置: 4h=40.62% | 12h=49.81% | 24h=26.05% | 48h=23.09%
2025-12-25 06:03:39,079 - INFO -   [10/27] 采集 TON-USDT-SWAP...
2025-12-25 06:03:39,310 - INFO -     💰 当前价格: $1.518
2025-12-25 06:03:39,310 - INFO -     📊 位置: 4h=7.02% | 12h=42.39% | 24h=56.2% | 48h=59.23%
2025-12-25 06:03:39,810 - INFO -   [11/27] 采集 ETC-USDT-SWAP...
2025-12-25 06:03:40,054 - INFO -     💰 当前价格: $12.04
2025-12-25 06:03:40,054 - INFO -     📊 位置: 4h=10.0% | 12h=57.14% | 24h=74.29% | 48h=61.9%
2025-12-25 06:03:40,555 - INFO -   [12/27] 采集 BCH-USDT-SWAP...
2025-12-25 06:03:40,793 - INFO -     💰 当前价格: $570.9
2025-12-25 06:03:40,793 - INFO -     📊 位置: 4h=42.22% | 12h=71.56% | 24h=44.57% | 48h=31.97%
2025-12-25 06:03:41,293 - INFO -   [13/27] 采集 HBAR-USDT-SWAP...
2025-12-25 06:03:41,523 - INFO -     💰 当前价格: $0.1116
2025-12-25 06:03:41,524 - INFO -     📊 位置: 4h=75.0% | 12h=86.93% | 24h=88.35% | 48h=74.57%
2025-12-25 06:03:42,024 - INFO -   [14/27] 采集 XLM-USDT-SWAP...
2025-12-25 06:03:42,258 - INFO -     💰 当前价格: $0.21423
2025-12-25 06:03:42,258 - INFO -     📊 位置: 4h=31.63% | 12h=68.98% | 24h=69.48% | 48h=39.35%
2025-12-25 06:03:42,759 - INFO -   [15/27] 采集 FIL-USDT-SWAP...
2025-12-25 06:03:42,997 - INFO -     💰 当前价格: $1.275
2025-12-25 06:03:42,998 - INFO -     📊 位置: 4h=11.76% | 12h=42.31% | 24h=46.43% | 48h=14.44%
2025-12-25 06:03:43,498 - INFO -   [16/27] 采集 LINK-USDT-SWAP...
2025-12-25 06:03:43,729 - INFO -     💰 当前价格: $12.301
2025-12-25 06:03:43,729 - INFO -     📊 位置: 4h=30.43% | 12h=64.56% | 24h=80.79% | 48h=59.15%
2025-12-25 06:03:44,229 - INFO -   [17/27] 采集 CRO-USDT-SWAP...
2025-12-25 06:03:44,462 - INFO -     💰 当前价格: $0.09396
2025-12-25 06:03:44,463 - INFO -     📊 位置: 4h=10.87% | 12h=80.84% | 24h=80.93% | 48h=48.33%
2025-12-25 06:03:44,963 - INFO -   [18/27] 采集 DOT-USDT-SWAP...
2025-12-25 06:03:45,195 - INFO -     💰 当前价格: $1.738
2025-12-25 06:03:45,195 - INFO -     📊 位置: 4h=7.69% | 12h=64.86% | 24h=72.34% | 48h=41.46%
2025-12-25 06:03:45,696 - INFO -   [19/27] 采集 AAVE-USDT-SWAP...
2025-12-25 06:03:45,923 - INFO -     💰 当前价格: $150.19
2025-12-25 06:03:45,924 - INFO -     📊 位置: 4h=36.97% | 12h=70.21% | 24h=77.18% | 48h=48.14%
2025-12-25 06:03:46,424 - INFO -   [20/27] 采集 UNI-USDT-SWAP...
2025-12-25 06:03:46,645 - INFO -     💰 当前价格: $5.767
2025-12-25 06:03:46,645 - INFO -     📊 位置: 4h=8.05% | 12h=12.5% | 24h=60.74% | 48h=37.01%
2025-12-25 06:03:47,146 - INFO -   [21/27] 采集 NEAR-USDT-SWAP...
2025-12-25 06:03:47,377 - INFO -     💰 当前价格: $1.492
2025-12-25 06:03:47,377 - INFO -     📊 位置: 4h=44.44% | 12h=70.15% | 24h=74.68% | 48h=60.82%
2025-12-25 06:03:47,878 - INFO -   [22/27] 采集 APT-USDT-SWAP...
2025-12-25 06:03:48,114 - INFO -     💰 当前价格: $1.665
2025-12-25 06:03:48,114 - INFO -     📊 位置: 4h=51.06% | 12h=74.16% | 24h=83.09% | 48h=83.09%
2025-12-25 06:03:48,615 - INFO -   [23/27] 采集 CFX-USDT-SWAP...
2025-12-25 06:03:48,841 - INFO -     💰 当前价格: $0.07609
2025-12-25 06:03:48,842 - INFO -     📊 位置: 4h=23.74% | 12h=63.61% | 24h=76.89% | 48h=76.89%
2025-12-25 06:03:49,343 - INFO -   [24/27] 采集 CRV-USDT-SWAP...
2025-12-25 06:03:49,575 - INFO -     💰 当前价格: $0.3786
2025-12-25 06:03:49,576 - INFO -     📊 位置: 4h=3.33% | 12h=44.95% | 24h=68.27% | 48h=72.5%
2025-12-25 06:03:50,076 - INFO -   [25/27] 采集 STX-USDT-SWAP...
2025-12-25 06:03:50,320 - INFO -     💰 当前价格: $0.2536
2025-12-25 06:03:50,320 - INFO -     📊 位置: 4h=94.12% | 12h=97.94% | 24h=98.75% | 48h=98.86%
2025-12-25 06:03:50,820 - INFO -   [26/27] 采集 LDO-USDT-SWAP...
2025-12-25 06:03:51,059 - INFO -     💰 当前价格: $0.5584
2025-12-25 06:03:51,059 - INFO -     📊 位置: 4h=78.06% | 12h=90.29% | 24h=92.84% | 48h=92.84%
2025-12-25 06:03:51,560 - INFO -   [27/27] 采集 TAO-USDT-SWAP...
2025-12-25 06:03:51,797 - INFO -     💰 当前价格: $222.9
2025-12-25 06:03:51,798 - INFO -     📊 位置: 4h=51.85% | 12h=86.17% | 24h=92.82% | 48h=92.82%
2025-12-25 06:03:52,303 - INFO - 💾 数据保存成功: 27 个币种
2025-12-25 06:03:52,306 - INFO - 📊 统计数据保存成功:
2025-12-25 06:03:52,307 - INFO -     4h低于1%: 0/27
2025-12-25 06:03:52,307 - INFO -    12h低于1%: 0/27
2025-12-25 06:03:52,307 - INFO -    24h低于1%: 0/27
2025-12-25 06:03:52,307 - INFO -    48h低于1%: 0/27
2025-12-25 06:03:52,307 - INFO - ✅ 数据采集完成: 成功 27/27
2025-12-25 06:03:52,307 - INFO - 🚀 位置系统采集器启动，采集间隔: 300秒
2025-12-25 06:03:52,307 - INFO - 📊 开始采集位置系统数据...
2025-12-25 06:03:52,308 - INFO - 📋 币种列表: 27 个币种
2025-12-25 06:03:52,308 - INFO -   [1/27] 采集 BTC-USDT-SWAP...
2025-12-25 06:03:52,537 - INFO -     💰 当前价格: $87701.7
2025-12-25 06:03:52,538 - INFO -     📊 位置: 4h=32.3% | 12h=54.62% | 24h=80.25% | 48h=68.16%
2025-12-25 06:03:53,038 - INFO -   [2/27] 采集 ETH-USDT-SWAP...
2025-12-25 06:03:53,278 - INFO -     💰 当前价格: $2939.09
2025-12-25 06:03:53,279 - INFO -     📊 位置: 4h=15.86% | 12h=14.47% | 24h=69.03% | 48h=52.68%
2025-12-25 06:03:53,779 - INFO -   [3/27] 采集 XRP-USDT-SWAP...
2025-12-25 06:03:54,009 - INFO -     💰 当前价格: $1.8673
2025-12-25 06:03:54,009 - INFO -     📊 位置: 4h=16.28% | 12h=67.57% | 24h=66.2% | 48h=45.83%
2025-12-25 06:03:54,510 - INFO -   [4/27] 采集 BNB-USDT-SWAP...
2025-12-25 06:03:54,876 - INFO -     💰 当前价格: $842.7
2025-12-25 06:03:54,876 - INFO -     📊 位置: 4h=27.91% | 12h=14.81% | 24h=54.0% | 48h=44.75%
2025-12-25 06:03:55,376 - INFO -   [5/27] 采集 SOL-USDT-SWAP...
2025-12-25 06:03:55,621 - INFO -     💰 当前价格: $122.32
2025-12-25 06:03:55,621 - INFO -     📊 位置: 4h=20.83% | 12h=26.06% | 24h=60.78% | 48h=35.5%
2025-12-25 06:03:56,122 - INFO -   [6/27] 采集 LTC-USDT-SWAP...
2025-12-25 06:03:56,353 - INFO -     💰 当前价格: $76.22
2025-12-25 06:03:56,354 - INFO -     📊 位置: 4h=48.84% | 12h=79.44% | 24h=65.64% | 48h=38.49%
2025-12-25 06:03:56,854 - INFO -   [7/27] 采集 DOGE-USDT-SWAP...
2025-12-25 06:03:57,091 - INFO -     💰 当前价格: $0.12832
2025-12-25 06:03:57,091 - INFO -     📊 位置: 4h=10.84% | 12h=40.94% | 24h=64.14% | 48h=39.08%
2025-12-25 06:03:57,591 - INFO -   [8/27] 采集 SUI-USDT-SWAP...
2025-12-25 06:03:57,828 - INFO -     💰 当前价格: $1.4129
2025-12-25 06:03:57,828 - INFO -     📊 位置: 4h=18.1% | 12h=26.6% | 24h=63.14% | 48h=36.87%
2025-12-25 06:03:58,329 - INFO -   [9/27] 采集 TRX-USDT-SWAP...
2025-12-25 06:03:58,567 - INFO -     💰 当前价格: $0.28012
2025-12-25 06:03:58,567 - INFO -     📊 位置: 4h=40.62% | 12h=49.81% | 24h=26.05% | 48h=23.09%
2025-12-25 06:03:59,068 - INFO -   [10/27] 采集 TON-USDT-SWAP...
2025-12-25 06:03:59,310 - INFO -     💰 当前价格: $1.519
2025-12-25 06:03:59,310 - INFO -     📊 位置: 4h=8.77% | 12h=43.48% | 24h=57.02% | 48h=60.0%
2025-12-25 06:03:59,811 - INFO -   [11/27] 采集 ETC-USDT-SWAP...
2025-12-25 06:04:00,043 - INFO -     💰 当前价格: $12.04
2025-12-25 06:04:00,043 - INFO -     📊 位置: 4h=10.0% | 12h=57.14% | 24h=74.29% | 48h=61.9%
2025-12-25 06:04:00,544 - INFO -   [12/27] 采集 BCH-USDT-SWAP...
2025-12-25 06:04:00,775 - INFO -     💰 当前价格: $570.9
2025-12-25 06:04:00,775 - INFO -     📊 位置: 4h=42.22% | 12h=71.56% | 24h=44.57% | 48h=31.97%
2025-12-25 06:04:01,276 - INFO -   [13/27] 采集 HBAR-USDT-SWAP...
2025-12-25 06:04:01,518 - INFO -     💰 当前价格: $0.11163
2025-12-25 06:04:01,518 - INFO -     📊 位置: 4h=76.63% | 12h=87.78% | 24h=89.11% | 48h=75.21%
2025-12-25 06:04:02,018 - INFO -   [14/27] 采集 XLM-USDT-SWAP...
2025-12-25 06:04:02,251 - INFO -     💰 当前价格: $0.21423
2025-12-25 06:04:02,252 - INFO -     📊 位置: 4h=31.63% | 12h=68.98% | 24h=69.48% | 48h=39.35%
2025-12-25 06:04:02,752 - INFO -   [15/27] 采集 FIL-USDT-SWAP...
2025-12-25 06:04:02,979 - INFO -     💰 当前价格: $1.274
2025-12-25 06:04:02,979 - INFO -     📊 位置: 4h=5.88% | 12h=38.46% | 24h=42.86% | 48h=13.33%
2025-12-25 06:04:03,479 - INFO -   [16/27] 采集 LINK-USDT-SWAP...
2025-12-25 06:04:03,704 - INFO -     💰 当前价格: $12.301
2025-12-25 06:04:03,704 - INFO -     📊 位置: 4h=30.43% | 12h=64.56% | 24h=80.79% | 48h=59.15%
2025-12-25 06:04:04,205 - INFO -   [17/27] 采集 CRO-USDT-SWAP...
2025-12-25 06:04:04,450 - INFO -     💰 当前价格: $0.09393
2025-12-25 06:04:04,451 - INFO -     📊 位置: 4h=4.35% | 12h=79.44% | 24h=79.53% | 48h=47.5%
2025-12-25 06:04:04,951 - INFO -   [18/27] 采集 DOT-USDT-SWAP...
2025-12-25 06:04:05,194 - INFO -     💰 当前价格: $1.738
2025-12-25 06:04:05,195 - INFO -     📊 位置: 4h=7.69% | 12h=64.86% | 24h=72.34% | 48h=41.46%
2025-12-25 06:04:05,695 - INFO -   [19/27] 采集 AAVE-USDT-SWAP...
2025-12-25 06:04:05,929 - INFO -     💰 当前价格: $150.18
2025-12-25 06:04:05,930 - INFO -     📊 位置: 4h=36.13% | 12h=69.95% | 24h=76.98% | 48h=48.02%
2025-12-25 06:04:06,430 - INFO -   [20/27] 采集 UNI-USDT-SWAP...
2025-12-25 06:04:06,665 - INFO -     💰 当前价格: $5.767
2025-12-25 06:04:06,665 - INFO -     📊 位置: 4h=8.05% | 12h=12.5% | 24h=60.74% | 48h=37.01%
2025-12-25 06:04:07,165 - INFO -   [21/27] 采集 NEAR-USDT-SWAP...
2025-12-25 06:04:07,398 - INFO -     💰 当前价格: $1.492
2025-12-25 06:04:07,398 - INFO -     📊 位置: 4h=44.44% | 12h=70.15% | 24h=74.68% | 48h=60.82%
2025-12-25 06:04:07,899 - INFO -   [22/27] 采集 APT-USDT-SWAP...
2025-12-25 06:04:08,136 - INFO -     💰 当前价格: $1.663
2025-12-25 06:04:08,137 - INFO -     📊 位置: 4h=46.81% | 12h=71.91% | 24h=81.62% | 48h=81.62%
2025-12-25 06:04:08,637 - INFO -   [23/27] 采集 CFX-USDT-SWAP...
2025-12-25 06:04:08,906 - INFO -     💰 当前价格: $0.07606
2025-12-25 06:04:08,907 - INFO -     📊 位置: 4h=22.22% | 12h=63.17% | 24h=76.62% | 48h=76.62%
2025-12-25 06:04:09,407 - INFO -   [24/27] 采集 CRV-USDT-SWAP...
2025-12-25 06:04:09,635 - INFO -     💰 当前价格: $0.3786
2025-12-25 06:04:09,635 - INFO -     📊 位置: 4h=3.33% | 12h=44.95% | 24h=68.27% | 48h=72.5%
2025-12-25 06:04:10,136 - INFO -   [25/27] 采集 STX-USDT-SWAP...
2025-12-25 06:04:10,363 - INFO -     💰 当前价格: $0.2536
2025-12-25 06:04:10,363 - INFO -     📊 位置: 4h=94.12% | 12h=97.94% | 24h=98.75% | 48h=98.86%
2025-12-25 06:04:10,863 - INFO -   [26/27] 采集 LDO-USDT-SWAP...
2025-12-25 06:04:11,100 - INFO -     💰 当前价格: $0.5586
2025-12-25 06:04:11,101 - INFO -     📊 位置: 4h=79.35% | 12h=90.86% | 24h=93.26% | 48h=93.26%
2025-12-25 06:04:11,601 - INFO -   [27/27] 采集 TAO-USDT-SWAP...
2025-12-25 06:04:11,839 - INFO -     💰 当前价格: $222.8
2025-12-25 06:04:11,840 - INFO -     📊 位置: 4h=48.15% | 12h=85.11% | 24h=92.27% | 48h=92.27%
2025-12-25 06:04:12,347 - INFO - 💾 数据保存成功: 27 个币种
2025-12-25 06:04:12,351 - INFO - 📊 统计数据保存成功:
2025-12-25 06:04:12,352 - INFO -     4h低于1%: 0/27
2025-12-25 06:04:12,352 - INFO -    12h低于1%: 0/27
2025-12-25 06:04:12,352 - INFO -    24h低于1%: 0/27
2025-12-25 06:04:12,352 - INFO -    48h低于1%: 0/27
2025-12-25 06:04:12,352 - INFO - ✅ 数据采集完成: 成功 27/27
2025-12-25 06:04:12,352 - INFO - ⏳ 等待 300 秒后进行下一次采集...

2025-12-25 06:08:33,013 - INFO - ⛔ 收到停止信号，退出采集器
2025-12-25 06:08:33,352 - INFO - ✅ 数据库初始化完成
2025-12-25 06:08:33,352 - INFO - 📊 开始采集位置系统数据...
2025-12-25 06:08:33,352 - INFO - 📋 币种列表: 27 个币种
2025-12-25 06:08:33,366 - INFO -   [1/27] 采集 BTC-USDT-SWAP...
2025-12-25 06:08:33,591 - INFO -     💰 当前价格: $87680.4
2025-12-25 06:08:33,591 - INFO -     📊 位置: 4h=24.56% | 12h=51.72% | 24h=78.98% | 48h=67.09%
2025-12-25 06:08:34,091 - INFO -   [2/27] 采集 ETH-USDT-SWAP...
2025-12-25 06:08:34,320 - INFO -     💰 当前价格: $2939.2
2025-12-25 06:08:34,320 - INFO -     📊 位置: 4h=16.59% | 12h=14.87% | 24h=69.17% | 48h=52.78%
2025-12-25 06:08:34,821 - INFO -   [3/27] 采集 XRP-USDT-SWAP...
2025-12-25 06:08:35,050 - INFO -     💰 当前价格: $1.867
2025-12-25 06:08:35,050 - INFO -     📊 位置: 4h=18.48% | 12h=66.22% | 24h=65.16% | 48h=45.39%
2025-12-25 06:08:35,551 - INFO -   [4/27] 采集 BNB-USDT-SWAP...
2025-12-25 06:08:35,783 - INFO -     💰 当前价格: $842.5
2025-12-25 06:08:35,783 - INFO -     📊 位置: 4h=23.26% | 12h=12.35% | 24h=52.67% | 48h=43.65%
2025-12-25 06:08:36,283 - INFO -   [5/27] 采集 SOL-USDT-SWAP...
2025-12-25 06:08:36,521 - INFO -     💰 当前价格: $122.28
2025-12-25 06:08:36,521 - INFO -     📊 位置: 4h=16.67% | 12h=23.24% | 24h=59.36% | 48h=34.71%
2025-12-25 06:08:37,022 - INFO -   [6/27] 采集 LTC-USDT-SWAP...
2025-12-25 06:08:37,253 - INFO -     💰 当前价格: $76.25
2025-12-25 06:08:37,253 - INFO -     📊 位置: 4h=55.81% | 12h=82.24% | 24h=67.48% | 48h=39.57%
2025-12-25 06:08:37,754 - INFO -   [7/27] 采集 DOGE-USDT-SWAP...
2025-12-25 06:08:37,987 - INFO -     💰 当前价格: $0.12822
2025-12-25 06:08:37,988 - INFO -     📊 位置: 4h=12.5% | 12h=35.09% | 24h=60.86% | 48h=37.07%
2025-12-25 06:08:38,488 - INFO -   [8/27] 采集 SUI-USDT-SWAP...
2025-12-25 06:08:38,722 - INFO -     💰 当前价格: $1.4123
2025-12-25 06:08:38,722 - INFO -     📊 位置: 4h=12.38% | 12h=23.65% | 24h=61.67% | 48h=36.01%
2025-12-25 06:08:39,222 - INFO -   [9/27] 采集 TRX-USDT-SWAP...
2025-12-25 06:08:39,458 - INFO -     💰 当前价格: $0.28024
2025-12-25 06:08:39,458 - INFO -     📊 位置: 4h=59.37% | 12h=54.41% | 24h=28.46% | 48h=25.22%
2025-12-25 06:08:39,959 - INFO -   [10/27] 采集 TON-USDT-SWAP...
2025-12-25 06:08:40,256 - INFO -     💰 当前价格: $1.524
2025-12-25 06:08:40,257 - INFO -     📊 位置: 4h=17.54% | 12h=48.91% | 24h=61.16% | 48h=63.85%
2025-12-25 06:08:40,757 - INFO -   [11/27] 采集 ETC-USDT-SWAP...
2025-12-25 06:08:41,178 - INFO -     💰 当前价格: $12.04
2025-12-25 06:08:41,178 - INFO -     📊 位置: 4h=18.18% | 12h=57.14% | 24h=74.29% | 48h=61.9%
2025-12-25 06:08:41,678 - INFO -   [12/27] 采集 BCH-USDT-SWAP...
2025-12-25 06:08:42,080 - INFO -     💰 当前价格: $570.8
2025-12-25 06:08:42,080 - INFO -     📊 位置: 4h=40.0% | 12h=70.64% | 24h=44.0% | 48h=31.56%
2025-12-25 06:08:42,581 - INFO -   [13/27] 采集 HBAR-USDT-SWAP...
2025-12-25 06:08:42,816 - INFO -     💰 当前价格: $0.11162
2025-12-25 06:08:42,816 - INFO -     📊 位置: 4h=76.09% | 12h=87.5% | 24h=88.86% | 48h=75.0%
2025-12-25 06:08:43,317 - INFO -   [14/27] 采集 XLM-USDT-SWAP...
2025-12-25 06:08:43,543 - INFO -     💰 当前价格: $0.21441
2025-12-25 06:08:43,543 - INFO -     📊 位置: 4h=40.82% | 12h=73.15% | 24h=73.58% | 48h=41.68%
2025-12-25 06:08:44,044 - INFO -   [15/27] 采集 FIL-USDT-SWAP...
2025-12-25 06:08:44,272 - INFO -     💰 当前价格: $1.275
2025-12-25 06:08:44,272 - INFO -     📊 位置: 4h=11.76% | 12h=42.31% | 24h=46.43% | 48h=14.44%
2025-12-25 06:08:44,773 - INFO -   [16/27] 采集 LINK-USDT-SWAP...
2025-12-25 06:08:44,999 - INFO -     💰 当前价格: $12.304
2025-12-25 06:08:44,999 - INFO -     📊 位置: 4h=34.78% | 12h=66.02% | 24h=81.58% | 48h=59.73%
2025-12-25 06:08:45,500 - INFO -   [17/27] 采集 CRO-USDT-SWAP...
2025-12-25 06:08:45,738 - INFO -     💰 当前价格: $0.09393
2025-12-25 06:08:45,738 - INFO -     📊 位置: 4h=4.35% | 12h=79.44% | 24h=79.53% | 48h=47.5%
2025-12-25 06:08:46,238 - INFO -   [18/27] 采集 DOT-USDT-SWAP...
2025-12-25 06:08:46,470 - INFO -     💰 当前价格: $1.738
2025-12-25 06:08:46,471 - INFO -     📊 位置: 4h=7.69% | 12h=64.86% | 24h=72.34% | 48h=41.46%
2025-12-25 06:08:46,971 - INFO -   [19/27] 采集 AAVE-USDT-SWAP...
2025-12-25 06:08:47,202 - INFO -     💰 当前价格: $150.19
2025-12-25 06:08:47,202 - INFO -     📊 位置: 4h=36.97% | 12h=70.21% | 24h=77.18% | 48h=48.14%
2025-12-25 06:08:47,703 - INFO -   [20/27] 采集 UNI-USDT-SWAP...
2025-12-25 06:08:47,939 - INFO -     💰 当前价格: $5.78
2025-12-25 06:08:47,939 - INFO -     📊 位置: 4h=28.72% | 12h=25.71% | 24h=65.1% | 48h=39.67%
2025-12-25 06:08:48,440 - INFO -   [21/27] 采集 NEAR-USDT-SWAP...
2025-12-25 06:08:48,675 - INFO -     💰 当前价格: $1.493
2025-12-25 06:08:48,676 - INFO -     📊 位置: 4h=47.22% | 12h=71.64% | 24h=75.95% | 48h=61.86%
2025-12-25 06:08:49,176 - INFO -   [22/27] 采集 APT-USDT-SWAP...
2025-12-25 06:08:49,407 - INFO -     💰 当前价格: $1.668
2025-12-25 06:08:49,408 - INFO -     📊 位置: 4h=57.45% | 12h=77.53% | 24h=85.29% | 48h=85.29%
2025-12-25 06:08:49,908 - INFO -   [23/27] 采集 CFX-USDT-SWAP...
2025-12-25 06:08:50,155 - INFO -     💰 当前价格: $0.0761
2025-12-25 06:08:50,155 - INFO -     📊 位置: 4h=24.24% | 12h=63.76% | 24h=76.99% | 48h=76.99%
2025-12-25 06:08:50,655 - INFO -   [24/27] 采集 CRV-USDT-SWAP...
2025-12-25 06:08:50,886 - INFO -     💰 当前价格: $0.3789
2025-12-25 06:08:50,886 - INFO -     📊 位置: 4h=8.33% | 12h=47.71% | 24h=69.71% | 48h=73.75%
2025-12-25 06:08:51,386 - INFO -   [25/27] 采集 STX-USDT-SWAP...
2025-12-25 06:08:51,625 - INFO -     💰 当前价格: $0.2536
2025-12-25 06:08:51,625 - INFO -     📊 位置: 4h=94.12% | 12h=97.94% | 24h=98.75% | 48h=98.86%
2025-12-25 06:08:52,126 - INFO -   [26/27] 采集 LDO-USDT-SWAP...
2025-12-25 06:08:52,369 - INFO -     💰 当前价格: $0.5586
2025-12-25 06:08:52,369 - INFO -     📊 位置: 4h=79.35% | 12h=90.86% | 24h=93.26% | 48h=93.26%
2025-12-25 06:08:52,869 - INFO -   [27/27] 采集 TAO-USDT-SWAP...
2025-12-25 06:08:53,110 - INFO -     💰 当前价格: $222.6
2025-12-25 06:08:53,110 - INFO -     📊 位置: 4h=40.74% | 12h=82.98% | 24h=91.16% | 48h=91.16%
2025-12-25 06:08:53,617 - INFO - 💾 数据保存成功: 27 个币种
2025-12-25 06:08:53,622 - INFO - 📊 统计数据保存成功:
2025-12-25 06:08:53,623 - INFO -     4h低于1%: 0/27
2025-12-25 06:08:53,623 - INFO -    12h低于1%: 0/27
2025-12-25 06:08:53,623 - INFO -    24h低于1%: 0/27
2025-12-25 06:08:53,623 - INFO -    48h低于1%: 0/27
2025-12-25 06:08:53,623 - INFO - ✅ 数据采集完成: 成功 27/27
2025-12-25 06:08:53,623 - INFO - 🚀 位置系统采集器启动，采集间隔: 300秒
2025-12-25 06:08:53,624 - INFO - 📊 开始采集位置系统数据...
2025-12-25 06:08:53,624 - INFO - 📋 币种列表: 27 个币种
2025-12-25 06:08:53,624 - INFO -   [1/27] 采集 BTC-USDT-SWAP...
2025-12-25 06:08:53,851 - INFO -     💰 当前价格: $87680.4
2025-12-25 06:08:53,851 - INFO -     📊 位置: 4h=24.56% | 12h=51.72% | 24h=78.98% | 48h=67.09%
2025-12-25 06:08:54,352 - INFO -   [2/27] 采集 ETH-USDT-SWAP...
2025-12-25 06:08:54,587 - INFO -     💰 当前价格: $2939.02
2025-12-25 06:08:54,587 - INFO -     📊 位置: 4h=15.39% | 12h=14.22% | 24h=68.94% | 48h=52.61%
2025-12-25 06:08:55,087 - INFO -   [3/27] 采集 XRP-USDT-SWAP...
2025-12-25 06:08:55,317 - INFO -     💰 当前价格: $1.8667
2025-12-25 06:08:55,317 - INFO -     📊 位置: 4h=15.22% | 12h=64.86% | 24h=64.11% | 48h=44.95%
2025-12-25 06:08:55,818 - INFO -   [4/27] 采集 BNB-USDT-SWAP...
2025-12-25 06:08:56,057 - INFO -     💰 当前价格: $842.4
2025-12-25 06:08:56,057 - INFO -     📊 位置: 4h=20.93% | 12h=11.11% | 24h=52.0% | 48h=43.09%
2025-12-25 06:08:56,558 - INFO -   [5/27] 采集 SOL-USDT-SWAP...
2025-12-25 06:08:56,787 - INFO -     💰 当前价格: $122.23
2025-12-25 06:08:56,787 - INFO -     📊 位置: 4h=11.46% | 12h=19.72% | 24h=57.6% | 48h=33.73%
2025-12-25 06:08:57,287 - INFO -   [6/27] 采集 LTC-USDT-SWAP...
2025-12-25 06:08:57,659 - INFO -     💰 当前价格: $76.25
2025-12-25 06:08:57,659 - INFO -     📊 位置: 4h=55.81% | 12h=82.24% | 24h=67.48% | 48h=39.57%
2025-12-25 06:08:58,159 - INFO -   [7/27] 采集 DOGE-USDT-SWAP...
2025-12-25 06:08:58,399 - INFO -     💰 当前价格: $0.1282
2025-12-25 06:08:58,399 - INFO -     📊 位置: 4h=10.42% | 12h=33.92% | 24h=60.2% | 48h=36.67%
2025-12-25 06:08:58,900 - INFO -   [8/27] 采集 SUI-USDT-SWAP...
2025-12-25 06:08:59,132 - INFO -     💰 当前价格: $1.4118
2025-12-25 06:08:59,132 - INFO -     📊 位置: 4h=7.62% | 12h=21.18% | 24h=60.44% | 48h=35.29%
2025-12-25 06:08:59,633 - INFO -   [9/27] 采集 TRX-USDT-SWAP...
2025-12-25 06:08:59,858 - INFO -     💰 当前价格: $0.28024
2025-12-25 06:08:59,858 - INFO -     📊 位置: 4h=59.37% | 12h=54.41% | 24h=28.46% | 48h=25.22%
2025-12-25 06:09:00,358 - INFO -   [10/27] 采集 TON-USDT-SWAP...
2025-12-25 06:09:00,594 - INFO -     💰 当前价格: $1.524
2025-12-25 06:09:00,594 - INFO -     📊 位置: 4h=17.54% | 12h=48.91% | 24h=61.16% | 48h=63.85%
2025-12-25 06:09:01,095 - INFO -   [11/27] 采集 ETC-USDT-SWAP...
2025-12-25 06:09:01,332 - INFO -     💰 当前价格: $12.04
2025-12-25 06:09:01,332 - INFO -     📊 位置: 4h=18.18% | 12h=57.14% | 24h=74.29% | 48h=61.9%
2025-12-25 06:09:01,833 - INFO -   [12/27] 采集 BCH-USDT-SWAP...
2025-12-25 06:09:02,065 - INFO -     💰 当前价格: $570.8
2025-12-25 06:09:02,066 - INFO -     📊 位置: 4h=40.0% | 12h=70.64% | 24h=44.0% | 48h=31.56%
2025-12-25 06:09:02,566 - INFO -   [13/27] 采集 HBAR-USDT-SWAP...
2025-12-25 06:09:02,802 - INFO -     💰 当前价格: $0.11155
2025-12-25 06:09:02,802 - INFO -     📊 位置: 4h=72.28% | 12h=85.51% | 24h=87.09% | 48h=73.5%
2025-12-25 06:09:03,302 - INFO -   [14/27] 采集 XLM-USDT-SWAP...
2025-12-25 06:09:03,541 - INFO -     💰 当前价格: $0.21436
2025-12-25 06:09:03,541 - INFO -     📊 位置: 4h=38.27% | 12h=71.99% | 24h=72.44% | 48h=41.03%
2025-12-25 06:09:04,041 - INFO -   [15/27] 采集 FIL-USDT-SWAP...
2025-12-25 06:09:04,276 - INFO -     💰 当前价格: $1.275
2025-12-25 06:09:04,276 - INFO -     📊 位置: 4h=11.76% | 12h=42.31% | 24h=46.43% | 48h=14.44%
2025-12-25 06:09:04,777 - INFO -   [16/27] 采集 LINK-USDT-SWAP...
2025-12-25 06:09:05,016 - INFO -     💰 当前价格: $12.302
2025-12-25 06:09:05,016 - INFO -     📊 位置: 4h=31.88% | 12h=65.05% | 24h=81.05% | 48h=59.34%
2025-12-25 06:09:05,516 - INFO -   [17/27] 采集 CRO-USDT-SWAP...
2025-12-25 06:09:05,755 - INFO -     💰 当前价格: $0.09399
2025-12-25 06:09:05,756 - INFO -     📊 位置: 4h=17.39% | 12h=82.24% | 24h=82.33% | 48h=49.17%
2025-12-25 06:09:06,256 - INFO -   [18/27] 采集 DOT-USDT-SWAP...
2025-12-25 06:09:06,499 - INFO -     💰 当前价格: $1.737
2025-12-25 06:09:06,500 - INFO -     📊 位置: 4h=0.0% | 12h=62.16% | 24h=70.21% | 48h=40.24%
2025-12-25 06:09:07,001 - INFO -   [19/27] 采集 AAVE-USDT-SWAP...
2025-12-25 06:09:07,232 - INFO -     💰 当前价格: $150.1
2025-12-25 06:09:07,232 - INFO -     📊 位置: 4h=29.41% | 12h=67.88% | 24h=75.4% | 48h=47.03%
2025-12-25 06:09:07,732 - INFO -   [20/27] 采集 UNI-USDT-SWAP...
2025-12-25 06:09:07,969 - INFO -     💰 当前价格: $5.78
2025-12-25 06:09:07,969 - INFO -     📊 位置: 4h=28.72% | 12h=25.71% | 24h=65.1% | 48h=39.67%
2025-12-25 06:09:08,470 - INFO -   [21/27] 采集 NEAR-USDT-SWAP...
2025-12-25 06:09:08,720 - INFO -     💰 当前价格: $1.491
2025-12-25 06:09:08,720 - INFO -     📊 位置: 4h=41.67% | 12h=68.66% | 24h=73.42% | 48h=59.79%
2025-12-25 06:09:09,220 - INFO -   [22/27] 采集 APT-USDT-SWAP...
2025-12-25 06:09:09,455 - INFO -     💰 当前价格: $1.668
2025-12-25 06:09:09,455 - INFO -     📊 位置: 4h=57.45% | 12h=77.53% | 24h=85.29% | 48h=85.29%
2025-12-25 06:09:09,955 - INFO -   [23/27] 采集 CFX-USDT-SWAP...
2025-12-25 06:09:10,192 - INFO -     💰 当前价格: $0.07609
2025-12-25 06:09:10,193 - INFO -     📊 位置: 4h=23.74% | 12h=63.61% | 24h=76.89% | 48h=76.89%
2025-12-25 06:09:10,693 - INFO -   [24/27] 采集 CRV-USDT-SWAP...
2025-12-25 06:09:10,930 - INFO -     💰 当前价格: $0.3788
2025-12-25 06:09:10,930 - INFO -     📊 位置: 4h=6.67% | 12h=46.79% | 24h=69.23% | 48h=73.33%
2025-12-25 06:09:11,431 - INFO -   [25/27] 采集 STX-USDT-SWAP...
2025-12-25 06:09:11,663 - INFO -     💰 当前价格: $0.2536
2025-12-25 06:09:11,663 - INFO -     📊 位置: 4h=94.12% | 12h=97.94% | 24h=98.75% | 48h=98.86%
2025-12-25 06:09:12,163 - INFO -   [26/27] 采集 LDO-USDT-SWAP...
2025-12-25 06:09:12,399 - INFO -     💰 当前价格: $0.5584
2025-12-25 06:09:12,400 - INFO -     📊 位置: 4h=78.06% | 12h=90.29% | 24h=92.84% | 48h=92.84%
2025-12-25 06:09:12,900 - INFO -   [27/27] 采集 TAO-USDT-SWAP...
2025-12-25 06:09:13,140 - INFO -     💰 当前价格: $222.5
2025-12-25 06:09:13,141 - INFO -     📊 位置: 4h=37.04% | 12h=81.91% | 24h=90.61% | 48h=90.61%
2025-12-25 06:09:13,646 - INFO - 💾 数据保存成功: 27 个币种
2025-12-25 06:09:13,650 - INFO - 📊 统计数据保存成功:
2025-12-25 06:09:13,650 - INFO -     4h低于1%: 1/27
2025-12-25 06:09:13,650 - INFO -    12h低于1%: 0/27
2025-12-25 06:09:13,651 - INFO -    24h低于1%: 0/27
2025-12-25 06:09:13,651 - INFO -    48h低于1%: 0/27
2025-12-25 06:09:13,651 - INFO - ✅ 数据采集完成: 成功 27/27
2025-12-25 06:09:13,651 - INFO - ⏳ 等待 300 秒后进行下一次采集...

2025-12-25 06:13:33,931 - INFO - ⛔ 收到停止信号，退出采集器
2025-12-25 06:13:34,277 - INFO - ✅ 数据库初始化完成
2025-12-25 06:13:34,278 - INFO - 📊 开始采集位置系统数据...
2025-12-25 06:13:34,278 - INFO - 📋 币种列表: 27 个币种
2025-12-25 06:13:34,289 - INFO -   [1/27] 采集 BTC-USDT-SWAP...
2025-12-25 06:13:34,523 - INFO -     💰 当前价格: $87664.1
2025-12-25 06:13:34,524 - INFO -     📊 位置: 4h=18.64% | 12h=49.5% | 24h=78.02% | 48h=66.27%
2025-12-25 06:13:35,024 - INFO -   [2/27] 采集 ETH-USDT-SWAP...
2025-12-25 06:13:35,250 - INFO -     💰 当前价格: $2937.01
2025-12-25 06:13:35,250 - INFO -     📊 位置: 4h=3.09% | 12h=6.98% | 24h=66.32% | 48h=50.61%
2025-12-25 06:13:35,750 - INFO -   [3/27] 采集 XRP-USDT-SWAP...
2025-12-25 06:13:35,992 - INFO -     💰 当前价格: $1.8659
2025-12-25 06:13:35,992 - INFO -     📊 位置: 4h=7.53% | 12h=61.26% | 24h=61.32% | 48h=43.78%
2025-12-25 06:13:36,492 - INFO -   [4/27] 采集 BNB-USDT-SWAP...
2025-12-25 06:13:36,718 - INFO -     💰 当前价格: $842.0
2025-12-25 06:13:36,718 - INFO -     📊 位置: 4h=11.63% | 12h=6.17% | 24h=49.33% | 48h=40.88%
2025-12-25 06:13:37,218 - INFO -   [5/27] 采集 SOL-USDT-SWAP...
2025-12-25 06:13:37,461 - INFO -     💰 当前价格: $122.14
2025-12-25 06:13:37,461 - INFO -     📊 位置: 4h=2.08% | 12h=13.38% | 24h=54.42% | 48h=31.95%
2025-12-25 06:13:37,962 - INFO -   [6/27] 采集 LTC-USDT-SWAP...
2025-12-25 06:13:38,194 - INFO -     💰 当前价格: $76.34
2025-12-25 06:13:38,194 - INFO -     📊 位置: 4h=76.74% | 12h=90.65% | 24h=73.01% | 48h=42.81%
2025-12-25 06:13:38,694 - INFO -   [7/27] 采集 DOGE-USDT-SWAP...
2025-12-25 06:13:38,933 - INFO -     💰 当前价格: $0.12813
2025-12-25 06:13:38,933 - INFO -     📊 位置: 4h=8.82% | 12h=29.82% | 24h=57.89% | 48h=35.27%
2025-12-25 06:13:39,434 - INFO -   [8/27] 采集 SUI-USDT-SWAP...
2025-12-25 06:13:39,673 - INFO -     💰 当前价格: $1.4103
2025-12-25 06:13:39,673 - INFO -     📊 位置: 4h=11.11% | 12h=13.79% | 24h=56.76% | 48h=33.14%
2025-12-25 06:13:40,173 - INFO -   [9/27] 采集 TRX-USDT-SWAP...
2025-12-25 06:13:40,400 - INFO -     💰 当前价格: $0.28024
2025-12-25 06:13:40,400 - INFO -     📊 位置: 4h=59.37% | 12h=54.41% | 24h=28.46% | 48h=25.22%
2025-12-25 06:13:40,901 - INFO -   [10/27] 采集 TON-USDT-SWAP...
2025-12-25 06:13:41,134 - INFO -     💰 当前价格: $1.523
2025-12-25 06:13:41,134 - INFO -     📊 位置: 4h=15.79% | 12h=47.83% | 24h=60.33% | 48h=63.08%
2025-12-25 06:13:41,635 - INFO -   [11/27] 采集 ETC-USDT-SWAP...
2025-12-25 06:13:42,006 - INFO -     💰 当前价格: $12.04
2025-12-25 06:13:42,006 - INFO -     📊 位置: 4h=18.18% | 12h=57.14% | 24h=74.29% | 48h=61.9%
2025-12-25 06:13:42,507 - INFO -   [12/27] 采集 BCH-USDT-SWAP...
2025-12-25 06:13:42,738 - INFO -     💰 当前价格: $570.7
2025-12-25 06:13:42,738 - INFO -     📊 位置: 4h=37.78% | 12h=69.72% | 24h=43.43% | 48h=31.15%
2025-12-25 06:13:43,239 - INFO -   [13/27] 采集 HBAR-USDT-SWAP...
2025-12-25 06:13:43,480 - INFO -     💰 当前价格: $0.11159
2025-12-25 06:13:43,480 - INFO -     📊 位置: 4h=74.46% | 12h=86.65% | 24h=88.1% | 48h=74.36%
2025-12-25 06:13:43,980 - INFO -   [14/27] 采集 XLM-USDT-SWAP...
2025-12-25 06:13:44,227 - INFO -     💰 当前价格: $0.21464
2025-12-25 06:13:44,227 - INFO -     📊 位置: 4h=52.55% | 12h=78.47% | 24h=78.82% | 48h=44.65%
2025-12-25 06:13:44,727 - INFO -   [15/27] 采集 FIL-USDT-SWAP...
2025-12-25 06:13:44,964 - INFO -     💰 当前价格: $1.275
2025-12-25 06:13:44,964 - INFO -     📊 位置: 4h=11.76% | 12h=42.31% | 24h=46.43% | 48h=14.44%
2025-12-25 06:13:45,465 - INFO -   [16/27] 采集 LINK-USDT-SWAP...
2025-12-25 06:13:45,706 - INFO -     💰 当前价格: $12.294
2025-12-25 06:13:45,706 - INFO -     📊 位置: 4h=20.29% | 12h=61.17% | 24h=78.95% | 48h=57.8%
2025-12-25 06:13:46,207 - INFO -   [17/27] 采集 CRO-USDT-SWAP...
2025-12-25 06:13:46,440 - INFO -     💰 当前价格: $0.09395
2025-12-25 06:13:46,440 - INFO -     📊 位置: 4h=8.7% | 12h=80.37% | 24h=80.47% | 48h=48.06%
2025-12-25 06:13:46,941 - INFO -   [18/27] 采集 DOT-USDT-SWAP...
2025-12-25 06:13:47,170 - INFO -     💰 当前价格: $1.738
2025-12-25 06:13:47,171 - INFO -     📊 位置: 4h=20.0% | 12h=64.86% | 24h=72.34% | 48h=41.46%
2025-12-25 06:13:47,671 - INFO -   [19/27] 采集 AAVE-USDT-SWAP...
2025-12-25 06:13:47,909 - INFO -     💰 当前价格: $150.02
2025-12-25 06:13:47,910 - INFO -     📊 位置: 4h=22.69% | 12h=65.8% | 24h=73.81% | 48h=46.04%
2025-12-25 06:13:48,410 - INFO -   [20/27] 采集 UNI-USDT-SWAP...
2025-12-25 06:13:48,641 - INFO -     💰 当前价格: $5.793
2025-12-25 06:13:48,642 - INFO -     📊 位置: 4h=42.55% | 12h=38.1% | 24h=69.46% | 48h=42.33%
2025-12-25 06:13:49,142 - INFO -   [21/27] 采集 NEAR-USDT-SWAP...
2025-12-25 06:13:49,375 - INFO -     💰 当前价格: $1.489
2025-12-25 06:13:49,376 - INFO -     📊 位置: 4h=36.11% | 12h=65.67% | 24h=70.89% | 48h=57.73%
2025-12-25 06:13:49,876 - INFO -   [22/27] 采集 APT-USDT-SWAP...
2025-12-25 06:13:50,106 - INFO -     💰 当前价格: $1.662
2025-12-25 06:13:50,106 - INFO -     📊 位置: 4h=44.68% | 12h=70.79% | 24h=80.88% | 48h=80.88%
2025-12-25 06:13:50,607 - INFO -   [23/27] 采集 CFX-USDT-SWAP...
2025-12-25 06:13:50,843 - INFO -     💰 当前价格: $0.07648
2025-12-25 06:13:50,843 - INFO -     📊 位置: 4h=43.43% | 12h=69.29% | 24h=80.5% | 48h=80.5%
2025-12-25 06:13:51,343 - INFO -   [24/27] 采集 CRV-USDT-SWAP...
2025-12-25 06:13:51,581 - INFO -     💰 当前价格: $0.3787
2025-12-25 06:13:51,582 - INFO -     📊 位置: 4h=5.0% | 12h=45.87% | 24h=68.75% | 48h=72.92%
2025-12-25 06:13:52,082 - INFO -   [25/27] 采集 STX-USDT-SWAP...
2025-12-25 06:13:52,312 - INFO -     💰 当前价格: $0.2536
2025-12-25 06:13:52,312 - INFO -     📊 位置: 4h=94.12% | 12h=97.94% | 24h=98.75% | 48h=98.86%
2025-12-25 06:13:52,812 - INFO -   [26/27] 采集 LDO-USDT-SWAP...
2025-12-25 06:13:53,055 - INFO -     💰 当前价格: $0.5579
2025-12-25 06:13:53,056 - INFO -     📊 位置: 4h=74.84% | 12h=88.86% | 24h=91.79% | 48h=91.79%
2025-12-25 06:13:53,556 - INFO -   [27/27] 采集 TAO-USDT-SWAP...
2025-12-25 06:13:53,788 - INFO -     💰 当前价格: $222.2
2025-12-25 06:13:53,788 - INFO -     📊 位置: 4h=25.93% | 12h=78.72% | 24h=88.95% | 48h=88.95%
2025-12-25 06:13:54,295 - INFO - 💾 数据保存成功: 27 个币种
2025-12-25 06:13:54,300 - INFO - 📊 统计数据保存成功:
2025-12-25 06:13:54,301 - INFO -     4h低于1%: 0/27
2025-12-25 06:13:54,301 - INFO -    12h低于1%: 0/27
2025-12-25 06:13:54,301 - INFO -    24h低于1%: 0/27
2025-12-25 06:13:54,301 - INFO -    48h低于1%: 0/27
2025-12-25 06:13:54,301 - INFO - ✅ 数据采集完成: 成功 27/27
2025-12-25 06:13:54,301 - INFO - 🚀 位置系统采集器启动，采集间隔: 300秒
2025-12-25 06:13:54,302 - INFO - 📊 开始采集位置系统数据...
2025-12-25 06:13:54,302 - INFO - 📋 币种列表: 27 个币种
2025-12-25 06:13:54,302 - INFO -   [1/27] 采集 BTC-USDT-SWAP...
2025-12-25 06:13:54,535 - INFO -     💰 当前价格: $87664.1
2025-12-25 06:13:54,535 - INFO -     📊 位置: 4h=18.64% | 12h=49.5% | 24h=78.02% | 48h=66.27%
2025-12-25 06:13:55,035 - INFO -   [2/27] 采集 ETH-USDT-SWAP...
2025-12-25 06:13:55,279 - INFO -     💰 当前价格: $2936.93
2025-12-25 06:13:55,279 - INFO -     📊 位置: 4h=2.56% | 12h=6.7% | 24h=66.21% | 48h=50.53%
2025-12-25 06:13:55,779 - INFO -   [3/27] 采集 XRP-USDT-SWAP...
2025-12-25 06:13:56,013 - INFO -     💰 当前价格: $1.8659
2025-12-25 06:13:56,013 - INFO -     📊 位置: 4h=7.53% | 12h=61.26% | 24h=61.32% | 48h=43.78%
2025-12-25 06:13:56,514 - INFO -   [4/27] 采集 BNB-USDT-SWAP...
2025-12-25 06:13:56,744 - INFO -     💰 当前价格: $841.8
2025-12-25 06:13:56,745 - INFO -     📊 位置: 4h=6.98% | 12h=3.7% | 24h=48.0% | 48h=39.78%
2025-12-25 06:13:57,245 - INFO -   [5/27] 采集 SOL-USDT-SWAP...
2025-12-25 06:13:57,478 - INFO -     💰 当前价格: $122.16
2025-12-25 06:13:57,479 - INFO -     📊 位置: 4h=4.17% | 12h=14.79% | 24h=55.12% | 48h=32.35%
2025-12-25 06:13:57,979 - INFO -   [6/27] 采集 LTC-USDT-SWAP...
2025-12-25 06:13:58,212 - INFO -     💰 当前价格: $76.34
2025-12-25 06:13:58,212 - INFO -     📊 位置: 4h=76.74% | 12h=90.65% | 24h=73.01% | 48h=42.81%
2025-12-25 06:13:58,713 - INFO -   [7/27] 采集 DOGE-USDT-SWAP...
2025-12-25 06:13:58,946 - INFO -     💰 当前价格: $0.12812
2025-12-25 06:13:58,947 - INFO -     📊 位置: 4h=7.84% | 12h=29.24% | 24h=57.57% | 48h=35.07%
2025-12-25 06:13:59,447 - INFO -   [8/27] 采集 SUI-USDT-SWAP...
2025-12-25 06:13:59,678 - INFO -     💰 当前价格: $1.4103
2025-12-25 06:13:59,678 - INFO -     📊 位置: 4h=11.11% | 12h=13.79% | 24h=56.76% | 48h=33.14%
2025-12-25 06:14:00,178 - INFO -   [9/27] 采集 TRX-USDT-SWAP...
2025-12-25 06:14:00,403 - INFO -     💰 当前价格: $0.28024
2025-12-25 06:14:00,404 - INFO -     📊 位置: 4h=59.37% | 12h=54.41% | 24h=28.46% | 48h=25.22%
2025-12-25 06:14:00,904 - INFO -   [10/27] 采集 TON-USDT-SWAP...
2025-12-25 06:14:01,137 - INFO -     💰 当前价格: $1.523
2025-12-25 06:14:01,137 - INFO -     📊 位置: 4h=15.79% | 12h=47.83% | 24h=60.33% | 48h=63.08%
2025-12-25 06:14:01,637 - INFO -   [11/27] 采集 ETC-USDT-SWAP...
2025-12-25 06:14:01,870 - INFO -     💰 当前价格: $12.04
2025-12-25 06:14:01,871 - INFO -     📊 位置: 4h=18.18% | 12h=57.14% | 24h=74.29% | 48h=61.9%
2025-12-25 06:14:02,371 - INFO -   [12/27] 采集 BCH-USDT-SWAP...
2025-12-25 06:14:02,606 - INFO -     💰 当前价格: $570.6
2025-12-25 06:14:02,607 - INFO -     📊 位置: 4h=35.56% | 12h=68.81% | 24h=42.86% | 48h=30.74%
2025-12-25 06:14:03,107 - INFO -   [13/27] 采集 HBAR-USDT-SWAP...
2025-12-25 06:14:03,339 - INFO -     💰 当前价格: $0.11157
2025-12-25 06:14:03,339 - INFO -     📊 位置: 4h=73.37% | 12h=86.08% | 24h=87.59% | 48h=73.93%
2025-12-25 06:14:03,840 - INFO -   [14/27] 采集 XLM-USDT-SWAP...
2025-12-25 06:14:04,072 - INFO -     💰 当前价格: $0.21457
2025-12-25 06:14:04,073 - INFO -     📊 位置: 4h=48.98% | 12h=76.85% | 24h=77.22% | 48h=43.74%
2025-12-25 06:14:04,573 - INFO -   [15/27] 采集 FIL-USDT-SWAP...
2025-12-25 06:14:04,813 - INFO -     💰 当前价格: $1.275
2025-12-25 06:14:04,813 - INFO -     📊 位置: 4h=11.76% | 12h=42.31% | 24h=46.43% | 48h=14.44%
2025-12-25 06:14:05,313 - INFO -   [16/27] 采集 LINK-USDT-SWAP...
2025-12-25 06:14:05,546 - INFO -     💰 当前价格: $12.295
2025-12-25 06:14:05,546 - INFO -     📊 位置: 4h=21.74% | 12h=61.65% | 24h=79.21% | 48h=58.0%
2025-12-25 06:14:06,046 - INFO -   [17/27] 采集 CRO-USDT-SWAP...
2025-12-25 06:14:06,281 - INFO -     💰 当前价格: $0.09395
2025-12-25 06:14:06,281 - INFO -     📊 位置: 4h=8.7% | 12h=80.37% | 24h=80.47% | 48h=48.06%
2025-12-25 06:14:06,782 - INFO -   [18/27] 采集 DOT-USDT-SWAP...
2025-12-25 06:14:07,015 - INFO -     💰 当前价格: $1.738
2025-12-25 06:14:07,016 - INFO -     📊 位置: 4h=20.0% | 12h=64.86% | 24h=72.34% | 48h=41.46%
2025-12-25 06:14:07,516 - INFO -   [19/27] 采集 AAVE-USDT-SWAP...
2025-12-25 06:14:07,761 - INFO -     💰 当前价格: $150.05
2025-12-25 06:14:07,761 - INFO -     📊 位置: 4h=25.21% | 12h=66.58% | 24h=74.4% | 48h=46.41%
2025-12-25 06:14:08,262 - INFO -   [20/27] 采集 UNI-USDT-SWAP...
2025-12-25 06:14:08,491 - INFO -     💰 当前价格: $5.794
2025-12-25 06:14:08,491 - INFO -     📊 位置: 4h=43.62% | 12h=39.05% | 24h=69.8% | 48h=42.54%
2025-12-25 06:14:08,991 - INFO -   [21/27] 采集 NEAR-USDT-SWAP...
2025-12-25 06:14:09,221 - INFO -     💰 当前价格: $1.489
2025-12-25 06:14:09,222 - INFO -     📊 位置: 4h=36.11% | 12h=65.67% | 24h=70.89% | 48h=57.73%
2025-12-25 06:14:09,722 - INFO -   [22/27] 采集 APT-USDT-SWAP...
2025-12-25 06:14:09,955 - INFO -     💰 当前价格: $1.665
2025-12-25 06:14:09,955 - INFO -     📊 位置: 4h=51.06% | 12h=74.16% | 24h=83.09% | 48h=83.09%
2025-12-25 06:14:10,456 - INFO -   [23/27] 采集 CFX-USDT-SWAP...
2025-12-25 06:14:10,694 - INFO -     💰 当前价格: $0.07656
2025-12-25 06:14:10,694 - INFO -     📊 位置: 4h=47.47% | 12h=70.45% | 24h=81.24% | 48h=81.24%
2025-12-25 06:14:11,194 - INFO -   [24/27] 采集 CRV-USDT-SWAP...
2025-12-25 06:14:11,421 - INFO -     💰 当前价格: $0.379
2025-12-25 06:14:11,421 - INFO -     📊 位置: 4h=10.0% | 12h=48.62% | 24h=70.19% | 48h=74.17%
2025-12-25 06:14:11,921 - INFO -   [25/27] 采集 STX-USDT-SWAP...
2025-12-25 06:14:12,175 - INFO -     💰 当前价格: $0.2535
2025-12-25 06:14:12,175 - INFO -     📊 位置: 4h=91.18% | 12h=96.91% | 24h=98.12% | 48h=98.3%
2025-12-25 06:14:12,676 - INFO -   [26/27] 采集 LDO-USDT-SWAP...
2025-12-25 06:14:12,904 - INFO -     💰 当前价格: $0.5579
2025-12-25 06:14:12,904 - INFO -     📊 位置: 4h=74.84% | 12h=88.86% | 24h=91.79% | 48h=91.79%
2025-12-25 06:14:13,404 - INFO -   [27/27] 采集 TAO-USDT-SWAP...
2025-12-25 06:14:13,646 - INFO -     💰 当前价格: $222.3
2025-12-25 06:14:13,647 - INFO -     📊 位置: 4h=29.63% | 12h=79.79% | 24h=89.5% | 48h=89.5%
2025-12-25 06:14:14,151 - INFO - 💾 数据保存成功: 27 个币种
2025-12-25 06:14:14,155 - INFO - 📊 统计数据保存成功:
2025-12-25 06:14:14,155 - INFO -     4h低于1%: 0/27
2025-12-25 06:14:14,155 - INFO -    12h低于1%: 0/27
2025-12-25 06:14:14,155 - INFO -    24h低于1%: 0/27
2025-12-25 06:14:14,155 - INFO -    48h低于1%: 0/27
2025-12-25 06:14:14,155 - INFO - ✅ 数据采集完成: 成功 27/27
2025-12-25 06:14:14,156 - INFO - ⏳ 等待 300 秒后进行下一次采集...

2025-12-25 06:18:34,908 - INFO - ⛔ 收到停止信号，退出采集器
2025-12-25 06:18:35,270 - INFO - ✅ 数据库初始化完成
2025-12-25 06:18:35,271 - INFO - 📊 开始采集位置系统数据...
2025-12-25 06:18:35,271 - INFO - 📋 币种列表: 27 个币种
2025-12-25 06:18:35,287 - INFO -   [1/27] 采集 BTC-USDT-SWAP...
2025-12-25 06:18:35,709 - INFO -     💰 当前价格: $87694.4
2025-12-25 06:18:35,710 - INFO -     📊 位置: 4h=29.65% | 12h=53.63% | 24h=79.81% | 48h=67.8%
2025-12-25 06:18:36,210 - INFO -   [2/27] 采集 ETH-USDT-SWAP...
2025-12-25 06:18:36,438 - INFO -     💰 当前价格: $2938.58
2025-12-25 06:18:36,439 - INFO -     📊 位置: 4h=13.39% | 12h=12.63% | 24h=68.37% | 48h=52.17%
2025-12-25 06:18:36,939 - INFO -   [3/27] 采集 XRP-USDT-SWAP...
2025-12-25 06:18:37,171 - INFO -     💰 当前价格: $1.8682
2025-12-25 06:18:37,171 - INFO -     📊 位置: 4h=33.68% | 12h=71.62% | 24h=69.34% | 48h=47.14%
2025-12-25 06:18:37,672 - INFO -   [4/27] 采集 BNB-USDT-SWAP...
2025-12-25 06:18:37,900 - INFO -     💰 当前价格: $841.8
2025-12-25 06:18:37,900 - INFO -     📊 位置: 4h=6.98% | 12h=3.7% | 24h=48.0% | 48h=39.78%
2025-12-25 06:18:38,400 - INFO -   [5/27] 采集 SOL-USDT-SWAP...
2025-12-25 06:18:38,635 - INFO -     💰 当前价格: $122.21
2025-12-25 06:18:38,635 - INFO -     📊 位置: 4h=9.37% | 12h=18.31% | 24h=56.89% | 48h=33.33%
2025-12-25 06:18:39,135 - INFO -   [6/27] 采集 LTC-USDT-SWAP...
2025-12-25 06:18:39,369 - INFO -     💰 当前价格: $76.47
2025-12-25 06:18:39,369 - INFO -     📊 位置: 4h=86.79% | 12h=94.02% | 24h=80.98% | 48h=47.48%
2025-12-25 06:18:39,870 - INFO -   [7/27] 采集 DOGE-USDT-SWAP...
2025-12-25 06:18:40,112 - INFO -     💰 当前价格: $0.12819
2025-12-25 06:18:40,113 - INFO -     📊 位置: 4h=14.71% | 12h=33.33% | 24h=59.87% | 48h=36.47%
2025-12-25 06:18:40,613 - INFO -   [8/27] 采集 SUI-USDT-SWAP...
2025-12-25 06:18:40,846 - INFO -     💰 当前价格: $1.4115
2025-12-25 06:18:40,847 - INFO -     📊 位置: 4h=20.63% | 12h=19.7% | 24h=59.71% | 48h=34.86%
2025-12-25 06:18:41,347 - INFO -   [9/27] 采集 TRX-USDT-SWAP...
2025-12-25 06:18:41,580 - INFO -     💰 当前价格: $0.28043
2025-12-25 06:18:41,581 - INFO -     📊 位置: 4h=89.06% | 12h=61.69% | 24h=32.26% | 48h=28.6%
2025-12-25 06:18:42,081 - INFO -   [10/27] 采集 TON-USDT-SWAP...
2025-12-25 06:18:42,314 - INFO -     💰 当前价格: $1.521
2025-12-25 06:18:42,314 - INFO -     📊 位置: 4h=12.28% | 12h=45.65% | 24h=58.68% | 48h=61.54%
2025-12-25 06:18:42,815 - INFO -   [11/27] 采集 ETC-USDT-SWAP...
2025-12-25 06:18:43,057 - INFO -     💰 当前价格: $12.05
2025-12-25 06:18:43,058 - INFO -     📊 位置: 4h=27.27% | 12h=61.9% | 24h=77.14% | 48h=64.29%
2025-12-25 06:18:43,558 - INFO -   [12/27] 采集 BCH-USDT-SWAP...
2025-12-25 06:18:43,797 - INFO -     💰 当前价格: $571.3
2025-12-25 06:18:43,797 - INFO -     📊 位置: 4h=51.11% | 12h=75.23% | 24h=46.86% | 48h=33.61%
2025-12-25 06:18:44,297 - INFO -   [13/27] 采集 HBAR-USDT-SWAP...
2025-12-25 06:18:44,532 - INFO -     💰 当前价格: $0.11186
2025-12-25 06:18:44,532 - INFO -     📊 位置: 4h=89.13% | 12h=94.32% | 24h=94.94% | 48h=80.13%
2025-12-25 06:18:45,032 - INFO -   [14/27] 采集 XLM-USDT-SWAP...
2025-12-25 06:18:45,277 - INFO -     💰 当前价格: $0.21482
2025-12-25 06:18:45,278 - INFO -     📊 位置: 4h=61.73% | 12h=82.64% | 24h=82.92% | 48h=46.97%
2025-12-25 06:18:45,778 - INFO -   [15/27] 采集 FIL-USDT-SWAP...
2025-12-25 06:18:46,012 - INFO -     💰 当前价格: $1.275
2025-12-25 06:18:46,013 - INFO -     📊 位置: 4h=11.76% | 12h=42.31% | 24h=46.43% | 48h=14.44%
2025-12-25 06:18:46,513 - INFO -   [16/27] 采集 LINK-USDT-SWAP...
2025-12-25 06:18:46,740 - INFO -     💰 当前价格: $12.305
2025-12-25 06:18:46,740 - INFO -     📊 位置: 4h=36.23% | 12h=66.5% | 24h=81.84% | 48h=59.92%
2025-12-25 06:18:47,241 - INFO -   [17/27] 采集 CRO-USDT-SWAP...
2025-12-25 06:18:47,480 - INFO -     💰 当前价格: $0.09415
2025-12-25 06:18:47,480 - INFO -     📊 位置: 4h=52.17% | 12h=89.72% | 24h=89.77% | 48h=53.61%
2025-12-25 06:18:47,980 - INFO -   [18/27] 采集 DOT-USDT-SWAP...
2025-12-25 06:18:48,217 - INFO -     💰 当前价格: $1.739
2025-12-25 06:18:48,217 - INFO -     📊 位置: 4h=26.67% | 12h=67.57% | 24h=74.47% | 48h=42.68%
2025-12-25 06:18:48,717 - INFO -   [19/27] 采集 AAVE-USDT-SWAP...
2025-12-25 06:18:48,944 - INFO -     💰 当前价格: $150.09
2025-12-25 06:18:48,944 - INFO -     📊 位置: 4h=28.57% | 12h=67.62% | 24h=75.2% | 48h=46.91%
2025-12-25 06:18:49,444 - INFO -   [20/27] 采集 UNI-USDT-SWAP...
2025-12-25 06:18:49,676 - INFO -     💰 当前价格: $5.811
2025-12-25 06:18:49,676 - INFO -     📊 位置: 4h=61.7% | 12h=55.24% | 24h=75.5% | 48h=46.01%
2025-12-25 06:18:50,177 - INFO -   [21/27] 采集 NEAR-USDT-SWAP...
2025-12-25 06:18:50,416 - INFO -     💰 当前价格: $1.485
2025-12-25 06:18:50,416 - INFO -     📊 位置: 4h=25.0% | 12h=59.7% | 24h=65.82% | 48h=53.61%
2025-12-25 06:18:50,917 - INFO -   [22/27] 采集 APT-USDT-SWAP...
2025-12-25 06:18:51,150 - INFO -     💰 当前价格: $1.665
2025-12-25 06:18:51,151 - INFO -     📊 位置: 4h=51.06% | 12h=74.16% | 24h=83.09% | 48h=83.09%
2025-12-25 06:18:51,651 - INFO -   [23/27] 采集 CFX-USDT-SWAP...
2025-12-25 06:18:51,890 - INFO -     💰 当前价格: $0.07657
2025-12-25 06:18:51,891 - INFO -     📊 位置: 4h=47.98% | 12h=70.6% | 24h=81.33% | 48h=81.33%
2025-12-25 06:18:52,391 - INFO -   [24/27] 采集 CRV-USDT-SWAP...
2025-12-25 06:18:52,637 - INFO -     💰 当前价格: $0.379
2025-12-25 06:18:52,637 - INFO -     📊 位置: 4h=10.0% | 12h=48.62% | 24h=70.19% | 48h=74.17%
2025-12-25 06:18:53,137 - INFO -   [25/27] 采集 STX-USDT-SWAP...
2025-12-25 06:18:53,376 - INFO -     💰 当前价格: $0.2534
2025-12-25 06:18:53,376 - INFO -     📊 位置: 4h=88.24% | 12h=95.88% | 24h=97.5% | 48h=97.73%
2025-12-25 06:18:53,876 - INFO -   [26/27] 采集 LDO-USDT-SWAP...
2025-12-25 06:18:54,108 - INFO -     💰 当前价格: $0.5595
2025-12-25 06:18:54,108 - INFO -     📊 位置: 4h=85.16% | 12h=93.43% | 24h=95.16% | 48h=95.16%
2025-12-25 06:18:54,608 - INFO -   [27/27] 采集 TAO-USDT-SWAP...
2025-12-25 06:18:54,841 - INFO -     💰 当前价格: $222.1
2025-12-25 06:18:54,842 - INFO -     📊 位置: 4h=22.22% | 12h=77.66% | 24h=88.4% | 48h=88.4%
2025-12-25 06:18:55,348 - INFO - 💾 数据保存成功: 27 个币种
2025-12-25 06:18:55,353 - INFO - 📊 统计数据保存成功:
2025-12-25 06:18:55,354 - INFO -     4h低于1%: 0/27
2025-12-25 06:18:55,354 - INFO -    12h低于1%: 0/27
2025-12-25 06:18:55,354 - INFO -    24h低于1%: 0/27
2025-12-25 06:18:55,354 - INFO -    48h低于1%: 0/27
2025-12-25 06:18:55,354 - INFO - ✅ 数据采集完成: 成功 27/27
2025-12-25 06:18:55,354 - INFO - 🚀 位置系统采集器启动，采集间隔: 300秒
2025-12-25 06:18:55,354 - INFO - 📊 开始采集位置系统数据...
2025-12-25 06:18:55,355 - INFO - 📋 币种列表: 27 个币种
2025-12-25 06:18:55,355 - INFO -   [1/27] 采集 BTC-USDT-SWAP...
2025-12-25 06:18:55,580 - INFO -     💰 当前价格: $87694.4
2025-12-25 06:18:55,580 - INFO -     📊 位置: 4h=29.65% | 12h=53.63% | 24h=79.81% | 48h=67.8%
2025-12-25 06:18:56,081 - INFO -   [2/27] 采集 ETH-USDT-SWAP...
2025-12-25 06:18:56,316 - INFO -     💰 当前价格: $2938.58
2025-12-25 06:18:56,316 - INFO -     📊 位置: 4h=13.39% | 12h=12.63% | 24h=68.37% | 48h=52.17%
2025-12-25 06:18:56,817 - INFO -   [3/27] 采集 XRP-USDT-SWAP...
2025-12-25 06:18:57,040 - INFO -     💰 当前价格: $1.8681
2025-12-25 06:18:57,041 - INFO -     📊 位置: 4h=32.63% | 12h=71.17% | 24h=68.99% | 48h=47.0%
2025-12-25 06:18:57,541 - INFO -   [4/27] 采集 BNB-USDT-SWAP...
2025-12-25 06:18:57,774 - INFO -     💰 当前价格: $841.8
2025-12-25 06:18:57,775 - INFO -     📊 位置: 4h=6.98% | 12h=3.7% | 24h=48.0% | 48h=39.78%
2025-12-25 06:18:58,275 - INFO -   [5/27] 采集 SOL-USDT-SWAP...
2025-12-25 06:18:58,499 - INFO -     💰 当前价格: $122.21
2025-12-25 06:18:58,499 - INFO -     📊 位置: 4h=9.37% | 12h=18.31% | 24h=56.89% | 48h=33.33%
2025-12-25 06:18:58,999 - INFO -   [6/27] 采集 LTC-USDT-SWAP...
2025-12-25 06:18:59,229 - INFO -     💰 当前价格: $76.48
2025-12-25 06:18:59,230 - INFO -     📊 位置: 4h=88.68% | 12h=94.87% | 24h=81.6% | 48h=47.84%
2025-12-25 06:18:59,730 - INFO -   [7/27] 采集 DOGE-USDT-SWAP...
2025-12-25 06:18:59,974 - INFO -     💰 当前价格: $0.12822
2025-12-25 06:18:59,974 - INFO -     📊 位置: 4h=17.65% | 12h=35.09% | 24h=60.86% | 48h=37.07%
2025-12-25 06:19:00,475 - INFO -   [8/27] 采集 SUI-USDT-SWAP...
2025-12-25 06:19:00,718 - INFO -     💰 当前价格: $1.4118
2025-12-25 06:19:00,718 - INFO -     📊 位置: 4h=23.02% | 12h=21.18% | 24h=60.44% | 48h=35.29%
2025-12-25 06:19:01,218 - INFO -   [9/27] 采集 TRX-USDT-SWAP...
2025-12-25 06:19:01,449 - INFO -     💰 当前价格: $0.28043
2025-12-25 06:19:01,449 - INFO -     📊 位置: 4h=89.06% | 12h=61.69% | 24h=32.26% | 48h=28.6%
2025-12-25 06:19:01,950 - INFO -   [10/27] 采集 TON-USDT-SWAP...
2025-12-25 06:19:02,174 - INFO -     💰 当前价格: $1.521
2025-12-25 06:19:02,174 - INFO -     📊 位置: 4h=12.28% | 12h=45.65% | 24h=58.68% | 48h=61.54%
2025-12-25 06:19:02,675 - INFO -   [11/27] 采集 ETC-USDT-SWAP...
2025-12-25 06:19:02,896 - INFO -     💰 当前价格: $12.05
2025-12-25 06:19:02,896 - INFO -     📊 位置: 4h=27.27% | 12h=61.9% | 24h=77.14% | 48h=64.29%
2025-12-25 06:19:03,397 - INFO -   [12/27] 采集 BCH-USDT-SWAP...
2025-12-25 06:19:03,639 - INFO -     💰 当前价格: $571.3
2025-12-25 06:19:03,639 - INFO -     📊 位置: 4h=51.11% | 12h=75.23% | 24h=46.86% | 48h=33.61%
2025-12-25 06:19:04,139 - INFO -   [13/27] 采集 HBAR-USDT-SWAP...
2025-12-25 06:19:04,364 - INFO -     💰 当前价格: $0.11194
2025-12-25 06:19:04,364 - INFO -     📊 位置: 4h=93.48% | 12h=96.59% | 24h=96.96% | 48h=81.84%
2025-12-25 06:19:04,865 - INFO -   [14/27] 采集 XLM-USDT-SWAP...
2025-12-25 06:19:05,098 - INFO -     💰 当前价格: $0.21483
2025-12-25 06:19:05,099 - INFO -     📊 位置: 4h=62.24% | 12h=82.87% | 24h=83.14% | 48h=47.1%
2025-12-25 06:19:05,599 - INFO -   [15/27] 采集 FIL-USDT-SWAP...
2025-12-25 06:19:05,838 - INFO -     💰 当前价格: $1.276
2025-12-25 06:19:05,839 - INFO -     📊 位置: 4h=17.65% | 12h=46.15% | 24h=50.0% | 48h=15.56%
2025-12-25 06:19:06,339 - INFO -   [16/27] 采集 LINK-USDT-SWAP...
2025-12-25 06:19:06,565 - INFO -     💰 当前价格: $12.307
2025-12-25 06:19:06,565 - INFO -     📊 位置: 4h=39.13% | 12h=67.48% | 24h=82.37% | 48h=60.31%
2025-12-25 06:19:07,066 - INFO -   [17/27] 采集 CRO-USDT-SWAP...
2025-12-25 06:19:07,302 - INFO -     💰 当前价格: $0.09415
2025-12-25 06:19:07,302 - INFO -     📊 位置: 4h=52.17% | 12h=89.72% | 24h=89.77% | 48h=53.61%
2025-12-25 06:19:07,803 - INFO -   [18/27] 采集 DOT-USDT-SWAP...
2025-12-25 06:19:08,031 - INFO -     💰 当前价格: $1.739
2025-12-25 06:19:08,031 - INFO -     📊 位置: 4h=26.67% | 12h=67.57% | 24h=74.47% | 48h=42.68%
2025-12-25 06:19:08,531 - INFO -   [19/27] 采集 AAVE-USDT-SWAP...
2025-12-25 06:19:08,770 - INFO -     💰 当前价格: $150.05
2025-12-25 06:19:08,770 - INFO -     📊 位置: 4h=25.21% | 12h=66.58% | 24h=74.4% | 48h=46.41%
2025-12-25 06:19:09,270 - INFO -   [20/27] 采集 UNI-USDT-SWAP...
2025-12-25 06:19:09,499 - INFO -     💰 当前价格: $5.798
2025-12-25 06:19:09,499 - INFO -     📊 位置: 4h=47.87% | 12h=42.86% | 24h=71.14% | 48h=43.35%
2025-12-25 06:19:09,999 - INFO -   [21/27] 采集 NEAR-USDT-SWAP...
2025-12-25 06:19:10,232 - INFO -     💰 当前价格: $1.485
2025-12-25 06:19:10,232 - INFO -     📊 位置: 4h=25.0% | 12h=59.7% | 24h=65.82% | 48h=53.61%
2025-12-25 06:19:10,732 - INFO -   [22/27] 采集 APT-USDT-SWAP...
2025-12-25 06:19:10,961 - INFO -     💰 当前价格: $1.665
2025-12-25 06:19:10,961 - INFO -     📊 位置: 4h=51.06% | 12h=74.16% | 24h=83.09% | 48h=83.09%
2025-12-25 06:19:11,462 - INFO -   [23/27] 采集 CFX-USDT-SWAP...
2025-12-25 06:19:11,699 - INFO -     💰 当前价格: $0.07647
2025-12-25 06:19:11,699 - INFO -     📊 位置: 4h=42.93% | 12h=69.14% | 24h=80.41% | 48h=80.41%
2025-12-25 06:19:12,200 - INFO -   [24/27] 采集 CRV-USDT-SWAP...
2025-12-25 06:19:12,433 - INFO -     💰 当前价格: $0.379
2025-12-25 06:19:12,433 - INFO -     📊 位置: 4h=10.0% | 12h=48.62% | 24h=70.19% | 48h=74.17%
2025-12-25 06:19:12,933 - INFO -   [25/27] 采集 STX-USDT-SWAP...
2025-12-25 06:19:13,173 - INFO -     💰 当前价格: $0.2534
2025-12-25 06:19:13,173 - INFO -     📊 位置: 4h=88.24% | 12h=95.88% | 24h=97.5% | 48h=97.73%
2025-12-25 06:19:13,673 - INFO -   [26/27] 采集 LDO-USDT-SWAP...
2025-12-25 06:19:13,901 - INFO -     💰 当前价格: $0.5599
2025-12-25 06:19:13,901 - INFO -     📊 位置: 4h=87.74% | 12h=94.57% | 24h=96.0% | 48h=96.0%
2025-12-25 06:19:14,401 - INFO -   [27/27] 采集 TAO-USDT-SWAP...
2025-12-25 06:19:14,644 - INFO -     💰 当前价格: $222.1
2025-12-25 06:19:14,644 - INFO -     📊 位置: 4h=22.22% | 12h=77.66% | 24h=88.4% | 48h=88.4%
2025-12-25 06:19:15,149 - INFO - 💾 数据保存成功: 27 个币种
2025-12-25 06:19:15,152 - INFO - 📊 统计数据保存成功:
2025-12-25 06:19:15,153 - INFO -     4h低于1%: 0/27
2025-12-25 06:19:15,153 - INFO -    12h低于1%: 0/27
2025-12-25 06:19:15,153 - INFO -    24h低于1%: 0/27
2025-12-25 06:19:15,153 - INFO -    48h低于1%: 0/27
2025-12-25 06:19:15,153 - INFO - ✅ 数据采集完成: 成功 27/27
2025-12-25 06:19:15,153 - INFO - ⏳ 等待 300 秒后进行下一次采集...

2025-12-25 06:23:35,716 - INFO - ⛔ 收到停止信号，退出采集器
2025-12-25 06:23:36,086 - INFO - ✅ 数据库初始化完成
2025-12-25 06:23:36,086 - INFO - 📊 开始采集位置系统数据...
2025-12-25 06:23:36,086 - INFO - 📋 币种列表: 27 个币种
2025-12-25 06:23:36,098 - INFO -   [1/27] 采集 BTC-USDT-SWAP...
2025-12-25 06:23:36,336 - INFO -     💰 当前价格: $87707.8
2025-12-25 06:23:36,336 - INFO -     📊 位置: 4h=34.52% | 12h=55.46% | 24h=80.61% | 48h=68.47%
2025-12-25 06:23:36,837 - INFO -   [2/27] 采集 ETH-USDT-SWAP...
2025-12-25 06:23:37,234 - INFO -     💰 当前价格: $2939.2
2025-12-25 06:23:37,234 - INFO -     📊 位置: 4h=17.47% | 12h=14.87% | 24h=69.17% | 48h=52.78%
2025-12-25 06:23:37,735 - INFO -   [3/27] 采集 XRP-USDT-SWAP...
2025-12-25 06:23:37,968 - INFO -     💰 当前价格: $1.8698
2025-12-25 06:23:37,968 - INFO -     📊 位置: 4h=50.53% | 12h=78.83% | 24h=74.91% | 48h=49.49%
2025-12-25 06:23:38,469 - INFO -   [4/27] 采集 BNB-USDT-SWAP...
2025-12-25 06:23:38,696 - INFO -     💰 当前价格: $841.9
2025-12-25 06:23:38,696 - INFO -     📊 位置: 4h=9.3% | 12h=4.94% | 24h=48.67% | 48h=40.33%
2025-12-25 06:23:39,196 - INFO -   [5/27] 采集 SOL-USDT-SWAP...
2025-12-25 06:23:39,440 - INFO -     💰 当前价格: $122.27
2025-12-25 06:23:39,440 - INFO -     📊 位置: 4h=15.62% | 12h=22.54% | 24h=59.01% | 48h=34.52%
2025-12-25 06:23:39,941 - INFO -   [6/27] 采集 LTC-USDT-SWAP...
2025-12-25 06:23:40,178 - INFO -     💰 当前价格: $76.57
2025-12-25 06:23:40,178 - INFO -     📊 位置: 4h=94.92% | 12h=97.56% | 24h=87.12% | 48h=51.08%
2025-12-25 06:23:40,679 - INFO -   [7/27] 采集 DOGE-USDT-SWAP...
2025-12-25 06:23:40,920 - INFO -     💰 当前价格: $0.12826
2025-12-25 06:23:40,920 - INFO -     📊 位置: 4h=21.57% | 12h=37.43% | 24h=62.17% | 48h=37.88%
2025-12-25 06:23:41,421 - INFO -   [8/27] 采集 SUI-USDT-SWAP...
2025-12-25 06:23:41,660 - INFO -     💰 当前价格: $1.4134
2025-12-25 06:23:41,660 - INFO -     📊 位置: 4h=35.71% | 12h=29.06% | 24h=64.37% | 48h=37.59%
2025-12-25 06:23:42,161 - INFO -   [9/27] 采集 TRX-USDT-SWAP...
2025-12-25 06:23:42,396 - INFO -     💰 当前价格: $0.28043
2025-12-25 06:23:42,397 - INFO -     📊 位置: 4h=89.06% | 12h=61.69% | 24h=32.26% | 48h=28.6%
2025-12-25 06:23:42,897 - INFO -   [10/27] 采集 TON-USDT-SWAP...
2025-12-25 06:23:43,134 - INFO -     💰 当前价格: $1.523
2025-12-25 06:23:43,135 - INFO -     📊 位置: 4h=15.79% | 12h=47.83% | 24h=60.33% | 48h=63.08%
2025-12-25 06:23:43,635 - INFO -   [11/27] 采集 ETC-USDT-SWAP...
2025-12-25 06:23:43,866 - INFO -     💰 当前价格: $12.06
2025-12-25 06:23:43,867 - INFO -     📊 位置: 4h=36.36% | 12h=66.67% | 24h=80.0% | 48h=66.67%
2025-12-25 06:23:44,367 - INFO -   [12/27] 采集 BCH-USDT-SWAP...
2025-12-25 06:23:44,602 - INFO -     💰 当前价格: $571.9
2025-12-25 06:23:44,602 - INFO -     📊 位置: 4h=64.44% | 12h=80.73% | 24h=50.29% | 48h=36.07%
2025-12-25 06:23:45,102 - INFO -   [13/27] 采集 HBAR-USDT-SWAP...
2025-12-25 06:23:45,340 - INFO -     💰 当前价格: $0.11211
2025-12-25 06:23:45,340 - INFO -     📊 位置: 4h=98.95% | 12h=99.44% | 24h=99.5% | 48h=85.47%
2025-12-25 06:23:45,840 - INFO -   [14/27] 采集 XLM-USDT-SWAP...
2025-12-25 06:23:46,072 - INFO -     💰 当前价格: $0.21477
2025-12-25 06:23:46,072 - INFO -     📊 位置: 4h=59.18% | 12h=81.48% | 24h=81.78% | 48h=46.32%
2025-12-25 06:23:46,573 - INFO -   [15/27] 采集 FIL-USDT-SWAP...
2025-12-25 06:23:46,817 - INFO -     💰 当前价格: $1.276
2025-12-25 06:23:46,817 - INFO -     📊 位置: 4h=17.65% | 12h=46.15% | 24h=50.0% | 48h=15.56%
2025-12-25 06:23:47,317 - INFO -   [16/27] 采集 LINK-USDT-SWAP...
2025-12-25 06:23:47,548 - INFO -     💰 当前价格: $12.328
2025-12-25 06:23:47,548 - INFO -     📊 位置: 4h=69.57% | 12h=77.67% | 24h=87.89% | 48h=64.35%
2025-12-25 06:23:48,048 - INFO -   [17/27] 采集 CRO-USDT-SWAP...
2025-12-25 06:23:48,281 - INFO -     💰 当前价格: $0.09427
2025-12-25 06:23:48,281 - INFO -     📊 位置: 4h=78.26% | 12h=95.33% | 24h=95.35% | 48h=56.94%
2025-12-25 06:23:48,782 - INFO -   [18/27] 采集 DOT-USDT-SWAP...
2025-12-25 06:23:49,011 - INFO -     💰 当前价格: $1.74
2025-12-25 06:23:49,011 - INFO -     📊 位置: 4h=33.33% | 12h=70.27% | 24h=76.6% | 48h=43.9%
2025-12-25 06:23:49,511 - INFO -   [19/27] 采集 AAVE-USDT-SWAP...
2025-12-25 06:23:49,754 - INFO -     💰 当前价格: $150.19
2025-12-25 06:23:49,754 - INFO -     📊 位置: 4h=36.97% | 12h=70.21% | 24h=77.18% | 48h=48.14%
2025-12-25 06:23:50,255 - INFO -   [20/27] 采集 UNI-USDT-SWAP...
2025-12-25 06:23:50,489 - INFO -     💰 当前价格: $5.798
2025-12-25 06:23:50,489 - INFO -     📊 位置: 4h=47.87% | 12h=42.86% | 24h=71.14% | 48h=43.35%
2025-12-25 06:23:50,989 - INFO -   [21/27] 采集 NEAR-USDT-SWAP...
2025-12-25 06:23:51,224 - INFO -     💰 当前价格: $1.489
2025-12-25 06:23:51,224 - INFO -     📊 位置: 4h=36.11% | 12h=65.67% | 24h=70.89% | 48h=57.73%
2025-12-25 06:23:51,725 - INFO -   [22/27] 采集 APT-USDT-SWAP...
2025-12-25 06:23:51,964 - INFO -     💰 当前价格: $1.663
2025-12-25 06:23:51,964 - INFO -     📊 位置: 4h=46.81% | 12h=71.91% | 24h=81.62% | 48h=81.62%
2025-12-25 06:23:52,465 - INFO -   [23/27] 采集 CFX-USDT-SWAP...
2025-12-25 06:23:52,693 - INFO -     💰 当前价格: $0.07641
2025-12-25 06:23:52,694 - INFO -     📊 位置: 4h=39.9% | 12h=68.27% | 24h=79.85% | 48h=79.85%
2025-12-25 06:23:53,194 - INFO -   [24/27] 采集 CRV-USDT-SWAP...
2025-12-25 06:23:53,424 - INFO -     💰 当前价格: $0.379
2025-12-25 06:23:53,424 - INFO -     📊 位置: 4h=10.0% | 12h=48.62% | 24h=70.19% | 48h=74.17%
2025-12-25 06:23:53,924 - INFO -   [25/27] 采集 STX-USDT-SWAP...
2025-12-25 06:23:54,151 - INFO -     💰 当前价格: $0.2535
2025-12-25 06:23:54,152 - INFO -     📊 位置: 4h=91.18% | 12h=96.91% | 24h=98.12% | 48h=98.3%
2025-12-25 06:23:54,652 - INFO -   [26/27] 采集 LDO-USDT-SWAP...
2025-12-25 06:23:54,877 - INFO -     💰 当前价格: $0.5605
2025-12-25 06:23:54,878 - INFO -     📊 位置: 4h=91.61% | 12h=96.29% | 24h=97.26% | 48h=97.26%
2025-12-25 06:23:55,378 - INFO -   [27/27] 采集 TAO-USDT-SWAP...
2025-12-25 06:23:55,609 - INFO -     💰 当前价格: $222.7
2025-12-25 06:23:55,610 - INFO -     📊 位置: 4h=44.44% | 12h=84.04% | 24h=91.71% | 48h=91.71%
2025-12-25 06:23:56,117 - INFO - 💾 数据保存成功: 27 个币种
2025-12-25 06:23:56,122 - INFO - 📊 统计数据保存成功:
2025-12-25 06:23:56,122 - INFO -     4h低于1%: 0/27
2025-12-25 06:23:56,122 - INFO -    12h低于1%: 0/27
2025-12-25 06:23:56,122 - INFO -    24h低于1%: 0/27
2025-12-25 06:23:56,122 - INFO -    48h低于1%: 0/27
2025-12-25 06:23:56,123 - INFO - ✅ 数据采集完成: 成功 27/27
2025-12-25 06:23:56,123 - INFO - 🚀 位置系统采集器启动，采集间隔: 300秒
2025-12-25 06:23:56,123 - INFO - 📊 开始采集位置系统数据...
2025-12-25 06:23:56,123 - INFO - 📋 币种列表: 27 个币种
2025-12-25 06:23:56,123 - INFO -   [1/27] 采集 BTC-USDT-SWAP...
2025-12-25 06:23:56,351 - INFO -     💰 当前价格: $87707.7
2025-12-25 06:23:56,352 - INFO -     📊 位置: 4h=34.48% | 12h=55.44% | 24h=80.6% | 48h=68.47%
2025-12-25 06:23:56,852 - INFO -   [2/27] 采集 ETH-USDT-SWAP...
2025-12-25 06:23:57,094 - INFO -     💰 当前价格: $2939.2
2025-12-25 06:23:57,094 - INFO -     📊 位置: 4h=17.47% | 12h=14.87% | 24h=69.17% | 48h=52.78%
2025-12-25 06:23:57,594 - INFO -   [3/27] 采集 XRP-USDT-SWAP...
2025-12-25 06:23:57,828 - INFO -     💰 当前价格: $1.8694
2025-12-25 06:23:57,828 - INFO -     📊 位置: 4h=46.32% | 12h=77.03% | 24h=73.52% | 48h=48.9%
2025-12-25 06:23:58,329 - INFO -   [4/27] 采集 BNB-USDT-SWAP...
2025-12-25 06:23:58,567 - INFO -     💰 当前价格: $841.9
2025-12-25 06:23:58,567 - INFO -     📊 位置: 4h=9.3% | 12h=4.94% | 24h=48.67% | 48h=40.33%
2025-12-25 06:23:59,067 - INFO -   [5/27] 采集 SOL-USDT-SWAP...
2025-12-25 06:23:59,314 - INFO -     💰 当前价格: $122.26
2025-12-25 06:23:59,314 - INFO -     📊 位置: 4h=14.58% | 12h=21.83% | 24h=58.66% | 48h=34.32%
2025-12-25 06:23:59,814 - INFO -   [6/27] 采集 LTC-USDT-SWAP...
2025-12-25 06:24:00,050 - INFO -     💰 当前价格: $76.58
2025-12-25 06:24:00,050 - INFO -     📊 位置: 4h=96.61% | 12h=98.37% | 24h=87.73% | 48h=51.44%
2025-12-25 06:24:00,550 - INFO -   [7/27] 采集 DOGE-USDT-SWAP...
2025-12-25 06:24:00,792 - INFO -     💰 当前价格: $0.12826
2025-12-25 06:24:00,793 - INFO -     📊 位置: 4h=21.57% | 12h=37.43% | 24h=62.17% | 48h=37.88%
2025-12-25 06:24:01,293 - INFO -   [8/27] 采集 SUI-USDT-SWAP...
2025-12-25 06:24:01,532 - INFO -     💰 当前价格: $1.4131
2025-12-25 06:24:01,533 - INFO -     📊 位置: 4h=33.33% | 12h=27.59% | 24h=63.64% | 48h=37.16%
2025-12-25 06:24:02,033 - INFO -   [9/27] 采集 TRX-USDT-SWAP...
2025-12-25 06:24:02,267 - INFO -     💰 当前价格: $0.28042
2025-12-25 06:24:02,267 - INFO -     📊 位置: 4h=87.5% | 12h=61.3% | 24h=32.06% | 48h=28.42%
2025-12-25 06:24:02,767 - INFO -   [10/27] 采集 TON-USDT-SWAP...
2025-12-25 06:24:02,996 - INFO -     💰 当前价格: $1.523
2025-12-25 06:24:02,996 - INFO -     📊 位置: 4h=15.79% | 12h=47.83% | 24h=60.33% | 48h=63.08%
2025-12-25 06:24:03,496 - INFO -   [11/27] 采集 ETC-USDT-SWAP...
2025-12-25 06:24:03,783 - INFO -     💰 当前价格: $12.06
2025-12-25 06:24:03,783 - INFO -     📊 位置: 4h=36.36% | 12h=66.67% | 24h=80.0% | 48h=66.67%
2025-12-25 06:24:04,284 - INFO -   [12/27] 采集 BCH-USDT-SWAP...
2025-12-25 06:24:04,515 - INFO -     💰 当前价格: $571.8
2025-12-25 06:24:04,515 - INFO -     📊 位置: 4h=62.22% | 12h=79.82% | 24h=49.71% | 48h=35.66%
2025-12-25 06:24:05,016 - INFO -   [13/27] 采集 HBAR-USDT-SWAP...
2025-12-25 06:24:05,251 - INFO -     💰 当前价格: $0.11211
2025-12-25 06:24:05,252 - INFO -     📊 位置: 4h=98.95% | 12h=99.44% | 24h=99.5% | 48h=85.47%
2025-12-25 06:24:05,752 - INFO -   [14/27] 采集 XLM-USDT-SWAP...
2025-12-25 06:24:05,986 - INFO -     💰 当前价格: $0.21476
2025-12-25 06:24:05,987 - INFO -     📊 位置: 4h=58.67% | 12h=81.25% | 24h=81.55% | 48h=46.19%
2025-12-25 06:24:06,487 - INFO -   [15/27] 采集 FIL-USDT-SWAP...
2025-12-25 06:24:06,724 - INFO -     💰 当前价格: $1.276
2025-12-25 06:24:06,724 - INFO -     📊 位置: 4h=17.65% | 12h=46.15% | 24h=50.0% | 48h=15.56%
2025-12-25 06:24:07,225 - INFO -   [16/27] 采集 LINK-USDT-SWAP...
2025-12-25 06:24:07,459 - INFO -     💰 当前价格: $12.327
2025-12-25 06:24:07,460 - INFO -     📊 位置: 4h=68.12% | 12h=77.18% | 24h=87.63% | 48h=64.16%
2025-12-25 06:24:07,960 - INFO -   [17/27] 采集 CRO-USDT-SWAP...
2025-12-25 06:24:08,191 - INFO -     💰 当前价格: $0.09427
2025-12-25 06:24:08,191 - INFO -     📊 位置: 4h=78.26% | 12h=95.33% | 24h=95.35% | 48h=56.94%
2025-12-25 06:24:08,692 - INFO -   [18/27] 采集 DOT-USDT-SWAP...
2025-12-25 06:24:08,919 - INFO -     💰 当前价格: $1.739
2025-12-25 06:24:08,919 - INFO -     📊 位置: 4h=26.67% | 12h=67.57% | 24h=74.47% | 48h=42.68%
2025-12-25 06:24:09,420 - INFO -   [19/27] 采集 AAVE-USDT-SWAP...
2025-12-25 06:24:09,651 - INFO -     💰 当前价格: $150.21
2025-12-25 06:24:09,651 - INFO -     📊 位置: 4h=38.66% | 12h=70.73% | 24h=77.58% | 48h=48.39%
2025-12-25 06:24:10,152 - INFO -   [20/27] 采集 UNI-USDT-SWAP...
2025-12-25 06:24:10,373 - INFO -     💰 当前价格: $5.798
2025-12-25 06:24:10,373 - INFO -     📊 位置: 4h=47.87% | 12h=42.86% | 24h=71.14% | 48h=43.35%
2025-12-25 06:24:10,873 - INFO -   [21/27] 采集 NEAR-USDT-SWAP...
2025-12-25 06:24:11,103 - INFO -     💰 当前价格: $1.489
2025-12-25 06:24:11,103 - INFO -     📊 位置: 4h=36.11% | 12h=65.67% | 24h=70.89% | 48h=57.73%
2025-12-25 06:24:11,603 - INFO -   [22/27] 采集 APT-USDT-SWAP...
2025-12-25 06:24:11,827 - INFO -     💰 当前价格: $1.662
2025-12-25 06:24:11,828 - INFO -     📊 位置: 4h=44.68% | 12h=70.79% | 24h=80.88% | 48h=80.88%
2025-12-25 06:24:12,328 - INFO -   [23/27] 采集 CFX-USDT-SWAP...
2025-12-25 06:24:12,556 - INFO -     💰 当前价格: $0.07647
2025-12-25 06:24:12,556 - INFO -     📊 位置: 4h=42.93% | 12h=69.14% | 24h=80.41% | 48h=80.41%
2025-12-25 06:24:13,057 - INFO -   [24/27] 采集 CRV-USDT-SWAP...
2025-12-25 06:24:13,284 - INFO -     💰 当前价格: $0.379
2025-12-25 06:24:13,285 - INFO -     📊 位置: 4h=10.0% | 12h=48.62% | 24h=70.19% | 48h=74.17%
2025-12-25 06:24:13,785 - INFO -   [25/27] 采集 STX-USDT-SWAP...
2025-12-25 06:24:14,022 - INFO -     💰 当前价格: $0.2535
2025-12-25 06:24:14,022 - INFO -     📊 位置: 4h=91.18% | 12h=96.91% | 24h=98.12% | 48h=98.3%
2025-12-25 06:24:14,522 - INFO -   [26/27] 采集 LDO-USDT-SWAP...
2025-12-25 06:24:14,754 - INFO -     💰 当前价格: $0.5605
2025-12-25 06:24:14,754 - INFO -     📊 位置: 4h=91.61% | 12h=96.29% | 24h=97.26% | 48h=97.26%
2025-12-25 06:24:15,254 - INFO -   [27/27] 采集 TAO-USDT-SWAP...
2025-12-25 06:24:15,489 - INFO -     💰 当前价格: $222.7
2025-12-25 06:24:15,489 - INFO -     📊 位置: 4h=44.44% | 12h=84.04% | 24h=91.71% | 48h=91.71%
2025-12-25 06:24:15,995 - INFO - 💾 数据保存成功: 27 个币种
2025-12-25 06:24:15,998 - INFO - 📊 统计数据保存成功:
2025-12-25 06:24:15,998 - INFO -     4h低于1%: 0/27
2025-12-25 06:24:15,999 - INFO -    12h低于1%: 0/27
2025-12-25 06:24:15,999 - INFO -    24h低于1%: 0/27
2025-12-25 06:24:15,999 - INFO -    48h低于1%: 0/27
2025-12-25 06:24:15,999 - INFO - ✅ 数据采集完成: 成功 27/27
2025-12-25 06:24:15,999 - INFO - ⏳ 等待 300 秒后进行下一次采集...

2025-12-25 06:28:36,547 - INFO - ⛔ 收到停止信号，退出采集器
2025-12-25 06:28:36,882 - INFO - ✅ 数据库初始化完成
2025-12-25 06:28:36,882 - INFO - 📊 开始采集位置系统数据...
2025-12-25 06:28:36,882 - INFO - 📋 币种列表: 27 个币种
2025-12-25 06:28:36,893 - INFO -   [1/27] 采集 BTC-USDT-SWAP...
2025-12-25 06:28:37,114 - INFO -     💰 当前价格: $87709.5
2025-12-25 06:28:37,114 - INFO -     📊 位置: 4h=35.14% | 12h=55.69% | 24h=80.71% | 48h=68.56%
2025-12-25 06:28:37,615 - INFO -   [2/27] 采集 ETH-USDT-SWAP...
2025-12-25 06:28:37,946 - INFO -     💰 当前价格: $2938.53
2025-12-25 06:28:37,946 - INFO -     📊 位置: 4h=13.07% | 12h=12.46% | 24h=68.3% | 48h=52.12%
2025-12-25 06:28:38,447 - INFO -   [3/27] 采集 XRP-USDT-SWAP...
2025-12-25 06:28:38,679 - INFO -     💰 当前价格: $1.8716
2025-12-25 06:28:38,679 - INFO -     📊 位置: 4h=69.47% | 12h=86.94% | 24h=81.18% | 48h=52.12%
2025-12-25 06:28:39,179 - INFO -   [4/27] 采集 BNB-USDT-SWAP...
2025-12-25 06:28:39,410 - INFO -     💰 当前价格: $841.7
2025-12-25 06:28:39,410 - INFO -     📊 位置: 4h=4.65% | 12h=2.47% | 24h=47.33% | 48h=39.23%
2025-12-25 06:28:39,911 - INFO -   [5/27] 采集 SOL-USDT-SWAP...
2025-12-25 06:28:40,145 - INFO -     💰 当前价格: $122.26
2025-12-25 06:28:40,146 - INFO -     📊 位置: 4h=14.58% | 12h=21.83% | 24h=58.66% | 48h=34.32%
2025-12-25 06:28:40,646 - INFO -   [6/27] 采集 LTC-USDT-SWAP...
2025-12-25 06:28:40,874 - INFO -     💰 当前价格: $76.6
2025-12-25 06:28:40,874 - INFO -     📊 位置: 4h=90.77% | 12h=95.35% | 24h=88.96% | 48h=52.16%
2025-12-25 06:28:41,375 - INFO -   [7/27] 采集 DOGE-USDT-SWAP...
2025-12-25 06:28:41,612 - INFO -     💰 当前价格: $0.12825
2025-12-25 06:28:41,613 - INFO -     📊 位置: 4h=20.59% | 12h=36.84% | 24h=61.84% | 48h=37.68%
2025-12-25 06:28:42,113 - INFO -   [8/27] 采集 SUI-USDT-SWAP...
2025-12-25 06:28:42,348 - INFO -     💰 当前价格: $1.4121
2025-12-25 06:28:42,349 - INFO -     📊 位置: 4h=25.4% | 12h=22.66% | 24h=61.18% | 48h=35.72%
2025-12-25 06:28:42,849 - INFO -   [9/27] 采集 TRX-USDT-SWAP...
2025-12-25 06:28:43,084 - INFO -     💰 当前价格: $0.28025
2025-12-25 06:28:43,084 - INFO -     📊 位置: 4h=60.94% | 12h=54.79% | 24h=28.66% | 48h=25.4%
2025-12-25 06:28:43,584 - INFO -   [10/27] 采集 TON-USDT-SWAP...
2025-12-25 06:28:43,824 - INFO -     💰 当前价格: $1.522
2025-12-25 06:28:43,824 - INFO -     📊 位置: 4h=14.04% | 12h=46.74% | 24h=59.5% | 48h=62.31%
2025-12-25 06:28:44,325 - INFO -   [11/27] 采集 ETC-USDT-SWAP...
2025-12-25 06:28:44,563 - INFO -     💰 当前价格: $12.05
2025-12-25 06:28:44,563 - INFO -     📊 位置: 4h=27.27% | 12h=61.9% | 24h=77.14% | 48h=64.29%
2025-12-25 06:28:45,064 - INFO -   [12/27] 采集 BCH-USDT-SWAP...
2025-12-25 06:28:45,288 - INFO -     💰 当前价格: $572.2
2025-12-25 06:28:45,289 - INFO -     📊 位置: 4h=71.11% | 12h=83.49% | 24h=52.0% | 48h=37.3%
2025-12-25 06:28:45,789 - INFO -   [13/27] 采集 HBAR-USDT-SWAP...
2025-12-25 06:28:46,024 - INFO -     💰 当前价格: $0.11217
2025-12-25 06:28:46,025 - INFO -     📊 位置: 4h=100.0% | 12h=100.0% | 24h=100.0% | 48h=86.75%
2025-12-25 06:28:46,525 - INFO -   [14/27] 采集 XLM-USDT-SWAP...
2025-12-25 06:28:46,757 - INFO -     💰 当前价格: $0.21492
2025-12-25 06:28:46,758 - INFO -     📊 位置: 4h=66.84% | 12h=84.95% | 24h=85.19% | 48h=48.26%
2025-12-25 06:28:47,258 - INFO -   [15/27] 采集 FIL-USDT-SWAP...
2025-12-25 06:28:47,494 - INFO -     💰 当前价格: $1.277
2025-12-25 06:28:47,494 - INFO -     📊 位置: 4h=23.53% | 12h=50.0% | 24h=53.57% | 48h=16.67%
2025-12-25 06:28:47,994 - INFO -   [16/27] 采集 LINK-USDT-SWAP...
2025-12-25 06:28:48,230 - INFO -     💰 当前价格: $12.324
2025-12-25 06:28:48,231 - INFO -     📊 位置: 4h=63.77% | 12h=75.73% | 24h=86.84% | 48h=63.58%
2025-12-25 06:28:48,731 - INFO -   [17/27] 采集 CRO-USDT-SWAP...
2025-12-25 06:28:48,961 - INFO -     💰 当前价格: $0.09424
2025-12-25 06:28:48,961 - INFO -     📊 位置: 4h=71.74% | 12h=93.93% | 24h=93.95% | 48h=56.11%
2025-12-25 06:28:49,461 - INFO -   [18/27] 采集 DOT-USDT-SWAP...
2025-12-25 06:28:49,690 - INFO -     💰 当前价格: $1.739
2025-12-25 06:28:49,690 - INFO -     📊 位置: 4h=26.67% | 12h=67.57% | 24h=74.47% | 48h=42.68%
2025-12-25 06:28:50,190 - INFO -   [19/27] 采集 AAVE-USDT-SWAP...
2025-12-25 06:28:50,432 - INFO -     💰 当前价格: $150.21
2025-12-25 06:28:50,432 - INFO -     📊 位置: 4h=38.66% | 12h=70.73% | 24h=77.58% | 48h=48.39%
2025-12-25 06:28:50,932 - INFO -   [20/27] 采集 UNI-USDT-SWAP...
2025-12-25 06:28:51,160 - INFO -     💰 当前价格: $5.795
2025-12-25 06:28:51,160 - INFO -     📊 位置: 4h=44.68% | 12h=40.0% | 24h=70.13% | 48h=42.74%
2025-12-25 06:28:51,661 - INFO -   [21/27] 采集 NEAR-USDT-SWAP...
2025-12-25 06:28:51,896 - INFO -     💰 当前价格: $1.49
2025-12-25 06:28:51,896 - INFO -     📊 位置: 4h=38.89% | 12h=67.16% | 24h=72.15% | 48h=58.76%
2025-12-25 06:28:52,396 - INFO -   [22/27] 采集 APT-USDT-SWAP...
2025-12-25 06:28:52,624 - INFO -     💰 当前价格: $1.659
2025-12-25 06:28:52,624 - INFO -     📊 位置: 4h=38.3% | 12h=67.42% | 24h=78.68% | 48h=78.68%
2025-12-25 06:28:53,124 - INFO -   [23/27] 采集 CFX-USDT-SWAP...
2025-12-25 06:28:53,378 - INFO -     💰 当前价格: $0.07665
2025-12-25 06:28:53,378 - INFO -     📊 位置: 4h=52.02% | 12h=71.76% | 24h=82.07% | 48h=82.07%
2025-12-25 06:28:53,879 - INFO -   [24/27] 采集 CRV-USDT-SWAP...
2025-12-25 06:28:54,117 - INFO -     💰 当前价格: $0.3788
2025-12-25 06:28:54,117 - INFO -     📊 位置: 4h=6.67% | 12h=46.79% | 24h=69.23% | 48h=73.33%
2025-12-25 06:28:54,618 - INFO -   [25/27] 采集 STX-USDT-SWAP...
2025-12-25 06:28:54,866 - INFO -     💰 当前价格: $0.2535
2025-12-25 06:28:54,867 - INFO -     📊 位置: 4h=91.18% | 12h=96.91% | 24h=98.12% | 48h=98.3%
2025-12-25 06:28:55,367 - INFO -   [26/27] 采集 LDO-USDT-SWAP...
2025-12-25 06:28:55,595 - INFO -     💰 当前价格: $0.5599
2025-12-25 06:28:55,595 - INFO -     📊 位置: 4h=87.74% | 12h=94.57% | 24h=96.0% | 48h=96.0%
2025-12-25 06:28:56,096 - INFO -   [27/27] 采集 TAO-USDT-SWAP...
2025-12-25 06:28:56,333 - INFO -     💰 当前价格: $222.5
2025-12-25 06:28:56,334 - INFO -     📊 位置: 4h=37.04% | 12h=81.91% | 24h=90.61% | 48h=90.61%
2025-12-25 06:28:56,839 - INFO - 💾 数据保存成功: 27 个币种
2025-12-25 06:28:56,844 - INFO - 📊 统计数据保存成功:
2025-12-25 06:28:56,844 - INFO -     4h低于1%: 0/27
2025-12-25 06:28:56,844 - INFO -    12h低于1%: 0/27
2025-12-25 06:28:56,844 - INFO -    24h低于1%: 0/27
2025-12-25 06:28:56,844 - INFO -    48h低于1%: 0/27
2025-12-25 06:28:56,844 - INFO - ✅ 数据采集完成: 成功 27/27
2025-12-25 06:28:56,844 - INFO - 🚀 位置系统采集器启动，采集间隔: 300秒
2025-12-25 06:28:56,845 - INFO - 📊 开始采集位置系统数据...
2025-12-25 06:28:56,845 - INFO - 📋 币种列表: 27 个币种
2025-12-25 06:28:56,845 - INFO -   [1/27] 采集 BTC-USDT-SWAP...
2025-12-25 06:28:57,084 - INFO -     💰 当前价格: $87709.4
2025-12-25 06:28:57,084 - INFO -     📊 位置: 4h=35.1% | 12h=55.67% | 24h=80.71% | 48h=68.55%
2025-12-25 06:28:57,584 - INFO -   [2/27] 采集 ETH-USDT-SWAP...
2025-12-25 06:28:57,946 - INFO -     💰 当前价格: $2938.54
2025-12-25 06:28:57,946 - INFO -     📊 位置: 4h=13.13% | 12h=12.49% | 24h=68.31% | 48h=52.13%
2025-12-25 06:28:58,446 - INFO -   [3/27] 采集 XRP-USDT-SWAP...
2025-12-25 06:28:58,671 - INFO -     💰 当前价格: $1.8716
2025-12-25 06:28:58,671 - INFO -     📊 位置: 4h=69.47% | 12h=86.94% | 24h=81.18% | 48h=52.12%
2025-12-25 06:28:59,172 - INFO -   [4/27] 采集 BNB-USDT-SWAP...
2025-12-25 06:28:59,398 - INFO -     💰 当前价格: $841.8
2025-12-25 06:28:59,398 - INFO -     📊 位置: 4h=6.98% | 12h=3.7% | 24h=48.0% | 48h=39.78%
2025-12-25 06:28:59,899 - INFO -   [5/27] 采集 SOL-USDT-SWAP...
2025-12-25 06:29:00,129 - INFO -     💰 当前价格: $122.27
2025-12-25 06:29:00,129 - INFO -     📊 位置: 4h=15.62% | 12h=22.54% | 24h=59.01% | 48h=34.52%
2025-12-25 06:29:00,630 - INFO -   [6/27] 采集 LTC-USDT-SWAP...
2025-12-25 06:29:00,860 - INFO -     💰 当前价格: $76.6
2025-12-25 06:29:00,860 - INFO -     📊 位置: 4h=90.77% | 12h=95.35% | 24h=88.96% | 48h=52.16%
2025-12-25 06:29:01,360 - INFO -   [7/27] 采集 DOGE-USDT-SWAP...
2025-12-25 06:29:01,586 - INFO -     💰 当前价格: $0.12825
2025-12-25 06:29:01,587 - INFO -     📊 位置: 4h=20.59% | 12h=36.84% | 24h=61.84% | 48h=37.68%
2025-12-25 06:29:02,087 - INFO -   [8/27] 采集 SUI-USDT-SWAP...
2025-12-25 06:29:02,319 - INFO -     💰 当前价格: $1.4123
2025-12-25 06:29:02,319 - INFO -     📊 位置: 4h=26.98% | 12h=23.65% | 24h=61.67% | 48h=36.01%
2025-12-25 06:29:02,820 - INFO -   [9/27] 采集 TRX-USDT-SWAP...
2025-12-25 06:29:03,052 - INFO -     💰 当前价格: $0.28022
2025-12-25 06:29:03,052 - INFO -     📊 位置: 4h=56.25% | 12h=53.64% | 24h=28.06% | 48h=24.87%
2025-12-25 06:29:03,552 - INFO -   [10/27] 采集 TON-USDT-SWAP...
2025-12-25 06:29:03,781 - INFO -     💰 当前价格: $1.522
2025-12-25 06:29:03,781 - INFO -     📊 位置: 4h=14.04% | 12h=46.74% | 24h=59.5% | 48h=62.31%
2025-12-25 06:29:04,282 - INFO -   [11/27] 采集 ETC-USDT-SWAP...
2025-12-25 06:29:04,513 - INFO -     💰 当前价格: $12.05
2025-12-25 06:29:04,513 - INFO -     📊 位置: 4h=27.27% | 12h=61.9% | 24h=77.14% | 48h=64.29%
2025-12-25 06:29:05,014 - INFO -   [12/27] 采集 BCH-USDT-SWAP...
2025-12-25 06:29:05,246 - INFO -     💰 当前价格: $572.2
2025-12-25 06:29:05,246 - INFO -     📊 位置: 4h=71.11% | 12h=83.49% | 24h=52.0% | 48h=37.3%
2025-12-25 06:29:05,746 - INFO -   [13/27] 采集 HBAR-USDT-SWAP...
2025-12-25 06:29:05,988 - INFO -     💰 当前价格: $0.1122
2025-12-25 06:29:05,988 - INFO -     📊 位置: 4h=100.0% | 12h=100.0% | 24h=100.0% | 48h=87.39%
2025-12-25 06:29:06,490 - INFO -   [14/27] 采集 XLM-USDT-SWAP...
2025-12-25 06:29:06,896 - INFO -     💰 当前价格: $0.21492
2025-12-25 06:29:06,896 - INFO -     📊 位置: 4h=66.84% | 12h=84.95% | 24h=85.19% | 48h=48.26%
2025-12-25 06:29:07,397 - INFO -   [15/27] 采集 FIL-USDT-SWAP...
2025-12-25 06:29:07,629 - INFO -     💰 当前价格: $1.277
2025-12-25 06:29:07,629 - INFO -     📊 位置: 4h=23.53% | 12h=50.0% | 24h=53.57% | 48h=16.67%
2025-12-25 06:29:08,130 - INFO -   [16/27] 采集 LINK-USDT-SWAP...
2025-12-25 06:29:08,361 - INFO -     💰 当前价格: $12.324
2025-12-25 06:29:08,361 - INFO -     📊 位置: 4h=63.77% | 12h=75.73% | 24h=86.84% | 48h=63.58%
2025-12-25 06:29:08,862 - INFO -   [17/27] 采集 CRO-USDT-SWAP...
2025-12-25 06:29:09,105 - INFO -     💰 当前价格: $0.09424
2025-12-25 06:29:09,105 - INFO -     📊 位置: 4h=71.74% | 12h=93.93% | 24h=93.95% | 48h=56.11%
2025-12-25 06:29:09,605 - INFO -   [18/27] 采集 DOT-USDT-SWAP...
2025-12-25 06:29:09,839 - INFO -     💰 当前价格: $1.74
2025-12-25 06:29:09,839 - INFO -     📊 位置: 4h=33.33% | 12h=70.27% | 24h=76.6% | 48h=43.9%
2025-12-25 06:29:10,340 - INFO -   [19/27] 采集 AAVE-USDT-SWAP...
2025-12-25 06:29:10,580 - INFO -     💰 当前价格: $150.21
2025-12-25 06:29:10,580 - INFO -     📊 位置: 4h=38.66% | 12h=70.73% | 24h=77.58% | 48h=48.39%
2025-12-25 06:29:11,081 - INFO -   [20/27] 采集 UNI-USDT-SWAP...
2025-12-25 06:29:11,312 - INFO -     💰 当前价格: $5.793
2025-12-25 06:29:11,312 - INFO -     📊 位置: 4h=42.55% | 12h=38.1% | 24h=69.46% | 48h=42.33%
2025-12-25 06:29:11,812 - INFO -   [21/27] 采集 NEAR-USDT-SWAP...
2025-12-25 06:29:12,052 - INFO -     💰 当前价格: $1.49
2025-12-25 06:29:12,053 - INFO -     📊 位置: 4h=38.89% | 12h=67.16% | 24h=72.15% | 48h=58.76%
2025-12-25 06:29:12,553 - INFO -   [22/27] 采集 APT-USDT-SWAP...
2025-12-25 06:29:12,794 - INFO -     💰 当前价格: $1.667
2025-12-25 06:29:12,795 - INFO -     📊 位置: 4h=55.32% | 12h=76.4% | 24h=84.56% | 48h=84.56%
2025-12-25 06:29:13,295 - INFO -   [23/27] 采集 CFX-USDT-SWAP...
2025-12-25 06:29:13,529 - INFO -     💰 当前价格: $0.07659
2025-12-25 06:29:13,530 - INFO -     📊 位置: 4h=48.99% | 12h=70.89% | 24h=81.52% | 48h=81.52%
2025-12-25 06:29:14,030 - INFO -   [24/27] 采集 CRV-USDT-SWAP...
2025-12-25 06:29:14,259 - INFO -     💰 当前价格: $0.379
2025-12-25 06:29:14,259 - INFO -     📊 位置: 4h=10.0% | 12h=48.62% | 24h=70.19% | 48h=74.17%
2025-12-25 06:29:14,759 - INFO -   [25/27] 采集 STX-USDT-SWAP...
2025-12-25 06:29:14,989 - INFO -     💰 当前价格: $0.2534
2025-12-25 06:29:14,990 - INFO -     📊 位置: 4h=88.24% | 12h=95.88% | 24h=97.5% | 48h=97.73%
2025-12-25 06:29:15,490 - INFO -   [26/27] 采集 LDO-USDT-SWAP...
2025-12-25 06:29:15,728 - INFO -     💰 当前价格: $0.56
2025-12-25 06:29:15,728 - INFO -     📊 位置: 4h=88.39% | 12h=94.86% | 24h=96.21% | 48h=96.21%
2025-12-25 06:29:16,228 - INFO -   [27/27] 采集 TAO-USDT-SWAP...
2025-12-25 06:29:16,464 - INFO -     💰 当前价格: $222.6
2025-12-25 06:29:16,464 - INFO -     📊 位置: 4h=40.74% | 12h=82.98% | 24h=91.16% | 48h=91.16%
2025-12-25 06:29:16,969 - INFO - 💾 数据保存成功: 27 个币种
2025-12-25 06:29:16,973 - INFO - 📊 统计数据保存成功:
2025-12-25 06:29:16,973 - INFO -     4h低于1%: 0/27
2025-12-25 06:29:16,973 - INFO -    12h低于1%: 0/27
2025-12-25 06:29:16,973 - INFO -    24h低于1%: 0/27
2025-12-25 06:29:16,974 - INFO -    48h低于1%: 0/27
2025-12-25 06:29:16,974 - INFO - ✅ 数据采集完成: 成功 27/27
2025-12-25 06:29:16,974 - INFO - ⏳ 等待 300 秒后进行下一次采集...

2025-12-25 06:33:37,406 - INFO - ⛔ 收到停止信号，退出采集器
2025-12-25 06:33:37,746 - INFO - ✅ 数据库初始化完成
2025-12-25 06:33:37,746 - INFO - 📊 开始采集位置系统数据...
2025-12-25 06:33:37,746 - INFO - 📋 币种列表: 27 个币种
2025-12-25 06:33:37,757 - INFO -   [1/27] 采集 BTC-USDT-SWAP...
2025-12-25 06:33:37,979 - INFO -     💰 当前价格: $87734.9
2025-12-25 06:33:37,979 - INFO -     📊 位置: 4h=44.37% | 12h=59.15% | 24h=82.22% | 48h=69.84%
2025-12-25 06:33:38,479 - INFO -   [2/27] 采集 ETH-USDT-SWAP...
2025-12-25 06:33:38,709 - INFO -     💰 当前价格: $2939.43
2025-12-25 06:33:38,709 - INFO -     📊 位置: 4h=18.98% | 12h=15.69% | 24h=69.47% | 48h=53.01%
2025-12-25 06:33:39,210 - INFO -   [3/27] 采集 XRP-USDT-SWAP...
2025-12-25 06:33:39,442 - INFO -     💰 当前价格: $1.8709
2025-12-25 06:33:39,442 - INFO -     📊 位置: 4h=62.11% | 12h=83.78% | 24h=78.75% | 48h=51.1%
2025-12-25 06:33:39,942 - INFO -   [4/27] 采集 BNB-USDT-SWAP...
2025-12-25 06:33:40,183 - INFO -     💰 当前价格: $842.2
2025-12-25 06:33:40,184 - INFO -     📊 位置: 4h=16.28% | 12h=8.64% | 24h=50.67% | 48h=41.99%
2025-12-25 06:33:40,684 - INFO -   [5/27] 采集 SOL-USDT-SWAP...
2025-12-25 06:33:40,920 - INFO -     💰 当前价格: $122.24
2025-12-25 06:33:40,921 - INFO -     📊 位置: 4h=12.5% | 12h=20.42% | 24h=57.95% | 48h=33.93%
2025-12-25 06:33:41,421 - INFO -   [6/27] 采集 LTC-USDT-SWAP...
2025-12-25 06:33:41,666 - INFO -     💰 当前价格: $76.56
2025-12-25 06:33:41,666 - INFO -     📊 位置: 4h=84.62% | 12h=92.25% | 24h=86.5% | 48h=50.72%
2025-12-25 06:33:42,166 - INFO -   [7/27] 采集 DOGE-USDT-SWAP...
2025-12-25 06:33:42,396 - INFO -     💰 当前价格: $0.12822
2025-12-25 06:33:42,396 - INFO -     📊 位置: 4h=17.65% | 12h=35.09% | 24h=60.86% | 48h=37.07%
2025-12-25 06:33:42,897 - INFO -   [8/27] 采集 SUI-USDT-SWAP...
2025-12-25 06:33:43,131 - INFO -     💰 当前价格: $1.4131
2025-12-25 06:33:43,132 - INFO -     📊 位置: 4h=33.33% | 12h=27.59% | 24h=63.64% | 48h=37.16%
2025-12-25 06:33:43,632 - INFO -   [9/27] 采集 TRX-USDT-SWAP...
2025-12-25 06:33:43,864 - INFO -     💰 当前价格: $0.2803
2025-12-25 06:33:43,865 - INFO -     📊 位置: 4h=68.75% | 12h=56.7% | 24h=29.66% | 48h=26.29%
2025-12-25 06:33:44,365 - INFO -   [10/27] 采集 TON-USDT-SWAP...
2025-12-25 06:33:44,601 - INFO -     💰 当前价格: $1.519
2025-12-25 06:33:44,602 - INFO -     📊 位置: 4h=8.77% | 12h=43.48% | 24h=57.02% | 48h=60.0%
2025-12-25 06:33:45,102 - INFO -   [11/27] 采集 ETC-USDT-SWAP...
2025-12-25 06:33:45,354 - INFO -     💰 当前价格: $12.05
2025-12-25 06:33:45,354 - INFO -     📊 位置: 4h=27.27% | 12h=61.9% | 24h=77.14% | 48h=64.29%
2025-12-25 06:33:45,854 - INFO -   [12/27] 采集 BCH-USDT-SWAP...
2025-12-25 06:33:46,090 - INFO -     💰 当前价格: $571.8
2025-12-25 06:33:46,090 - INFO -     📊 位置: 4h=62.22% | 12h=79.82% | 24h=49.71% | 48h=35.66%
2025-12-25 06:33:46,590 - INFO -   [13/27] 采集 HBAR-USDT-SWAP...
2025-12-25 06:33:46,828 - INFO -     💰 当前价格: $0.1123
2025-12-25 06:33:46,828 - INFO -     📊 位置: 4h=99.52% | 12h=99.73% | 24h=99.76% | 48h=89.53%
2025-12-25 06:33:47,329 - INFO -   [14/27] 采集 XLM-USDT-SWAP...
2025-12-25 06:33:47,558 - INFO -     💰 当前价格: $0.21502
2025-12-25 06:33:47,558 - INFO -     📊 位置: 4h=71.94% | 12h=87.27% | 24h=87.47% | 48h=49.55%
2025-12-25 06:33:48,059 - INFO -   [15/27] 采集 FIL-USDT-SWAP...
2025-12-25 06:33:48,294 - INFO -     💰 当前价格: $1.276
2025-12-25 06:33:48,295 - INFO -     📊 位置: 4h=17.65% | 12h=46.15% | 24h=50.0% | 48h=15.56%
2025-12-25 06:33:48,795 - INFO -   [16/27] 采集 LINK-USDT-SWAP...
2025-12-25 06:33:49,038 - INFO -     💰 当前价格: $12.33
2025-12-25 06:33:49,038 - INFO -     📊 位置: 4h=72.46% | 12h=78.64% | 24h=88.42% | 48h=64.74%
2025-12-25 06:33:49,539 - INFO -   [17/27] 采集 CRO-USDT-SWAP...
2025-12-25 06:33:49,781 - INFO -     💰 当前价格: $0.09423
2025-12-25 06:33:49,781 - INFO -     📊 位置: 4h=69.57% | 12h=93.46% | 24h=93.49% | 48h=55.83%
2025-12-25 06:33:50,282 - INFO -   [18/27] 采集 DOT-USDT-SWAP...
2025-12-25 06:33:50,520 - INFO -     💰 当前价格: $1.739
2025-12-25 06:33:50,520 - INFO -     📊 位置: 4h=26.67% | 12h=67.57% | 24h=74.47% | 48h=42.68%
2025-12-25 06:33:51,021 - INFO -   [19/27] 采集 AAVE-USDT-SWAP...
2025-12-25 06:33:51,265 - INFO -     💰 当前价格: $150.16
2025-12-25 06:33:51,266 - INFO -     📊 位置: 4h=34.45% | 12h=69.43% | 24h=76.59% | 48h=47.77%
2025-12-25 06:33:51,766 - INFO -   [20/27] 采集 UNI-USDT-SWAP...
2025-12-25 06:33:52,031 - INFO -     💰 当前价格: $5.789
2025-12-25 06:33:52,031 - INFO -     📊 位置: 4h=38.3% | 12h=34.29% | 24h=68.12% | 48h=41.51%
2025-12-25 06:33:52,531 - INFO -   [21/27] 采集 NEAR-USDT-SWAP...
2025-12-25 06:33:52,770 - INFO -     💰 当前价格: $1.494
2025-12-25 06:33:52,771 - INFO -     📊 位置: 4h=50.0% | 12h=73.13% | 24h=77.22% | 48h=62.89%
2025-12-25 06:33:53,271 - INFO -   [22/27] 采集 APT-USDT-SWAP...
2025-12-25 06:33:53,498 - INFO -     💰 当前价格: $1.666
2025-12-25 06:33:53,498 - INFO -     📊 位置: 4h=53.19% | 12h=75.28% | 24h=83.82% | 48h=83.82%
2025-12-25 06:33:53,999 - INFO -   [23/27] 采集 CFX-USDT-SWAP...
2025-12-25 06:33:54,240 - INFO -     💰 当前价格: $0.07614
2025-12-25 06:33:54,241 - INFO -     📊 位置: 4h=26.26% | 12h=64.34% | 24h=77.36% | 48h=77.36%
2025-12-25 06:33:54,741 - INFO -   [24/27] 采集 CRV-USDT-SWAP...
2025-12-25 06:33:54,963 - INFO -     💰 当前价格: $0.3791
2025-12-25 06:33:54,964 - INFO -     📊 位置: 4h=11.67% | 12h=49.54% | 24h=70.67% | 48h=74.58%
2025-12-25 06:33:55,464 - INFO -   [25/27] 采集 STX-USDT-SWAP...
2025-12-25 06:33:55,699 - INFO -     💰 当前价格: $0.2538
2025-12-25 06:33:55,700 - INFO -     📊 位置: 4h=100.0% | 12h=100.0% | 24h=100.0% | 48h=100.0%
2025-12-25 06:33:56,200 - INFO -   [26/27] 采集 LDO-USDT-SWAP...
2025-12-25 06:33:56,441 - INFO -     💰 当前价格: $0.5611
2025-12-25 06:33:56,441 - INFO -     📊 位置: 4h=95.48% | 12h=98.0% | 24h=98.53% | 48h=98.53%
2025-12-25 06:33:56,942 - INFO -   [27/27] 采集 TAO-USDT-SWAP...
2025-12-25 06:33:57,181 - INFO -     💰 当前价格: $222.7
2025-12-25 06:33:57,182 - INFO -     📊 位置: 4h=44.44% | 12h=84.04% | 24h=91.71% | 48h=91.71%
2025-12-25 06:33:57,688 - INFO - 💾 数据保存成功: 27 个币种
2025-12-25 06:33:57,694 - INFO - 📊 统计数据保存成功:
2025-12-25 06:33:57,694 - INFO -     4h低于1%: 0/27
2025-12-25 06:33:57,694 - INFO -    12h低于1%: 0/27
2025-12-25 06:33:57,694 - INFO -    24h低于1%: 0/27
2025-12-25 06:33:57,694 - INFO -    48h低于1%: 0/27
2025-12-25 06:33:57,694 - INFO - ✅ 数据采集完成: 成功 27/27
2025-12-25 06:33:57,694 - INFO - 🚀 位置系统采集器启动，采集间隔: 300秒
2025-12-25 06:33:57,695 - INFO - 📊 开始采集位置系统数据...
2025-12-25 06:33:57,695 - INFO - 📋 币种列表: 27 个币种
2025-12-25 06:33:57,695 - INFO -   [1/27] 采集 BTC-USDT-SWAP...
2025-12-25 06:33:57,922 - INFO -     💰 当前价格: $87735.0
2025-12-25 06:33:57,923 - INFO -     📊 位置: 4h=44.4% | 12h=59.17% | 24h=82.23% | 48h=69.84%
2025-12-25 06:33:58,423 - INFO -   [2/27] 采集 ETH-USDT-SWAP...
2025-12-25 06:33:58,817 - INFO -     💰 当前价格: $2939.67
2025-12-25 06:33:58,818 - INFO -     📊 位置: 4h=20.55% | 12h=16.56% | 24h=69.79% | 48h=53.25%
2025-12-25 06:33:59,318 - INFO -   [3/27] 采集 XRP-USDT-SWAP...
2025-12-25 06:33:59,548 - INFO -     💰 当前价格: $1.8716
2025-12-25 06:33:59,548 - INFO -     📊 位置: 4h=69.47% | 12h=86.94% | 24h=81.18% | 48h=52.12%
2025-12-25 06:34:00,049 - INFO -   [4/27] 采集 BNB-USDT-SWAP...
2025-12-25 06:34:00,284 - INFO -     💰 当前价格: $842.2
2025-12-25 06:34:00,284 - INFO -     📊 位置: 4h=16.28% | 12h=8.64% | 24h=50.67% | 48h=41.99%
2025-12-25 06:34:00,785 - INFO -   [5/27] 采集 SOL-USDT-SWAP...
2025-12-25 06:34:01,021 - INFO -     💰 当前价格: $122.24
2025-12-25 06:34:01,021 - INFO -     📊 位置: 4h=12.5% | 12h=20.42% | 24h=57.95% | 48h=33.93%
2025-12-25 06:34:01,522 - INFO -   [6/27] 采集 LTC-USDT-SWAP...
2025-12-25 06:34:01,771 - INFO -     💰 当前价格: $76.56
2025-12-25 06:34:01,771 - INFO -     📊 位置: 4h=84.62% | 12h=92.25% | 24h=86.5% | 48h=50.72%
2025-12-25 06:34:02,272 - INFO -   [7/27] 采集 DOGE-USDT-SWAP...
2025-12-25 06:34:02,499 - INFO -     💰 当前价格: $0.12825
2025-12-25 06:34:02,499 - INFO -     📊 位置: 4h=20.59% | 12h=36.84% | 24h=61.84% | 48h=37.68%
2025-12-25 06:34:02,999 - INFO -   [8/27] 采集 SUI-USDT-SWAP...
2025-12-25 06:34:03,231 - INFO -     💰 当前价格: $1.4134
2025-12-25 06:34:03,231 - INFO -     📊 位置: 4h=35.71% | 12h=29.06% | 24h=64.37% | 48h=37.59%
2025-12-25 06:34:03,731 - INFO -   [9/27] 采集 TRX-USDT-SWAP...
2025-12-25 06:34:03,967 - INFO -     💰 当前价格: $0.28029
2025-12-25 06:34:03,967 - INFO -     📊 位置: 4h=67.19% | 12h=56.32% | 24h=29.46% | 48h=26.11%
2025-12-25 06:34:04,468 - INFO -   [10/27] 采集 TON-USDT-SWAP...
2025-12-25 06:34:04,702 - INFO -     💰 当前价格: $1.519
2025-12-25 06:34:04,703 - INFO -     📊 位置: 4h=8.77% | 12h=43.48% | 24h=57.02% | 48h=60.0%
2025-12-25 06:34:05,203 - INFO -   [11/27] 采集 ETC-USDT-SWAP...
2025-12-25 06:34:05,435 - INFO -     💰 当前价格: $12.05
2025-12-25 06:34:05,435 - INFO -     📊 位置: 4h=27.27% | 12h=61.9% | 24h=77.14% | 48h=64.29%
2025-12-25 06:34:05,936 - INFO -   [12/27] 采集 BCH-USDT-SWAP...
2025-12-25 06:34:06,172 - INFO -     💰 当前价格: $572.0
2025-12-25 06:34:06,173 - INFO -     📊 位置: 4h=66.67% | 12h=81.65% | 24h=50.86% | 48h=36.48%
2025-12-25 06:34:06,673 - INFO -   [13/27] 采集 HBAR-USDT-SWAP...
2025-12-25 06:34:06,905 - INFO -     💰 当前价格: $0.1123
2025-12-25 06:34:06,905 - INFO -     📊 位置: 4h=99.52% | 12h=99.73% | 24h=99.76% | 48h=89.53%
2025-12-25 06:34:07,405 - INFO -   [14/27] 采集 XLM-USDT-SWAP...
2025-12-25 06:34:07,646 - INFO -     💰 当前价格: $0.21504
2025-12-25 06:34:07,647 - INFO -     📊 位置: 4h=72.96% | 12h=87.73% | 24h=87.93% | 48h=49.81%
2025-12-25 06:34:08,147 - INFO -   [15/27] 采集 FIL-USDT-SWAP...
2025-12-25 06:34:08,381 - INFO -     💰 当前价格: $1.276
2025-12-25 06:34:08,381 - INFO -     📊 位置: 4h=17.65% | 12h=46.15% | 24h=50.0% | 48h=15.56%
2025-12-25 06:34:08,882 - INFO -   [16/27] 采集 LINK-USDT-SWAP...
2025-12-25 06:34:09,115 - INFO -     💰 当前价格: $12.33
2025-12-25 06:34:09,115 - INFO -     📊 位置: 4h=72.46% | 12h=78.64% | 24h=88.42% | 48h=64.74%
2025-12-25 06:34:09,615 - INFO -   [17/27] 采集 CRO-USDT-SWAP...
2025-12-25 06:34:09,851 - INFO -     💰 当前价格: $0.09423
2025-12-25 06:34:09,851 - INFO -     📊 位置: 4h=69.57% | 12h=93.46% | 24h=93.49% | 48h=55.83%
2025-12-25 06:34:10,351 - INFO -   [18/27] 采集 DOT-USDT-SWAP...
2025-12-25 06:34:10,578 - INFO -     💰 当前价格: $1.739
2025-12-25 06:34:10,578 - INFO -     📊 位置: 4h=26.67% | 12h=67.57% | 24h=74.47% | 48h=42.68%
2025-12-25 06:34:11,078 - INFO -   [19/27] 采集 AAVE-USDT-SWAP...
2025-12-25 06:34:11,310 - INFO -     💰 当前价格: $150.18
2025-12-25 06:34:11,310 - INFO -     📊 位置: 4h=36.13% | 12h=69.95% | 24h=76.98% | 48h=48.02%
2025-12-25 06:34:11,811 - INFO -   [20/27] 采集 UNI-USDT-SWAP...
2025-12-25 06:34:12,055 - INFO -     💰 当前价格: $5.791
2025-12-25 06:34:12,055 - INFO -     📊 位置: 4h=40.43% | 12h=36.19% | 24h=68.79% | 48h=41.92%
2025-12-25 06:34:12,556 - INFO -   [21/27] 采集 NEAR-USDT-SWAP...
2025-12-25 06:34:12,788 - INFO -     💰 当前价格: $1.494
2025-12-25 06:34:12,788 - INFO -     📊 位置: 4h=50.0% | 12h=73.13% | 24h=77.22% | 48h=62.89%
2025-12-25 06:34:13,289 - INFO -   [22/27] 采集 APT-USDT-SWAP...
2025-12-25 06:34:13,529 - INFO -     💰 当前价格: $1.667
2025-12-25 06:34:13,530 - INFO -     📊 位置: 4h=55.32% | 12h=76.4% | 24h=84.56% | 48h=84.56%
2025-12-25 06:34:14,030 - INFO -   [23/27] 采集 CFX-USDT-SWAP...
2025-12-25 06:34:14,269 - INFO -     💰 当前价格: $0.07614
2025-12-25 06:34:14,269 - INFO -     📊 位置: 4h=26.26% | 12h=64.34% | 24h=77.36% | 48h=77.36%
2025-12-25 06:34:14,770 - INFO -   [24/27] 采集 CRV-USDT-SWAP...
2025-12-25 06:34:15,006 - INFO -     💰 当前价格: $0.3793
2025-12-25 06:34:15,006 - INFO -     📊 位置: 4h=15.0% | 12h=51.38% | 24h=71.63% | 48h=75.42%
2025-12-25 06:34:15,506 - INFO -   [25/27] 采集 STX-USDT-SWAP...
2025-12-25 06:34:15,742 - INFO -     💰 当前价格: $0.2539
2025-12-25 06:34:15,743 - INFO -     📊 位置: 4h=100.0% | 12h=100.0% | 24h=100.0% | 48h=100.0%
2025-12-25 06:34:16,243 - INFO -   [26/27] 采集 LDO-USDT-SWAP...
2025-12-25 06:34:16,473 - INFO -     💰 当前价格: $0.5611
2025-12-25 06:34:16,474 - INFO -     📊 位置: 4h=95.48% | 12h=98.0% | 24h=98.53% | 48h=98.53%
2025-12-25 06:34:16,974 - INFO -   [27/27] 采集 TAO-USDT-SWAP...
2025-12-25 06:34:17,200 - INFO -     💰 当前价格: $222.7
2025-12-25 06:34:17,200 - INFO -     📊 位置: 4h=44.44% | 12h=84.04% | 24h=91.71% | 48h=91.71%
2025-12-25 06:34:17,705 - INFO - 💾 数据保存成功: 27 个币种
2025-12-25 06:34:17,709 - INFO - 📊 统计数据保存成功:
2025-12-25 06:34:17,709 - INFO -     4h低于1%: 0/27
2025-12-25 06:34:17,709 - INFO -    12h低于1%: 0/27
2025-12-25 06:34:17,710 - INFO -    24h低于1%: 0/27
2025-12-25 06:34:17,710 - INFO -    48h低于1%: 0/27
2025-12-25 06:34:17,710 - INFO - ✅ 数据采集完成: 成功 27/27
2025-12-25 06:34:17,710 - INFO - ⏳ 等待 300 秒后进行下一次采集...

2025-12-25 06:38:38,290 - INFO - ⛔ 收到停止信号，退出采集器
2025-12-25 06:38:38,631 - INFO - ✅ 数据库初始化完成
2025-12-25 06:38:38,631 - INFO - 📊 开始采集位置系统数据...
2025-12-25 06:38:38,631 - INFO - 📋 币种列表: 27 个币种
2025-12-25 06:38:38,642 - INFO -   [1/27] 采集 BTC-USDT-SWAP...
2025-12-25 06:38:38,869 - INFO -     💰 当前价格: $87736.2
2025-12-25 06:38:38,870 - INFO -     📊 位置: 4h=44.84% | 12h=59.33% | 24h=82.3% | 48h=69.9%
2025-12-25 06:38:39,370 - INFO -   [2/27] 采集 ETH-USDT-SWAP...
2025-12-25 06:38:39,605 - INFO -     💰 当前价格: $2939.33
2025-12-25 06:38:39,605 - INFO -     📊 位置: 4h=18.32% | 12h=15.33% | 24h=69.34% | 48h=52.91%
2025-12-25 06:38:40,105 - INFO -   [3/27] 采集 XRP-USDT-SWAP...
2025-12-25 06:38:40,341 - INFO -     💰 当前价格: $1.8721
2025-12-25 06:38:40,342 - INFO -     📊 位置: 4h=66.98% | 12h=84.98% | 24h=82.93% | 48h=52.86%
2025-12-25 06:38:40,842 - INFO -   [4/27] 采集 BNB-USDT-SWAP...
2025-12-25 06:38:41,078 - INFO -     💰 当前价格: $841.9
2025-12-25 06:38:41,078 - INFO -     📊 位置: 4h=9.3% | 12h=4.94% | 24h=48.67% | 48h=40.33%
2025-12-25 06:38:41,578 - INFO -   [5/27] 采集 SOL-USDT-SWAP...
2025-12-25 06:38:41,806 - INFO -     💰 当前价格: $122.35
2025-12-25 06:38:41,807 - INFO -     📊 位置: 4h=23.96% | 12h=28.17% | 24h=61.84% | 48h=36.09%
2025-12-25 06:38:42,307 - INFO -   [6/27] 采集 LTC-USDT-SWAP...
2025-12-25 06:38:42,536 - INFO -     💰 当前价格: $76.5
2025-12-25 06:38:42,537 - INFO -     📊 位置: 4h=75.38% | 12h=87.6% | 24h=82.82% | 48h=48.56%
2025-12-25 06:38:43,037 - INFO -   [7/27] 采集 DOGE-USDT-SWAP...
2025-12-25 06:38:43,268 - INFO -     💰 当前价格: $0.12828
2025-12-25 06:38:43,268 - INFO -     📊 位置: 4h=23.53% | 12h=38.6% | 24h=62.83% | 48h=38.28%
2025-12-25 06:38:43,768 - INFO -   [8/27] 采集 SUI-USDT-SWAP...
2025-12-25 06:38:44,010 - INFO -     💰 当前价格: $1.4136
2025-12-25 06:38:44,010 - INFO -     📊 位置: 4h=37.3% | 12h=30.05% | 24h=64.86% | 48h=37.88%
2025-12-25 06:38:44,511 - INFO -   [9/27] 采集 TRX-USDT-SWAP...
2025-12-25 06:38:44,741 - INFO -     💰 当前价格: $0.28029
2025-12-25 06:38:44,742 - INFO -     📊 位置: 4h=67.19% | 12h=56.32% | 24h=29.46% | 48h=26.11%
2025-12-25 06:38:45,242 - INFO -   [10/27] 采集 TON-USDT-SWAP...
2025-12-25 06:38:45,465 - INFO -     💰 当前价格: $1.518
2025-12-25 06:38:45,465 - INFO -     📊 位置: 4h=7.02% | 12h=42.39% | 24h=56.2% | 48h=59.23%
2025-12-25 06:38:45,966 - INFO -   [11/27] 采集 ETC-USDT-SWAP...
2025-12-25 06:38:46,203 - INFO -     💰 当前价格: $12.05
2025-12-25 06:38:46,204 - INFO -     📊 位置: 4h=27.27% | 12h=61.9% | 24h=77.14% | 48h=64.29%
2025-12-25 06:38:46,704 - INFO -   [12/27] 采集 BCH-USDT-SWAP...
2025-12-25 06:38:46,938 - INFO -     💰 当前价格: $572.7
2025-12-25 06:38:46,938 - INFO -     📊 位置: 4h=82.22% | 12h=88.07% | 24h=54.86% | 48h=39.34%
2025-12-25 06:38:47,439 - INFO -   [13/27] 采集 HBAR-USDT-SWAP...
2025-12-25 06:38:47,672 - INFO -     💰 当前价格: $0.11198
2025-12-25 06:38:47,672 - INFO -     📊 位置: 4h=84.21% | 12h=91.25% | 24h=92.14% | 48h=82.69%
2025-12-25 06:38:48,172 - INFO -   [14/27] 采集 XLM-USDT-SWAP...
2025-12-25 06:38:48,406 - INFO -     💰 当前价格: $0.21487
2025-12-25 06:38:48,407 - INFO -     📊 位置: 4h=64.29% | 12h=83.8% | 24h=84.05% | 48h=47.61%
2025-12-25 06:38:48,907 - INFO -   [15/27] 采集 FIL-USDT-SWAP...
2025-12-25 06:38:49,141 - INFO -     💰 当前价格: $1.278
2025-12-25 06:38:49,141 - INFO -     📊 位置: 4h=29.41% | 12h=53.85% | 24h=57.14% | 48h=17.78%
2025-12-25 06:38:49,641 - INFO -   [16/27] 采集 LINK-USDT-SWAP...
2025-12-25 06:38:49,879 - INFO -     💰 当前价格: $12.32
2025-12-25 06:38:49,879 - INFO -     📊 位置: 4h=57.97% | 12h=73.79% | 24h=85.79% | 48h=62.81%
2025-12-25 06:38:50,380 - INFO -   [17/27] 采集 CRO-USDT-SWAP...
2025-12-25 06:38:50,621 - INFO -     💰 当前价格: $0.09425
2025-12-25 06:38:50,621 - INFO -     📊 位置: 4h=73.91% | 12h=94.39% | 24h=94.42% | 48h=56.39%
2025-12-25 06:38:51,122 - INFO -   [18/27] 采集 DOT-USDT-SWAP...
2025-12-25 06:38:51,363 - INFO -     💰 当前价格: $1.738
2025-12-25 06:38:51,363 - INFO -     📊 位置: 4h=20.0% | 12h=64.86% | 24h=72.34% | 48h=41.46%
2025-12-25 06:38:51,864 - INFO -   [19/27] 采集 AAVE-USDT-SWAP...
2025-12-25 06:38:52,101 - INFO -     💰 当前价格: $150.34
2025-12-25 06:38:52,102 - INFO -     📊 位置: 4h=49.58% | 12h=74.09% | 24h=80.16% | 48h=50.0%
2025-12-25 06:38:52,602 - INFO -   [20/27] 采集 UNI-USDT-SWAP...
2025-12-25 06:38:52,859 - INFO -     💰 当前价格: $5.79
2025-12-25 06:38:52,860 - INFO -     📊 位置: 4h=39.36% | 12h=35.24% | 24h=68.46% | 48h=41.72%
2025-12-25 06:38:53,360 - INFO -   [21/27] 采集 NEAR-USDT-SWAP...
2025-12-25 06:38:53,601 - INFO -     💰 当前价格: $1.495
2025-12-25 06:38:53,601 - INFO -     📊 位置: 4h=52.78% | 12h=74.63% | 24h=78.48% | 48h=63.92%
2025-12-25 06:38:54,102 - INFO -   [22/27] 采集 APT-USDT-SWAP...
2025-12-25 06:38:54,340 - INFO -     💰 当前价格: $1.667
2025-12-25 06:38:54,340 - INFO -     📊 位置: 4h=55.32% | 12h=76.4% | 24h=84.56% | 48h=84.56%
2025-12-25 06:38:54,841 - INFO -   [23/27] 采集 CFX-USDT-SWAP...
2025-12-25 06:38:55,072 - INFO -     💰 当前价格: $0.07616
2025-12-25 06:38:55,072 - INFO -     📊 位置: 4h=27.27% | 12h=64.63% | 24h=77.54% | 48h=77.54%
2025-12-25 06:38:55,572 - INFO -   [24/27] 采集 CRV-USDT-SWAP...
2025-12-25 06:38:55,810 - INFO -     💰 当前价格: $0.3789
2025-12-25 06:38:55,811 - INFO -     📊 位置: 4h=8.33% | 12h=47.71% | 24h=69.71% | 48h=73.75%
2025-12-25 06:38:56,311 - INFO -   [25/27] 采集 STX-USDT-SWAP...
2025-12-25 06:38:56,540 - INFO -     💰 当前价格: $0.2533
2025-12-25 06:38:56,541 - INFO -     📊 位置: 4h=80.56% | 12h=92.93% | 24h=95.68% | 48h=96.07%
2025-12-25 06:38:57,042 - INFO -   [26/27] 采集 LDO-USDT-SWAP...
2025-12-25 06:38:57,266 - INFO -     💰 当前价格: $0.5609
2025-12-25 06:38:57,267 - INFO -     📊 位置: 4h=94.19% | 12h=97.43% | 24h=98.11% | 48h=98.11%
2025-12-25 06:38:57,767 - INFO -   [27/27] 采集 TAO-USDT-SWAP...
2025-12-25 06:38:57,998 - INFO -     💰 当前价格: $222.4
2025-12-25 06:38:57,998 - INFO -     📊 位置: 4h=33.33% | 12h=80.85% | 24h=90.06% | 48h=90.06%
2025-12-25 06:38:58,505 - INFO - 💾 数据保存成功: 27 个币种
2025-12-25 06:38:58,510 - INFO - 📊 统计数据保存成功:
2025-12-25 06:38:58,510 - INFO -     4h低于1%: 0/27
2025-12-25 06:38:58,510 - INFO -    12h低于1%: 0/27
2025-12-25 06:38:58,510 - INFO -    24h低于1%: 0/27
2025-12-25 06:38:58,510 - INFO -    48h低于1%: 0/27
2025-12-25 06:38:58,510 - INFO - ✅ 数据采集完成: 成功 27/27
2025-12-25 06:38:58,510 - INFO - 🚀 位置系统采集器启动，采集间隔: 300秒
2025-12-25 06:38:58,511 - INFO - 📊 开始采集位置系统数据...
2025-12-25 06:38:58,511 - INFO - 📋 币种列表: 27 个币种
2025-12-25 06:38:58,511 - INFO -   [1/27] 采集 BTC-USDT-SWAP...
2025-12-25 06:38:58,736 - INFO -     💰 当前价格: $87736.1
2025-12-25 06:38:58,737 - INFO -     📊 位置: 4h=44.8% | 12h=59.32% | 24h=82.29% | 48h=69.9%
2025-12-25 06:38:59,237 - INFO -   [2/27] 采集 ETH-USDT-SWAP...
2025-12-25 06:38:59,475 - INFO -     💰 当前价格: $2939.17
2025-12-25 06:38:59,476 - INFO -     📊 位置: 4h=17.27% | 12h=14.76% | 24h=69.13% | 48h=52.76%
2025-12-25 06:38:59,976 - INFO -   [3/27] 采集 XRP-USDT-SWAP...
2025-12-25 06:39:00,210 - INFO -     💰 当前价格: $1.8719
2025-12-25 06:39:00,210 - INFO -     📊 位置: 4h=65.09% | 12h=84.12% | 24h=82.23% | 48h=52.56%
2025-12-25 06:39:00,711 - INFO -   [4/27] 采集 BNB-USDT-SWAP...
2025-12-25 06:39:00,947 - INFO -     💰 当前价格: $841.9
2025-12-25 06:39:00,947 - INFO -     📊 位置: 4h=9.3% | 12h=4.94% | 24h=48.67% | 48h=40.33%
2025-12-25 06:39:01,448 - INFO -   [5/27] 采集 SOL-USDT-SWAP...
2025-12-25 06:39:01,689 - INFO -     💰 当前价格: $122.33
2025-12-25 06:39:01,689 - INFO -     📊 位置: 4h=21.87% | 12h=26.76% | 24h=61.13% | 48h=35.7%
2025-12-25 06:39:02,190 - INFO -   [6/27] 采集 LTC-USDT-SWAP...
2025-12-25 06:39:02,426 - INFO -     💰 当前价格: $76.5
2025-12-25 06:39:02,427 - INFO -     📊 位置: 4h=75.38% | 12h=87.6% | 24h=82.82% | 48h=48.56%
2025-12-25 06:39:02,927 - INFO -   [7/27] 采集 DOGE-USDT-SWAP...
2025-12-25 06:39:03,155 - INFO -     💰 当前价格: $0.12828
2025-12-25 06:39:03,155 - INFO -     📊 位置: 4h=23.53% | 12h=38.6% | 24h=62.83% | 48h=38.28%
2025-12-25 06:39:03,655 - INFO -   [8/27] 采集 SUI-USDT-SWAP...
2025-12-25 06:39:03,889 - INFO -     💰 当前价格: $1.4133
2025-12-25 06:39:03,889 - INFO -     📊 位置: 4h=34.92% | 12h=28.57% | 24h=64.13% | 48h=37.45%
2025-12-25 06:39:04,390 - INFO -   [9/27] 采集 TRX-USDT-SWAP...
2025-12-25 06:39:04,613 - INFO -     💰 当前价格: $0.2803
2025-12-25 06:39:04,613 - INFO -     📊 位置: 4h=68.75% | 12h=56.7% | 24h=29.66% | 48h=26.29%
2025-12-25 06:39:05,113 - INFO -   [10/27] 采集 TON-USDT-SWAP...
2025-12-25 06:39:05,340 - INFO -     💰 当前价格: $1.518
2025-12-25 06:39:05,340 - INFO -     📊 位置: 4h=7.02% | 12h=42.39% | 24h=56.2% | 48h=59.23%
2025-12-25 06:39:05,840 - INFO -   [11/27] 采集 ETC-USDT-SWAP...
2025-12-25 06:39:06,075 - INFO -     💰 当前价格: $12.05
2025-12-25 06:39:06,075 - INFO -     📊 位置: 4h=27.27% | 12h=61.9% | 24h=77.14% | 48h=64.29%
2025-12-25 06:39:06,575 - INFO -   [12/27] 采集 BCH-USDT-SWAP...
2025-12-25 06:39:06,804 - INFO -     💰 当前价格: $572.7
2025-12-25 06:39:06,804 - INFO -     📊 位置: 4h=82.22% | 12h=88.07% | 24h=54.86% | 48h=39.34%
2025-12-25 06:39:07,304 - INFO -   [13/27] 采集 HBAR-USDT-SWAP...
2025-12-25 06:39:07,531 - INFO -     💰 当前价格: $0.11198
2025-12-25 06:39:07,531 - INFO -     📊 位置: 4h=84.21% | 12h=91.25% | 24h=92.14% | 48h=82.69%
2025-12-25 06:39:08,031 - INFO -   [14/27] 采集 XLM-USDT-SWAP...
2025-12-25 06:39:08,274 - INFO -     💰 当前价格: $0.21487
2025-12-25 06:39:08,274 - INFO -     📊 位置: 4h=64.29% | 12h=83.8% | 24h=84.05% | 48h=47.61%
2025-12-25 06:39:08,775 - INFO -   [15/27] 采集 FIL-USDT-SWAP...
2025-12-25 06:39:09,010 - INFO -     💰 当前价格: $1.278
2025-12-25 06:39:09,010 - INFO -     📊 位置: 4h=29.41% | 12h=53.85% | 24h=57.14% | 48h=17.78%
2025-12-25 06:39:09,510 - INFO -   [16/27] 采集 LINK-USDT-SWAP...
2025-12-25 06:39:09,751 - INFO -     💰 当前价格: $12.321
2025-12-25 06:39:09,751 - INFO -     📊 位置: 4h=59.42% | 12h=74.27% | 24h=86.05% | 48h=63.01%
2025-12-25 06:39:10,252 - INFO -   [17/27] 采集 CRO-USDT-SWAP...
2025-12-25 06:39:10,483 - INFO -     💰 当前价格: $0.09426
2025-12-25 06:39:10,483 - INFO -     📊 位置: 4h=76.09% | 12h=94.86% | 24h=94.88% | 48h=56.67%
2025-12-25 06:39:10,984 - INFO -   [18/27] 采集 DOT-USDT-SWAP...
2025-12-25 06:39:11,223 - INFO -     💰 当前价格: $1.738
2025-12-25 06:39:11,224 - INFO -     📊 位置: 4h=20.0% | 12h=64.86% | 24h=72.34% | 48h=41.46%
2025-12-25 06:39:11,724 - INFO -   [19/27] 采集 AAVE-USDT-SWAP...
2025-12-25 06:39:11,954 - INFO -     💰 当前价格: $150.33
2025-12-25 06:39:11,955 - INFO -     📊 位置: 4h=48.74% | 12h=73.83% | 24h=79.96% | 48h=49.88%
2025-12-25 06:39:12,455 - INFO -   [20/27] 采集 UNI-USDT-SWAP...
2025-12-25 06:39:12,685 - INFO -     💰 当前价格: $5.79
2025-12-25 06:39:12,686 - INFO -     📊 位置: 4h=39.36% | 12h=35.24% | 24h=68.46% | 48h=41.72%
2025-12-25 06:39:13,186 - INFO -   [21/27] 采集 NEAR-USDT-SWAP...
2025-12-25 06:39:13,421 - INFO -     💰 当前价格: $1.495
2025-12-25 06:39:13,421 - INFO -     📊 位置: 4h=52.78% | 12h=74.63% | 24h=78.48% | 48h=63.92%
2025-12-25 06:39:13,922 - INFO -   [22/27] 采集 APT-USDT-SWAP...
2025-12-25 06:39:14,156 - INFO -     💰 当前价格: $1.667
2025-12-25 06:39:14,156 - INFO -     📊 位置: 4h=55.32% | 12h=76.4% | 24h=84.56% | 48h=84.56%
2025-12-25 06:39:14,657 - INFO -   [23/27] 采集 CFX-USDT-SWAP...
2025-12-25 06:39:14,891 - INFO -     💰 当前价格: $0.07618
2025-12-25 06:39:14,892 - INFO -     📊 位置: 4h=28.28% | 12h=64.92% | 24h=77.73% | 48h=77.73%
2025-12-25 06:39:15,392 - INFO -   [24/27] 采集 CRV-USDT-SWAP...
2025-12-25 06:39:15,627 - INFO -     💰 当前价格: $0.3789
2025-12-25 06:39:15,628 - INFO -     📊 位置: 4h=8.33% | 12h=47.71% | 24h=69.71% | 48h=73.75%
2025-12-25 06:39:16,128 - INFO -   [25/27] 采集 STX-USDT-SWAP...
2025-12-25 06:39:16,359 - INFO -     💰 当前价格: $0.2531
2025-12-25 06:39:16,360 - INFO -     📊 位置: 4h=75.0% | 12h=90.91% | 24h=94.44% | 48h=94.94%
2025-12-25 06:39:16,860 - INFO -   [26/27] 采集 LDO-USDT-SWAP...
2025-12-25 06:39:17,091 - INFO -     💰 当前价格: $0.5607
2025-12-25 06:39:17,091 - INFO -     📊 位置: 4h=92.9% | 12h=96.86% | 24h=97.68% | 48h=97.68%
2025-12-25 06:39:17,592 - INFO -   [27/27] 采集 TAO-USDT-SWAP...
2025-12-25 06:39:17,828 - INFO -     💰 当前价格: $222.4
2025-12-25 06:39:17,828 - INFO -     📊 位置: 4h=33.33% | 12h=80.85% | 24h=90.06% | 48h=90.06%
2025-12-25 06:39:18,333 - INFO - 💾 数据保存成功: 27 个币种
2025-12-25 06:39:18,338 - INFO - 📊 统计数据保存成功:
2025-12-25 06:39:18,338 - INFO -     4h低于1%: 0/27
2025-12-25 06:39:18,339 - INFO -    12h低于1%: 0/27
2025-12-25 06:39:18,339 - INFO -    24h低于1%: 0/27
2025-12-25 06:39:18,339 - INFO -    48h低于1%: 0/27
2025-12-25 06:39:18,339 - INFO - ✅ 数据采集完成: 成功 27/27
2025-12-25 06:39:18,339 - INFO - ⏳ 等待 300 秒后进行下一次采集...

2025-12-25 06:43:39,182 - INFO - ⛔ 收到停止信号，退出采集器
2025-12-25 06:43:39,521 - INFO - ✅ 数据库初始化完成
2025-12-25 06:43:39,521 - INFO - 📊 开始采集位置系统数据...
2025-12-25 06:43:39,521 - INFO - 📋 币种列表: 27 个币种
2025-12-25 06:43:39,531 - INFO -   [1/27] 采集 BTC-USDT-SWAP...
2025-12-25 06:43:39,783 - INFO -     💰 当前价格: $87732.0
2025-12-25 06:43:39,783 - INFO -     📊 位置: 4h=43.31% | 12h=58.76% | 24h=82.05% | 48h=69.69%
2025-12-25 06:43:40,283 - INFO -   [2/27] 采集 ETH-USDT-SWAP...
2025-12-25 06:43:40,523 - INFO -     💰 当前价格: $2939.88
2025-12-25 06:43:40,523 - INFO -     📊 位置: 4h=21.93% | 12h=17.31% | 24h=70.06% | 48h=53.46%
2025-12-25 06:43:41,024 - INFO -   [3/27] 采集 XRP-USDT-SWAP...
2025-12-25 06:43:41,407 - INFO -     💰 当前价格: $1.8733
2025-12-25 06:43:41,407 - INFO -     📊 位置: 4h=78.3% | 12h=90.13% | 24h=87.11% | 48h=54.61%
2025-12-25 06:43:41,907 - INFO -   [4/27] 采集 BNB-USDT-SWAP...
2025-12-25 06:43:42,147 - INFO -     💰 当前价格: $842.1
2025-12-25 06:43:42,147 - INFO -     📊 位置: 4h=13.95% | 12h=7.41% | 24h=50.0% | 48h=41.44%
2025-12-25 06:43:42,648 - INFO -   [5/27] 采集 SOL-USDT-SWAP...
2025-12-25 06:43:42,878 - INFO -     💰 当前价格: $122.42
2025-12-25 06:43:42,879 - INFO -     📊 位置: 4h=31.25% | 12h=33.1% | 24h=64.31% | 48h=37.48%
2025-12-25 06:43:43,379 - INFO -   [6/27] 采集 LTC-USDT-SWAP...
2025-12-25 06:43:43,610 - INFO -     💰 当前价格: $76.46
2025-12-25 06:43:43,610 - INFO -     📊 位置: 4h=69.23% | 12h=84.5% | 24h=80.37% | 48h=47.12%
2025-12-25 06:43:44,110 - INFO -   [7/27] 采集 DOGE-USDT-SWAP...
2025-12-25 06:43:44,365 - INFO -     💰 当前价格: $0.12837
2025-12-25 06:43:44,365 - INFO -     📊 位置: 4h=32.35% | 12h=43.86% | 24h=65.79% | 48h=40.08%
2025-12-25 06:43:44,865 - INFO -   [8/27] 采集 SUI-USDT-SWAP...
2025-12-25 06:43:45,101 - INFO -     💰 当前价格: $1.4138
2025-12-25 06:43:45,102 - INFO -     📊 位置: 4h=38.89% | 12h=31.03% | 24h=65.36% | 48h=38.16%
2025-12-25 06:43:45,602 - INFO -   [9/27] 采集 TRX-USDT-SWAP...
2025-12-25 06:43:45,831 - INFO -     💰 当前价格: $0.28037
2025-12-25 06:43:45,831 - INFO -     📊 位置: 4h=79.69% | 12h=59.39% | 24h=31.06% | 48h=27.53%
2025-12-25 06:43:46,331 - INFO -   [10/27] 采集 TON-USDT-SWAP...
2025-12-25 06:43:46,591 - INFO -     💰 当前价格: $1.519
2025-12-25 06:43:46,591 - INFO -     📊 位置: 4h=8.77% | 12h=43.48% | 24h=57.02% | 48h=60.0%
2025-12-25 06:43:47,092 - INFO -   [11/27] 采集 ETC-USDT-SWAP...
2025-12-25 06:43:47,319 - INFO -     💰 当前价格: $12.06
2025-12-25 06:43:47,320 - INFO -     📊 位置: 4h=36.36% | 12h=66.67% | 24h=80.0% | 48h=66.67%
2025-12-25 06:43:47,820 - INFO -   [12/27] 采集 BCH-USDT-SWAP...
2025-12-25 06:43:48,057 - INFO -     💰 当前价格: $572.7
2025-12-25 06:43:48,057 - INFO -     📊 位置: 4h=82.22% | 12h=88.07% | 24h=54.86% | 48h=39.34%
2025-12-25 06:43:48,558 - INFO -   [13/27] 采集 HBAR-USDT-SWAP...
2025-12-25 06:43:48,789 - INFO -     💰 当前价格: $0.11199
2025-12-25 06:43:48,790 - INFO -     📊 位置: 4h=84.69% | 12h=91.51% | 24h=92.38% | 48h=82.91%
2025-12-25 06:43:49,290 - INFO -   [14/27] 采集 XLM-USDT-SWAP...
2025-12-25 06:43:49,523 - INFO -     💰 当前价格: $0.21486
2025-12-25 06:43:49,524 - INFO -     📊 位置: 4h=63.78% | 12h=83.56% | 24h=83.83% | 48h=47.48%
2025-12-25 06:43:50,024 - INFO -   [15/27] 采集 FIL-USDT-SWAP...
2025-12-25 06:43:50,259 - INFO -     💰 当前价格: $1.278
2025-12-25 06:43:50,259 - INFO -     📊 位置: 4h=29.41% | 12h=53.85% | 24h=57.14% | 48h=17.78%
2025-12-25 06:43:50,760 - INFO -   [16/27] 采集 LINK-USDT-SWAP...
2025-12-25 06:43:50,991 - INFO -     💰 当前价格: $12.321
2025-12-25 06:43:50,992 - INFO -     📊 位置: 4h=59.42% | 12h=74.27% | 24h=86.05% | 48h=63.01%
2025-12-25 06:43:51,492 - INFO -   [17/27] 采集 CRO-USDT-SWAP...
2025-12-25 06:43:51,721 - INFO -     💰 当前价格: $0.09424
2025-12-25 06:43:51,722 - INFO -     📊 位置: 4h=71.74% | 12h=93.93% | 24h=93.95% | 48h=56.11%
2025-12-25 06:43:52,222 - INFO -   [18/27] 采集 DOT-USDT-SWAP...
2025-12-25 06:43:52,465 - INFO -     💰 当前价格: $1.741
2025-12-25 06:43:52,465 - INFO -     📊 位置: 4h=40.0% | 12h=72.97% | 24h=78.72% | 48h=45.12%
2025-12-25 06:43:52,966 - INFO -   [19/27] 采集 AAVE-USDT-SWAP...
2025-12-25 06:43:53,199 - INFO -     💰 当前价格: $150.3
2025-12-25 06:43:53,199 - INFO -     📊 位置: 4h=46.22% | 12h=73.06% | 24h=79.37% | 48h=49.5%
2025-12-25 06:43:53,699 - INFO -   [20/27] 采集 UNI-USDT-SWAP...
2025-12-25 06:43:53,940 - INFO -     💰 当前价格: $5.795
2025-12-25 06:43:53,940 - INFO -     📊 位置: 4h=44.68% | 12h=40.0% | 24h=70.13% | 48h=42.74%
2025-12-25 06:43:54,440 - INFO -   [21/27] 采集 NEAR-USDT-SWAP...
2025-12-25 06:43:54,675 - INFO -     💰 当前价格: $1.496
2025-12-25 06:43:54,675 - INFO -     📊 位置: 4h=55.56% | 12h=76.12% | 24h=79.75% | 48h=64.95%
2025-12-25 06:43:55,175 - INFO -   [22/27] 采集 APT-USDT-SWAP...
2025-12-25 06:43:55,401 - INFO -     💰 当前价格: $1.662
2025-12-25 06:43:55,402 - INFO -     📊 位置: 4h=44.68% | 12h=70.79% | 24h=80.88% | 48h=80.88%
2025-12-25 06:43:55,902 - INFO -   [23/27] 采集 CFX-USDT-SWAP...
2025-12-25 06:43:56,133 - INFO -     💰 当前价格: $0.0762
2025-12-25 06:43:56,133 - INFO -     📊 位置: 4h=29.29% | 12h=65.21% | 24h=77.91% | 48h=77.91%
2025-12-25 06:43:56,633 - INFO -   [24/27] 采集 CRV-USDT-SWAP...
2025-12-25 06:43:56,866 - INFO -     💰 当前价格: $0.3787
2025-12-25 06:43:56,866 - INFO -     📊 位置: 4h=5.0% | 12h=45.87% | 24h=68.75% | 48h=72.92%
2025-12-25 06:43:57,366 - INFO -   [25/27] 采集 STX-USDT-SWAP...
2025-12-25 06:43:57,606 - INFO -     💰 当前价格: $0.2532
2025-12-25 06:43:57,606 - INFO -     📊 位置: 4h=77.78% | 12h=91.92% | 24h=95.06% | 48h=95.51%
2025-12-25 06:43:58,106 - INFO -   [26/27] 采集 LDO-USDT-SWAP...
2025-12-25 06:43:58,341 - INFO -     💰 当前价格: $0.5627
2025-12-25 06:43:58,342 - INFO -     📊 位置: 4h=98.2% | 12h=99.17% | 24h=99.38% | 48h=99.38%
2025-12-25 06:43:58,842 - INFO -   [27/27] 采集 TAO-USDT-SWAP...
2025-12-25 06:43:59,074 - INFO -     💰 当前价格: $222.4
2025-12-25 06:43:59,074 - INFO -     📊 位置: 4h=33.33% | 12h=80.85% | 24h=90.06% | 48h=90.06%
2025-12-25 06:43:59,581 - INFO - 💾 数据保存成功: 27 个币种
2025-12-25 06:43:59,585 - INFO - 📊 统计数据保存成功:
2025-12-25 06:43:59,586 - INFO -     4h低于1%: 0/27
2025-12-25 06:43:59,586 - INFO -    12h低于1%: 0/27
2025-12-25 06:43:59,586 - INFO -    24h低于1%: 0/27
2025-12-25 06:43:59,586 - INFO -    48h低于1%: 0/27
2025-12-25 06:43:59,586 - INFO - ✅ 数据采集完成: 成功 27/27
2025-12-25 06:43:59,586 - INFO - 🚀 位置系统采集器启动，采集间隔: 300秒
2025-12-25 06:43:59,586 - INFO - 📊 开始采集位置系统数据...
2025-12-25 06:43:59,586 - INFO - 📋 币种列表: 27 个币种
2025-12-25 06:43:59,587 - INFO -   [1/27] 采集 BTC-USDT-SWAP...
2025-12-25 06:43:59,829 - INFO -     💰 当前价格: $87732.1
2025-12-25 06:43:59,829 - INFO -     📊 位置: 4h=43.35% | 12h=58.77% | 24h=82.05% | 48h=69.7%
2025-12-25 06:44:00,330 - INFO -   [2/27] 采集 ETH-USDT-SWAP...
2025-12-25 06:44:00,562 - INFO -     💰 当前价格: $2939.9
2025-12-25 06:44:00,563 - INFO -     📊 位置: 4h=22.06% | 12h=17.39% | 24h=70.09% | 48h=53.48%
2025-12-25 06:44:01,063 - INFO -   [3/27] 采集 XRP-USDT-SWAP...
2025-12-25 06:44:01,285 - INFO -     💰 当前价格: $1.8728
2025-12-25 06:44:01,285 - INFO -     📊 位置: 4h=73.58% | 12h=87.98% | 24h=85.37% | 48h=53.88%
2025-12-25 06:44:01,786 - INFO -   [4/27] 采集 BNB-USDT-SWAP...
2025-12-25 06:44:02,030 - INFO -     💰 当前价格: $842.1
2025-12-25 06:44:02,030 - INFO -     📊 位置: 4h=13.95% | 12h=7.41% | 24h=50.0% | 48h=41.44%
2025-12-25 06:44:02,530 - INFO -   [5/27] 采集 SOL-USDT-SWAP...
2025-12-25 06:44:02,769 - INFO -     💰 当前价格: $122.42
2025-12-25 06:44:02,770 - INFO -     📊 位置: 4h=31.25% | 12h=33.1% | 24h=64.31% | 48h=37.48%
2025-12-25 06:44:03,270 - INFO -   [6/27] 采集 LTC-USDT-SWAP...
2025-12-25 06:44:03,627 - INFO -     💰 当前价格: $76.46
2025-12-25 06:44:03,627 - INFO -     📊 位置: 4h=69.23% | 12h=84.5% | 24h=80.37% | 48h=47.12%
2025-12-25 06:44:04,127 - INFO -   [7/27] 采集 DOGE-USDT-SWAP...
2025-12-25 06:44:04,368 - INFO -     💰 当前价格: $0.12838
2025-12-25 06:44:04,369 - INFO -     📊 位置: 4h=33.33% | 12h=44.44% | 24h=66.12% | 48h=40.28%
2025-12-25 06:44:04,869 - INFO -   [8/27] 采集 SUI-USDT-SWAP...
2025-12-25 06:44:05,093 - INFO -     💰 当前价格: $1.4139
2025-12-25 06:44:05,093 - INFO -     📊 位置: 4h=39.68% | 12h=31.53% | 24h=65.6% | 48h=38.31%
2025-12-25 06:44:05,594 - INFO -   [9/27] 采集 TRX-USDT-SWAP...
2025-12-25 06:44:05,850 - INFO -     💰 当前价格: $0.28037
2025-12-25 06:44:05,850 - INFO -     📊 位置: 4h=79.69% | 12h=59.39% | 24h=31.06% | 48h=27.53%
2025-12-25 06:44:06,350 - INFO -   [10/27] 采集 TON-USDT-SWAP...
2025-12-25 06:44:06,587 - INFO -     💰 当前价格: $1.519
2025-12-25 06:44:06,587 - INFO -     📊 位置: 4h=8.77% | 12h=43.48% | 24h=57.02% | 48h=60.0%
2025-12-25 06:44:07,088 - INFO -   [11/27] 采集 ETC-USDT-SWAP...
2025-12-25 06:44:07,328 - INFO -     💰 当前价格: $12.06
2025-12-25 06:44:07,329 - INFO -     📊 位置: 4h=36.36% | 12h=66.67% | 24h=80.0% | 48h=66.67%
2025-12-25 06:44:07,829 - INFO -   [12/27] 采集 BCH-USDT-SWAP...
2025-12-25 06:44:08,061 - INFO -     💰 当前价格: $572.8
2025-12-25 06:44:08,061 - INFO -     📊 位置: 4h=84.44% | 12h=88.99% | 24h=55.43% | 48h=39.75%
2025-12-25 06:44:08,562 - INFO -   [13/27] 采集 HBAR-USDT-SWAP...
2025-12-25 06:44:08,795 - INFO -     💰 当前价格: $0.112
2025-12-25 06:44:08,796 - INFO -     📊 位置: 4h=85.17% | 12h=91.78% | 24h=92.62% | 48h=83.12%
2025-12-25 06:44:09,296 - INFO -   [14/27] 采集 XLM-USDT-SWAP...
2025-12-25 06:44:09,521 - INFO -     💰 当前价格: $0.21486
2025-12-25 06:44:09,522 - INFO -     📊 位置: 4h=63.78% | 12h=83.56% | 24h=83.83% | 48h=47.48%
2025-12-25 06:44:10,022 - INFO -   [15/27] 采集 FIL-USDT-SWAP...
2025-12-25 06:44:10,260 - INFO -     💰 当前价格: $1.279
2025-12-25 06:44:10,260 - INFO -     📊 位置: 4h=35.29% | 12h=57.69% | 24h=60.71% | 48h=18.89%
2025-12-25 06:44:10,760 - INFO -   [16/27] 采集 LINK-USDT-SWAP...
2025-12-25 06:44:10,992 - INFO -     💰 当前价格: $12.321
2025-12-25 06:44:10,992 - INFO -     📊 位置: 4h=59.42% | 12h=74.27% | 24h=86.05% | 48h=63.01%
2025-12-25 06:44:11,493 - INFO -   [17/27] 采集 CRO-USDT-SWAP...
2025-12-25 06:44:11,717 - INFO -     💰 当前价格: $0.09424
2025-12-25 06:44:11,717 - INFO -     📊 位置: 4h=71.74% | 12h=93.93% | 24h=93.95% | 48h=56.11%
2025-12-25 06:44:12,217 - INFO -   [18/27] 采集 DOT-USDT-SWAP...
2025-12-25 06:44:12,455 - INFO -     💰 当前价格: $1.741
2025-12-25 06:44:12,456 - INFO -     📊 位置: 4h=40.0% | 12h=72.97% | 24h=78.72% | 48h=45.12%
2025-12-25 06:44:12,956 - INFO -   [19/27] 采集 AAVE-USDT-SWAP...
2025-12-25 06:44:13,189 - INFO -     💰 当前价格: $150.25
2025-12-25 06:44:13,189 - INFO -     📊 位置: 4h=42.02% | 12h=71.76% | 24h=78.37% | 48h=48.89%
2025-12-25 06:44:13,689 - INFO -   [20/27] 采集 UNI-USDT-SWAP...
2025-12-25 06:44:13,914 - INFO -     💰 当前价格: $5.797
2025-12-25 06:44:13,914 - INFO -     📊 位置: 4h=46.81% | 12h=41.9% | 24h=70.81% | 48h=43.15%
2025-12-25 06:44:14,415 - INFO -   [21/27] 采集 NEAR-USDT-SWAP...
2025-12-25 06:44:14,764 - INFO -     💰 当前价格: $1.495
2025-12-25 06:44:14,765 - INFO -     📊 位置: 4h=52.78% | 12h=74.63% | 24h=78.48% | 48h=63.92%
2025-12-25 06:44:15,265 - INFO -   [22/27] 采集 APT-USDT-SWAP...
2025-12-25 06:44:15,491 - INFO -     💰 当前价格: $1.662
2025-12-25 06:44:15,491 - INFO -     📊 位置: 4h=44.68% | 12h=70.79% | 24h=80.88% | 48h=80.88%
2025-12-25 06:44:15,992 - INFO -   [23/27] 采集 CFX-USDT-SWAP...
2025-12-25 06:44:16,224 - INFO -     💰 当前价格: $0.07618
2025-12-25 06:44:16,224 - INFO -     📊 位置: 4h=28.28% | 12h=64.92% | 24h=77.73% | 48h=77.73%
2025-12-25 06:44:16,724 - INFO -   [24/27] 采集 CRV-USDT-SWAP...
2025-12-25 06:44:16,960 - INFO -     💰 当前价格: $0.379
2025-12-25 06:44:16,960 - INFO -     📊 位置: 4h=10.0% | 12h=48.62% | 24h=70.19% | 48h=74.17%
2025-12-25 06:44:17,461 - INFO -   [25/27] 采集 STX-USDT-SWAP...
2025-12-25 06:44:17,698 - INFO -     💰 当前价格: $0.2533
2025-12-25 06:44:17,698 - INFO -     📊 位置: 4h=80.56% | 12h=92.93% | 24h=95.68% | 48h=96.07%
2025-12-25 06:44:18,198 - INFO -   [26/27] 采集 LDO-USDT-SWAP...
2025-12-25 06:44:18,430 - INFO -     💰 当前价格: $0.5626
2025-12-25 06:44:18,430 - INFO -     📊 位置: 4h=97.6% | 12h=98.9% | 24h=99.18% | 48h=99.18%
2025-12-25 06:44:18,931 - INFO -   [27/27] 采集 TAO-USDT-SWAP...
2025-12-25 06:44:19,167 - INFO -     💰 当前价格: $222.4
2025-12-25 06:44:19,167 - INFO -     📊 位置: 4h=33.33% | 12h=80.85% | 24h=90.06% | 48h=90.06%
2025-12-25 06:44:19,676 - INFO - 💾 数据保存成功: 27 个币种
2025-12-25 06:44:19,678 - INFO - 📊 统计数据保存成功:
2025-12-25 06:44:19,678 - INFO -     4h低于1%: 0/27
2025-12-25 06:44:19,678 - INFO -    12h低于1%: 0/27
2025-12-25 06:44:19,678 - INFO -    24h低于1%: 0/27
2025-12-25 06:44:19,678 - INFO -    48h低于1%: 0/27
2025-12-25 06:44:19,678 - INFO - ✅ 数据采集完成: 成功 27/27
2025-12-25 06:44:19,679 - INFO - ⏳ 等待 300 秒后进行下一次采集...

2025-12-25 06:48:40,028 - INFO - ⛔ 收到停止信号，退出采集器
2025-12-25 06:48:40,480 - INFO - ✅ 数据库初始化完成
2025-12-25 06:48:40,480 - INFO - 📊 开始采集位置系统数据...
2025-12-25 06:48:40,480 - INFO - 📋 币种列表: 27 个币种
2025-12-25 06:48:40,506 - INFO -   [1/27] 采集 BTC-USDT-SWAP...
2025-12-25 06:48:40,742 - INFO -     💰 当前价格: $87775.1
2025-12-25 06:48:40,742 - INFO -     📊 位置: 4h=58.98% | 12h=64.63% | 24h=84.61% | 48h=71.87%
2025-12-25 06:48:41,242 - INFO -   [2/27] 采集 ETH-USDT-SWAP...
2025-12-25 06:48:41,471 - INFO -     💰 当前价格: $2941.49
2025-12-25 06:48:41,471 - INFO -     📊 位置: 4h=32.5% | 12h=23.11% | 24h=72.16% | 48h=55.06%
2025-12-25 06:48:41,972 - INFO -   [3/27] 采集 XRP-USDT-SWAP...
2025-12-25 06:48:42,207 - INFO -     💰 当前价格: $1.8748
2025-12-25 06:48:42,208 - INFO -     📊 位置: 4h=92.45% | 12h=96.57% | 24h=92.33% | 48h=56.81%
2025-12-25 06:48:42,708 - INFO -   [4/27] 采集 BNB-USDT-SWAP...
2025-12-25 06:48:42,945 - INFO -     💰 当前价格: $842.6
2025-12-25 06:48:42,946 - INFO -     📊 位置: 4h=25.58% | 12h=13.58% | 24h=53.33% | 48h=44.2%
2025-12-25 06:48:43,446 - INFO -   [5/27] 采集 SOL-USDT-SWAP...
2025-12-25 06:48:43,674 - INFO -     💰 当前价格: $122.4
2025-12-25 06:48:43,674 - INFO -     📊 位置: 4h=29.17% | 12h=31.69% | 24h=63.6% | 48h=37.08%
2025-12-25 06:48:44,175 - INFO -   [6/27] 采集 LTC-USDT-SWAP...
2025-12-25 06:48:44,416 - INFO -     💰 当前价格: $76.55
2025-12-25 06:48:44,416 - INFO -     📊 位置: 4h=83.08% | 12h=91.47% | 24h=85.89% | 48h=50.36%
2025-12-25 06:48:44,916 - INFO -   [7/27] 采集 DOGE-USDT-SWAP...
2025-12-25 06:48:45,154 - INFO -     💰 当前价格: $0.12847
2025-12-25 06:48:45,155 - INFO -     📊 位置: 4h=42.16% | 12h=49.71% | 24h=69.08% | 48h=42.08%
2025-12-25 06:48:45,655 - INFO -   [8/27] 采集 SUI-USDT-SWAP...
2025-12-25 06:48:45,882 - INFO -     💰 当前价格: $1.4157
2025-12-25 06:48:45,883 - INFO -     📊 位置: 4h=53.97% | 12h=40.39% | 24h=70.02% | 48h=40.89%
2025-12-25 06:48:46,383 - INFO -   [9/27] 采集 TRX-USDT-SWAP...
2025-12-25 06:48:46,610 - INFO -     💰 当前价格: $0.28036
2025-12-25 06:48:46,611 - INFO -     📊 位置: 4h=78.12% | 12h=59.0% | 24h=30.86% | 48h=27.35%
2025-12-25 06:48:47,111 - INFO -   [10/27] 采集 TON-USDT-SWAP...
2025-12-25 06:48:47,339 - INFO -     💰 当前价格: $1.519
2025-12-25 06:48:47,339 - INFO -     📊 位置: 4h=8.77% | 12h=43.48% | 24h=57.02% | 48h=60.0%
2025-12-25 06:48:47,839 - INFO -   [11/27] 采集 ETC-USDT-SWAP...
2025-12-25 06:48:48,077 - INFO -     💰 当前价格: $12.07
2025-12-25 06:48:48,077 - INFO -     📊 位置: 4h=45.45% | 12h=71.43% | 24h=82.86% | 48h=69.05%
2025-12-25 06:48:48,578 - INFO -   [12/27] 采集 BCH-USDT-SWAP...
2025-12-25 06:48:48,815 - INFO -     💰 当前价格: $573.9
2025-12-25 06:48:48,815 - INFO -     📊 位置: 4h=100.0% | 12h=99.08% | 24h=61.71% | 48h=44.26%
2025-12-25 06:48:49,316 - INFO -   [13/27] 采集 HBAR-USDT-SWAP...
2025-12-25 06:48:49,561 - INFO -     💰 当前价格: $0.11206
2025-12-25 06:48:49,561 - INFO -     📊 位置: 4h=88.04% | 12h=93.37% | 24h=94.05% | 48h=84.4%
2025-12-25 06:48:50,061 - INFO -   [14/27] 采集 XLM-USDT-SWAP...
2025-12-25 06:48:50,299 - INFO -     💰 当前价格: $0.21488
2025-12-25 06:48:50,299 - INFO -     📊 位置: 4h=64.8% | 12h=84.03% | 24h=84.28% | 48h=47.74%
2025-12-25 06:48:50,799 - INFO -   [15/27] 采集 FIL-USDT-SWAP...
2025-12-25 06:48:51,026 - INFO -     💰 当前价格: $1.281
2025-12-25 06:48:51,026 - INFO -     📊 位置: 4h=47.06% | 12h=65.38% | 24h=67.86% | 48h=21.11%
2025-12-25 06:48:51,527 - INFO -   [16/27] 采集 LINK-USDT-SWAP...
2025-12-25 06:48:51,770 - INFO -     💰 当前价格: $12.328
2025-12-25 06:48:51,771 - INFO -     📊 位置: 4h=69.57% | 12h=77.67% | 24h=87.89% | 48h=64.35%
2025-12-25 06:48:52,271 - INFO -   [17/27] 采集 CRO-USDT-SWAP...
2025-12-25 06:48:52,501 - INFO -     💰 当前价格: $0.0943
2025-12-25 06:48:52,501 - INFO -     📊 位置: 4h=84.78% | 12h=96.73% | 24h=96.74% | 48h=57.78%
2025-12-25 06:48:53,002 - INFO -   [18/27] 采集 DOT-USDT-SWAP...
2025-12-25 06:48:53,229 - INFO -     💰 当前价格: $1.742
2025-12-25 06:48:53,229 - INFO -     📊 位置: 4h=46.67% | 12h=75.68% | 24h=80.85% | 48h=46.34%
2025-12-25 06:48:53,730 - INFO -   [19/27] 采集 AAVE-USDT-SWAP...
2025-12-25 06:48:53,956 - INFO -     💰 当前价格: $150.36
2025-12-25 06:48:53,956 - INFO -     📊 位置: 4h=51.26% | 12h=74.61% | 24h=80.56% | 48h=50.25%
2025-12-25 06:48:54,456 - INFO -   [20/27] 采集 UNI-USDT-SWAP...
2025-12-25 06:48:54,714 - INFO -     💰 当前价格: $5.802
2025-12-25 06:48:54,714 - INFO -     📊 位置: 4h=52.13% | 12h=46.67% | 24h=72.48% | 48h=44.17%
2025-12-25 06:48:55,215 - INFO -   [21/27] 采集 NEAR-USDT-SWAP...
2025-12-25 06:48:55,443 - INFO -     💰 当前价格: $1.498
2025-12-25 06:48:55,444 - INFO -     📊 位置: 4h=61.11% | 12h=79.1% | 24h=82.28% | 48h=67.01%
2025-12-25 06:48:55,944 - INFO -   [22/27] 采集 APT-USDT-SWAP...
2025-12-25 06:48:56,173 - INFO -     💰 当前价格: $1.664
2025-12-25 06:48:56,174 - INFO -     📊 位置: 4h=48.94% | 12h=73.03% | 24h=82.35% | 48h=82.35%
2025-12-25 06:48:56,674 - INFO -   [23/27] 采集 CFX-USDT-SWAP...
2025-12-25 06:48:56,913 - INFO -     💰 当前价格: $0.07613
2025-12-25 06:48:56,913 - INFO -     📊 位置: 4h=25.76% | 12h=64.19% | 24h=77.26% | 48h=77.26%
2025-12-25 06:48:57,414 - INFO -   [24/27] 采集 CRV-USDT-SWAP...
2025-12-25 06:48:57,646 - INFO -     💰 当前价格: $0.3792
2025-12-25 06:48:57,646 - INFO -     📊 位置: 4h=13.33% | 12h=50.46% | 24h=71.15% | 48h=75.0%
2025-12-25 06:48:58,147 - INFO -   [25/27] 采集 STX-USDT-SWAP...
2025-12-25 06:48:58,380 - INFO -     💰 当前价格: $0.2534
2025-12-25 06:48:58,380 - INFO -     📊 位置: 4h=83.33% | 12h=93.94% | 24h=96.3% | 48h=96.63%
2025-12-25 06:48:58,880 - INFO -   [26/27] 采集 LDO-USDT-SWAP...
2025-12-25 06:48:59,114 - INFO -     💰 当前价格: $0.5636
2025-12-25 06:48:59,115 - INFO -     📊 位置: 4h=96.11% | 12h=98.13% | 24h=98.6% | 48h=98.6%
2025-12-25 06:48:59,615 - INFO -   [27/27] 采集 TAO-USDT-SWAP...
2025-12-25 06:48:59,852 - INFO -     💰 当前价格: $222.7
2025-12-25 06:48:59,853 - INFO -     📊 位置: 4h=44.44% | 12h=84.04% | 24h=91.71% | 48h=91.71%
2025-12-25 06:49:00,360 - INFO - 💾 数据保存成功: 27 个币种
2025-12-25 06:49:00,364 - INFO - 📊 统计数据保存成功:
2025-12-25 06:49:00,365 - INFO -     4h低于1%: 0/27
2025-12-25 06:49:00,365 - INFO -    12h低于1%: 0/27
2025-12-25 06:49:00,365 - INFO -    24h低于1%: 0/27
2025-12-25 06:49:00,365 - INFO -    48h低于1%: 0/27
2025-12-25 06:49:00,365 - INFO - ✅ 数据采集完成: 成功 27/27
2025-12-25 06:49:00,365 - INFO - 🚀 位置系统采集器启动，采集间隔: 300秒
2025-12-25 06:49:00,366 - INFO - 📊 开始采集位置系统数据...
2025-12-25 06:49:00,366 - INFO - 📋 币种列表: 27 个币种
2025-12-25 06:49:00,366 - INFO -   [1/27] 采集 BTC-USDT-SWAP...
2025-12-25 06:49:00,595 - INFO -     💰 当前价格: $87783.7
2025-12-25 06:49:00,595 - INFO -     📊 位置: 4h=62.1% | 12h=65.81% | 24h=85.12% | 48h=72.3%
2025-12-25 06:49:01,095 - INFO -   [2/27] 采集 ETH-USDT-SWAP...
2025-12-25 06:49:01,331 - INFO -     💰 当前价格: $2941.33
2025-12-25 06:49:01,331 - INFO -     📊 位置: 4h=31.45% | 12h=22.53% | 24h=71.95% | 48h=54.9%
2025-12-25 06:49:01,831 - INFO -   [3/27] 采集 XRP-USDT-SWAP...
2025-12-25 06:49:02,066 - INFO -     💰 当前价格: $1.8744
2025-12-25 06:49:02,066 - INFO -     📊 位置: 4h=88.68% | 12h=94.85% | 24h=90.94% | 48h=56.22%
2025-12-25 06:49:02,566 - INFO -   [4/27] 采集 BNB-USDT-SWAP...
2025-12-25 06:49:02,803 - INFO -     💰 当前价格: $842.7
2025-12-25 06:49:02,803 - INFO -     📊 位置: 4h=27.91% | 12h=14.81% | 24h=54.0% | 48h=44.75%
2025-12-25 06:49:03,304 - INFO -   [5/27] 采集 SOL-USDT-SWAP...
2025-12-25 06:49:03,532 - INFO -     💰 当前价格: $122.4
2025-12-25 06:49:03,533 - INFO -     📊 位置: 4h=29.17% | 12h=31.69% | 24h=63.6% | 48h=37.08%
2025-12-25 06:49:04,033 - INFO -   [6/27] 采集 LTC-USDT-SWAP...
2025-12-25 06:49:04,261 - INFO -     💰 当前价格: $76.53
2025-12-25 06:49:04,261 - INFO -     📊 位置: 4h=80.0% | 12h=89.92% | 24h=84.66% | 48h=49.64%
2025-12-25 06:49:04,762 - INFO -   [7/27] 采集 DOGE-USDT-SWAP...
2025-12-25 06:49:04,999 - INFO -     💰 当前价格: $0.12847
2025-12-25 06:49:04,999 - INFO -     📊 位置: 4h=42.16% | 12h=49.71% | 24h=69.08% | 48h=42.08%
2025-12-25 06:49:05,499 - INFO -   [8/27] 采集 SUI-USDT-SWAP...
2025-12-25 06:49:05,746 - INFO -     💰 当前价格: $1.4158
2025-12-25 06:49:05,746 - INFO -     📊 位置: 4h=54.76% | 12h=40.89% | 24h=70.27% | 48h=41.03%
2025-12-25 06:49:06,246 - INFO -   [9/27] 采集 TRX-USDT-SWAP...
2025-12-25 06:49:06,470 - INFO -     💰 当前价格: $0.28036
2025-12-25 06:49:06,470 - INFO -     📊 位置: 4h=78.12% | 12h=59.0% | 24h=30.86% | 48h=27.35%
2025-12-25 06:49:06,971 - INFO -   [10/27] 采集 TON-USDT-SWAP...
2025-12-25 06:49:07,208 - INFO -     💰 当前价格: $1.518
2025-12-25 06:49:07,208 - INFO -     📊 位置: 4h=7.02% | 12h=42.39% | 24h=56.2% | 48h=59.23%
2025-12-25 06:49:07,708 - INFO -   [11/27] 采集 ETC-USDT-SWAP...
2025-12-25 06:49:07,942 - INFO -     💰 当前价格: $12.07
2025-12-25 06:49:07,943 - INFO -     📊 位置: 4h=45.45% | 12h=71.43% | 24h=82.86% | 48h=69.05%
2025-12-25 06:49:08,443 - INFO -   [12/27] 采集 BCH-USDT-SWAP...
2025-12-25 06:49:08,689 - INFO -     💰 当前价格: $573.9
2025-12-25 06:49:08,690 - INFO -     📊 位置: 4h=100.0% | 12h=99.08% | 24h=61.71% | 48h=44.26%
2025-12-25 06:49:09,190 - INFO -   [13/27] 采集 HBAR-USDT-SWAP...
2025-12-25 06:49:09,426 - INFO -     💰 当前价格: $0.11205
2025-12-25 06:49:09,426 - INFO -     📊 位置: 4h=87.56% | 12h=93.1% | 24h=93.81% | 48h=84.19%
2025-12-25 06:49:09,926 - INFO -   [14/27] 采集 XLM-USDT-SWAP...
2025-12-25 06:49:10,156 - INFO -     💰 当前价格: $0.21488
2025-12-25 06:49:10,157 - INFO -     📊 位置: 4h=64.8% | 12h=84.03% | 24h=84.28% | 48h=47.74%
2025-12-25 06:49:10,657 - INFO -   [15/27] 采集 FIL-USDT-SWAP...
2025-12-25 06:49:10,889 - INFO -     💰 当前价格: $1.281
2025-12-25 06:49:10,890 - INFO -     📊 位置: 4h=47.06% | 12h=65.38% | 24h=67.86% | 48h=21.11%
2025-12-25 06:49:11,390 - INFO -   [16/27] 采集 LINK-USDT-SWAP...
2025-12-25 06:49:11,628 - INFO -     💰 当前价格: $12.328
2025-12-25 06:49:11,629 - INFO -     📊 位置: 4h=69.57% | 12h=77.67% | 24h=87.89% | 48h=64.35%
2025-12-25 06:49:12,129 - INFO -   [17/27] 采集 CRO-USDT-SWAP...
2025-12-25 06:49:12,362 - INFO -     💰 当前价格: $0.0943
2025-12-25 06:49:12,362 - INFO -     📊 位置: 4h=84.78% | 12h=96.73% | 24h=96.74% | 48h=57.78%
2025-12-25 06:49:12,862 - INFO -   [18/27] 采集 DOT-USDT-SWAP...
2025-12-25 06:49:13,097 - INFO -     💰 当前价格: $1.742
2025-12-25 06:49:13,097 - INFO -     📊 位置: 4h=46.67% | 12h=75.68% | 24h=80.85% | 48h=46.34%
2025-12-25 06:49:13,598 - INFO -   [19/27] 采集 AAVE-USDT-SWAP...
2025-12-25 06:49:13,828 - INFO -     💰 当前价格: $150.42
2025-12-25 06:49:13,828 - INFO -     📊 位置: 4h=56.3% | 12h=76.17% | 24h=81.75% | 48h=50.99%
2025-12-25 06:49:14,329 - INFO -   [20/27] 采集 UNI-USDT-SWAP...
2025-12-25 06:49:14,555 - INFO -     💰 当前价格: $5.802
2025-12-25 06:49:14,555 - INFO -     📊 位置: 4h=52.13% | 12h=46.67% | 24h=72.48% | 48h=44.17%
2025-12-25 06:49:15,055 - INFO -   [21/27] 采集 NEAR-USDT-SWAP...
2025-12-25 06:49:15,297 - INFO -     💰 当前价格: $1.498
2025-12-25 06:49:15,297 - INFO -     📊 位置: 4h=61.11% | 12h=79.1% | 24h=82.28% | 48h=67.01%
2025-12-25 06:49:15,798 - INFO -   [22/27] 采集 APT-USDT-SWAP...
2025-12-25 06:49:16,028 - INFO -     💰 当前价格: $1.674
2025-12-25 06:49:16,028 - INFO -     📊 位置: 4h=70.21% | 12h=84.27% | 24h=89.71% | 48h=89.71%
2025-12-25 06:49:16,529 - INFO -   [23/27] 采集 CFX-USDT-SWAP...
2025-12-25 06:49:16,758 - INFO -     💰 当前价格: $0.07618
2025-12-25 06:49:16,758 - INFO -     📊 位置: 4h=28.28% | 12h=64.92% | 24h=77.73% | 48h=77.73%
2025-12-25 06:49:17,259 - INFO -   [24/27] 采集 CRV-USDT-SWAP...
2025-12-25 06:49:17,493 - INFO -     💰 当前价格: $0.3794
2025-12-25 06:49:17,493 - INFO -     📊 位置: 4h=16.67% | 12h=52.29% | 24h=72.12% | 48h=75.83%
2025-12-25 06:49:17,993 - INFO -   [25/27] 采集 STX-USDT-SWAP...
2025-12-25 06:49:18,233 - INFO -     💰 当前价格: $0.2535
2025-12-25 06:49:18,234 - INFO -     📊 位置: 4h=86.11% | 12h=94.95% | 24h=96.91% | 48h=97.19%
2025-12-25 06:49:18,734 - INFO -   [26/27] 采集 LDO-USDT-SWAP...
2025-12-25 06:49:18,973 - INFO -     💰 当前价格: $0.5637
2025-12-25 06:49:18,973 - INFO -     📊 位置: 4h=96.67% | 12h=98.4% | 24h=98.8% | 48h=98.8%
2025-12-25 06:49:19,474 - INFO -   [27/27] 采集 TAO-USDT-SWAP...
2025-12-25 06:49:19,703 - INFO -     💰 当前价格: $222.8
2025-12-25 06:49:19,704 - INFO -     📊 位置: 4h=48.15% | 12h=85.11% | 24h=92.27% | 48h=92.27%
2025-12-25 06:49:20,211 - INFO - 💾 数据保存成功: 27 个币种
2025-12-25 06:49:20,216 - INFO - 📊 统计数据保存成功:
2025-12-25 06:49:20,216 - INFO -     4h低于1%: 0/27
2025-12-25 06:49:20,217 - INFO -    12h低于1%: 0/27
2025-12-25 06:49:20,217 - INFO -    24h低于1%: 0/27
2025-12-25 06:49:20,217 - INFO -    48h低于1%: 0/27
2025-12-25 06:49:20,217 - INFO - ✅ 数据采集完成: 成功 27/27
2025-12-25 06:49:20,217 - INFO - ⏳ 等待 300 秒后进行下一次采集...

2025-12-25 06:53:40,935 - INFO - ⛔ 收到停止信号，退出采集器
2025-12-25 06:53:41,296 - INFO - ✅ 数据库初始化完成
2025-12-25 06:53:41,297 - INFO - 📊 开始采集位置系统数据...
2025-12-25 06:53:41,297 - INFO - 📋 币种列表: 27 个币种
2025-12-25 06:53:41,307 - INFO -   [1/27] 采集 BTC-USDT-SWAP...
2025-12-25 06:53:41,535 - INFO -     💰 当前价格: $87760.4
2025-12-25 06:53:41,536 - INFO -     📊 位置: 4h=53.63% | 12h=62.63% | 24h=83.73% | 48h=71.12%
2025-12-25 06:53:42,036 - INFO -   [2/27] 采集 ETH-USDT-SWAP...
2025-12-25 06:53:42,271 - INFO -     💰 当前价格: $2940.92
2025-12-25 06:53:42,272 - INFO -     📊 位置: 4h=28.76% | 12h=21.06% | 24h=71.42% | 48h=54.5%
2025-12-25 06:53:42,772 - INFO -   [3/27] 采集 XRP-USDT-SWAP...
2025-12-25 06:53:43,024 - INFO -     💰 当前价格: $1.873
2025-12-25 06:53:43,024 - INFO -     📊 位置: 4h=75.47% | 12h=88.84% | 24h=86.06% | 48h=54.17%
2025-12-25 06:53:43,525 - INFO -   [4/27] 采集 BNB-USDT-SWAP...
2025-12-25 06:53:43,787 - INFO -     💰 当前价格: $842.9
2025-12-25 06:53:43,787 - INFO -     📊 位置: 4h=32.56% | 12h=17.28% | 24h=55.33% | 48h=45.86%
2025-12-25 06:53:44,288 - INFO -   [5/27] 采集 SOL-USDT-SWAP...
2025-12-25 06:53:44,526 - INFO -     💰 当前价格: $122.38
2025-12-25 06:53:44,526 - INFO -     📊 位置: 4h=27.08% | 12h=30.28% | 24h=62.9% | 48h=36.69%
2025-12-25 06:53:45,027 - INFO -   [6/27] 采集 LTC-USDT-SWAP...
2025-12-25 06:53:45,264 - INFO -     💰 当前价格: $76.47
2025-12-25 06:53:45,264 - INFO -     📊 位置: 4h=70.77% | 12h=85.27% | 24h=80.98% | 48h=47.48%
2025-12-25 06:53:45,764 - INFO -   [7/27] 采集 DOGE-USDT-SWAP...
2025-12-25 06:53:46,002 - INFO -     💰 当前价格: $0.12829
2025-12-25 06:53:46,003 - INFO -     📊 位置: 4h=24.51% | 12h=39.18% | 24h=63.16% | 48h=38.48%
2025-12-25 06:53:46,503 - INFO -   [8/27] 采集 SUI-USDT-SWAP...
2025-12-25 06:53:46,729 - INFO -     💰 当前价格: $1.415
2025-12-25 06:53:46,729 - INFO -     📊 位置: 4h=48.41% | 12h=36.95% | 24h=68.3% | 48h=39.89%
2025-12-25 06:53:47,229 - INFO -   [9/27] 采集 TRX-USDT-SWAP...
2025-12-25 06:53:47,466 - INFO -     💰 当前价格: $0.28017
2025-12-25 06:53:47,467 - INFO -     📊 位置: 4h=48.44% | 12h=51.72% | 24h=27.05% | 48h=23.98%
2025-12-25 06:53:47,967 - INFO -   [10/27] 采集 TON-USDT-SWAP...
2025-12-25 06:53:48,194 - INFO -     💰 当前价格: $1.525
2025-12-25 06:53:48,195 - INFO -     📊 位置: 4h=19.3% | 12h=50.0% | 24h=61.98% | 48h=64.62%
2025-12-25 06:53:48,695 - INFO -   [11/27] 采集 ETC-USDT-SWAP...
2025-12-25 06:53:48,922 - INFO -     💰 当前价格: $12.06
2025-12-25 06:53:48,923 - INFO -     📊 位置: 4h=36.36% | 12h=66.67% | 24h=80.0% | 48h=66.67%
2025-12-25 06:53:49,423 - INFO -   [12/27] 采集 BCH-USDT-SWAP...
2025-12-25 06:53:49,666 - INFO -     💰 当前价格: $573.6
2025-12-25 06:53:49,667 - INFO -     📊 位置: 4h=93.88% | 12h=96.33% | 24h=60.0% | 48h=43.03%
2025-12-25 06:53:50,167 - INFO -   [13/27] 采集 HBAR-USDT-SWAP...
2025-12-25 06:53:50,401 - INFO -     💰 当前价格: $0.11202
2025-12-25 06:53:50,402 - INFO -     📊 位置: 4h=86.12% | 12h=92.31% | 24h=93.1% | 48h=83.55%
2025-12-25 06:53:50,902 - INFO -   [14/27] 采集 XLM-USDT-SWAP...
2025-12-25 06:53:51,145 - INFO -     💰 当前价格: $0.21449
2025-12-25 06:53:51,145 - INFO -     📊 位置: 4h=44.9% | 12h=75.0% | 24h=75.4% | 48h=42.71%
2025-12-25 06:53:51,645 - INFO -   [15/27] 采集 FIL-USDT-SWAP...
2025-12-25 06:53:51,878 - INFO -     💰 当前价格: $1.281
2025-12-25 06:53:51,878 - INFO -     📊 位置: 4h=47.06% | 12h=65.38% | 24h=67.86% | 48h=21.11%
2025-12-25 06:53:52,378 - INFO -   [16/27] 采集 LINK-USDT-SWAP...
2025-12-25 06:53:52,620 - INFO -     💰 当前价格: $12.322
2025-12-25 06:53:52,621 - INFO -     📊 位置: 4h=60.87% | 12h=74.76% | 24h=86.32% | 48h=63.2%
2025-12-25 06:53:53,121 - INFO -   [17/27] 采集 CRO-USDT-SWAP...
2025-12-25 06:53:53,365 - INFO -     💰 当前价格: $0.09425
2025-12-25 06:53:53,365 - INFO -     📊 位置: 4h=73.91% | 12h=94.39% | 24h=94.42% | 48h=56.39%
2025-12-25 06:53:53,866 - INFO -   [18/27] 采集 DOT-USDT-SWAP...
2025-12-25 06:53:54,097 - INFO -     💰 当前价格: $1.741
2025-12-25 06:53:54,098 - INFO -     📊 位置: 4h=40.0% | 12h=72.97% | 24h=78.72% | 48h=45.12%
2025-12-25 06:53:54,598 - INFO -   [19/27] 采集 AAVE-USDT-SWAP...
2025-12-25 06:53:54,830 - INFO -     💰 当前价格: $150.44
2025-12-25 06:53:54,830 - INFO -     📊 位置: 4h=57.98% | 12h=76.68% | 24h=82.14% | 48h=51.24%
2025-12-25 06:53:55,331 - INFO -   [20/27] 采集 UNI-USDT-SWAP...
2025-12-25 06:53:55,560 - INFO -     💰 当前价格: $5.802
2025-12-25 06:53:55,560 - INFO -     📊 位置: 4h=52.13% | 12h=46.67% | 24h=72.48% | 48h=44.17%
2025-12-25 06:53:56,060 - INFO -   [21/27] 采集 NEAR-USDT-SWAP...
2025-12-25 06:53:56,296 - INFO -     💰 当前价格: $1.495
2025-12-25 06:53:56,296 - INFO -     📊 位置: 4h=52.78% | 12h=74.63% | 24h=78.48% | 48h=63.92%
2025-12-25 06:53:56,796 - INFO -   [22/27] 采集 APT-USDT-SWAP...
2025-12-25 06:53:57,032 - INFO -     💰 当前价格: $1.679
2025-12-25 06:53:57,033 - INFO -     📊 位置: 4h=80.85% | 12h=89.89% | 24h=93.38% | 48h=93.38%
2025-12-25 06:53:57,533 - INFO -   [23/27] 采集 CFX-USDT-SWAP...
2025-12-25 06:53:57,762 - INFO -     💰 当前价格: $0.07523
2025-12-25 06:53:57,763 - INFO -     📊 位置: 4h=17.42% | 12h=51.09% | 24h=68.95% | 48h=68.95%
2025-12-25 06:53:58,263 - INFO -   [24/27] 采集 CRV-USDT-SWAP...
2025-12-25 06:53:58,491 - INFO -     💰 当前价格: $0.3791
2025-12-25 06:53:58,492 - INFO -     📊 位置: 4h=11.67% | 12h=49.54% | 24h=70.67% | 48h=74.58%
2025-12-25 06:53:58,992 - INFO -   [25/27] 采集 STX-USDT-SWAP...
2025-12-25 06:53:59,224 - INFO -     💰 当前价格: $0.2536
2025-12-25 06:53:59,225 - INFO -     📊 位置: 4h=88.89% | 12h=95.96% | 24h=97.53% | 48h=97.75%
2025-12-25 06:53:59,725 - INFO -   [26/27] 采集 LDO-USDT-SWAP...
2025-12-25 06:53:59,953 - INFO -     💰 当前价格: $0.5622
2025-12-25 06:53:59,953 - INFO -     📊 位置: 4h=88.33% | 12h=94.4% | 24h=95.8% | 48h=95.8%
2025-12-25 06:54:00,453 - INFO -   [27/27] 采集 TAO-USDT-SWAP...
2025-12-25 06:54:00,685 - INFO -     💰 当前价格: $222.6
2025-12-25 06:54:00,686 - INFO -     📊 位置: 4h=40.74% | 12h=82.98% | 24h=91.16% | 48h=91.16%
2025-12-25 06:54:01,191 - INFO - 💾 数据保存成功: 27 个币种
2025-12-25 06:54:01,195 - INFO - 📊 统计数据保存成功:
2025-12-25 06:54:01,196 - INFO -     4h低于1%: 0/27
2025-12-25 06:54:01,196 - INFO -    12h低于1%: 0/27
2025-12-25 06:54:01,196 - INFO -    24h低于1%: 0/27
2025-12-25 06:54:01,196 - INFO -    48h低于1%: 0/27
2025-12-25 06:54:01,196 - INFO - ✅ 数据采集完成: 成功 27/27
2025-12-25 06:54:01,196 - INFO - 🚀 位置系统采集器启动，采集间隔: 300秒
2025-12-25 06:54:01,196 - INFO - 📊 开始采集位置系统数据...
2025-12-25 06:54:01,197 - INFO - 📋 币种列表: 27 个币种
2025-12-25 06:54:01,197 - INFO -   [1/27] 采集 BTC-USDT-SWAP...
2025-12-25 06:54:01,434 - INFO -     💰 当前价格: $87760.3
2025-12-25 06:54:01,434 - INFO -     📊 位置: 4h=53.6% | 12h=62.62% | 24h=83.73% | 48h=71.12%
2025-12-25 06:54:01,934 - INFO -   [2/27] 采集 ETH-USDT-SWAP...
2025-12-25 06:54:02,172 - INFO -     💰 当前价格: $2941.12
2025-12-25 06:54:02,172 - INFO -     📊 位置: 4h=30.07% | 12h=21.78% | 24h=71.68% | 48h=54.69%
2025-12-25 06:54:02,673 - INFO -   [3/27] 采集 XRP-USDT-SWAP...
2025-12-25 06:54:02,901 - INFO -     💰 当前价格: $1.8731
2025-12-25 06:54:02,901 - INFO -     📊 位置: 4h=76.42% | 12h=89.27% | 24h=86.41% | 48h=54.32%
2025-12-25 06:54:03,402 - INFO -   [4/27] 采集 BNB-USDT-SWAP...
2025-12-25 06:54:03,635 - INFO -     💰 当前价格: $843.0
2025-12-25 06:54:03,635 - INFO -     📊 位置: 4h=34.88% | 12h=18.52% | 24h=56.0% | 48h=46.41%
2025-12-25 06:54:04,135 - INFO -   [5/27] 采集 SOL-USDT-SWAP...
2025-12-25 06:54:04,373 - INFO -     💰 当前价格: $122.38
2025-12-25 06:54:04,373 - INFO -     📊 位置: 4h=27.08% | 12h=30.28% | 24h=62.9% | 48h=36.69%
2025-12-25 06:54:04,873 - INFO -   [6/27] 采集 LTC-USDT-SWAP...
2025-12-25 06:54:05,107 - INFO -     💰 当前价格: $76.47
2025-12-25 06:54:05,108 - INFO -     📊 位置: 4h=70.77% | 12h=85.27% | 24h=80.98% | 48h=47.48%
2025-12-25 06:54:05,608 - INFO -   [7/27] 采集 DOGE-USDT-SWAP...
2025-12-25 06:54:05,849 - INFO -     💰 当前价格: $0.1283
2025-12-25 06:54:05,849 - INFO -     📊 位置: 4h=25.49% | 12h=39.77% | 24h=63.49% | 48h=38.68%
2025-12-25 06:54:06,350 - INFO -   [8/27] 采集 SUI-USDT-SWAP...
2025-12-25 06:54:06,597 - INFO -     💰 当前价格: $1.415
2025-12-25 06:54:06,597 - INFO -     📊 位置: 4h=48.41% | 12h=36.95% | 24h=68.3% | 48h=39.89%
2025-12-25 06:54:07,097 - INFO -   [9/27] 采集 TRX-USDT-SWAP...
2025-12-25 06:54:07,338 - INFO -     💰 当前价格: $0.28017
2025-12-25 06:54:07,339 - INFO -     📊 位置: 4h=48.44% | 12h=51.72% | 24h=27.05% | 48h=23.98%
2025-12-25 06:54:07,840 - INFO -   [10/27] 采集 TON-USDT-SWAP...
2025-12-25 06:54:08,066 - INFO -     💰 当前价格: $1.524
2025-12-25 06:54:08,067 - INFO -     📊 位置: 4h=17.54% | 12h=48.91% | 24h=61.16% | 48h=63.85%
2025-12-25 06:54:08,567 - INFO -   [11/27] 采集 ETC-USDT-SWAP...
2025-12-25 06:54:08,805 - INFO -     💰 当前价格: $12.07
2025-12-25 06:54:08,805 - INFO -     📊 位置: 4h=45.45% | 12h=71.43% | 24h=82.86% | 48h=69.05%
2025-12-25 06:54:09,306 - INFO -   [12/27] 采集 BCH-USDT-SWAP...
2025-12-25 06:54:09,535 - INFO -     💰 当前价格: $573.5
2025-12-25 06:54:09,536 - INFO -     📊 位置: 4h=91.84% | 12h=95.41% | 24h=59.43% | 48h=42.62%
2025-12-25 06:54:10,036 - INFO -   [13/27] 采集 HBAR-USDT-SWAP...
2025-12-25 06:54:10,262 - INFO -     💰 当前价格: $0.11202
2025-12-25 06:54:10,263 - INFO -     📊 位置: 4h=86.12% | 12h=92.31% | 24h=93.1% | 48h=83.55%
2025-12-25 06:54:10,763 - INFO -   [14/27] 采集 XLM-USDT-SWAP...
2025-12-25 06:54:10,999 - INFO -     💰 当前价格: $0.21449
2025-12-25 06:54:10,999 - INFO -     📊 位置: 4h=44.9% | 12h=75.0% | 24h=75.4% | 48h=42.71%
2025-12-25 06:54:11,500 - INFO -   [15/27] 采集 FIL-USDT-SWAP...
2025-12-25 06:54:11,722 - INFO -     💰 当前价格: $1.282
2025-12-25 06:54:11,722 - INFO -     📊 位置: 4h=52.94% | 12h=69.23% | 24h=71.43% | 48h=22.22%
2025-12-25 06:54:12,222 - INFO -   [16/27] 采集 LINK-USDT-SWAP...
2025-12-25 06:54:12,450 - INFO -     💰 当前价格: $12.319
2025-12-25 06:54:12,450 - INFO -     📊 位置: 4h=56.52% | 12h=73.3% | 24h=85.53% | 48h=62.62%
2025-12-25 06:54:12,950 - INFO -   [17/27] 采集 CRO-USDT-SWAP...
2025-12-25 06:54:13,183 - INFO -     💰 当前价格: $0.09425
2025-12-25 06:54:13,183 - INFO -     📊 位置: 4h=73.91% | 12h=94.39% | 24h=94.42% | 48h=56.39%
2025-12-25 06:54:13,683 - INFO -   [18/27] 采集 DOT-USDT-SWAP...
2025-12-25 06:54:13,919 - INFO -     💰 当前价格: $1.741
2025-12-25 06:54:13,919 - INFO -     📊 位置: 4h=40.0% | 12h=72.97% | 24h=78.72% | 48h=45.12%
2025-12-25 06:54:14,420 - INFO -   [19/27] 采集 AAVE-USDT-SWAP...
2025-12-25 06:54:14,647 - INFO -     💰 当前价格: $150.44
2025-12-25 06:54:14,648 - INFO -     📊 位置: 4h=57.98% | 12h=76.68% | 24h=82.14% | 48h=51.24%
2025-12-25 06:54:15,148 - INFO -   [20/27] 采集 UNI-USDT-SWAP...
2025-12-25 06:54:15,378 - INFO -     💰 当前价格: $5.802
2025-12-25 06:54:15,379 - INFO -     📊 位置: 4h=52.13% | 12h=46.67% | 24h=72.48% | 48h=44.17%
2025-12-25 06:54:15,879 - INFO -   [21/27] 采集 NEAR-USDT-SWAP...
2025-12-25 06:54:16,119 - INFO -     💰 当前价格: $1.495
2025-12-25 06:54:16,120 - INFO -     📊 位置: 4h=52.78% | 12h=74.63% | 24h=78.48% | 48h=63.92%
2025-12-25 06:54:16,620 - INFO -   [22/27] 采集 APT-USDT-SWAP...
2025-12-25 06:54:16,848 - INFO -     💰 当前价格: $1.679
2025-12-25 06:54:16,848 - INFO -     📊 位置: 4h=80.85% | 12h=89.89% | 24h=93.38% | 48h=93.38%
2025-12-25 06:54:17,349 - INFO -   [23/27] 采集 CFX-USDT-SWAP...
2025-12-25 06:54:17,588 - INFO -     💰 当前价格: $0.07523
2025-12-25 06:54:17,589 - INFO -     📊 位置: 4h=17.42% | 12h=51.09% | 24h=68.95% | 48h=68.95%
2025-12-25 06:54:18,089 - INFO -   [24/27] 采集 CRV-USDT-SWAP...
2025-12-25 06:54:18,329 - INFO -     💰 当前价格: $0.3793
2025-12-25 06:54:18,329 - INFO -     📊 位置: 4h=15.0% | 12h=51.38% | 24h=71.63% | 48h=75.42%
2025-12-25 06:54:18,829 - INFO -   [25/27] 采集 STX-USDT-SWAP...
2025-12-25 06:54:19,068 - INFO -     💰 当前价格: $0.2536
2025-12-25 06:54:19,068 - INFO -     📊 位置: 4h=88.89% | 12h=95.96% | 24h=97.53% | 48h=97.75%
2025-12-25 06:54:19,568 - INFO -   [26/27] 采集 LDO-USDT-SWAP...
2025-12-25 06:54:19,804 - INFO -     💰 当前价格: $0.5622
2025-12-25 06:54:19,804 - INFO -     📊 位置: 4h=88.33% | 12h=94.4% | 24h=95.8% | 48h=95.8%
2025-12-25 06:54:20,304 - INFO -   [27/27] 采集 TAO-USDT-SWAP...
2025-12-25 06:54:20,535 - INFO -     💰 当前价格: $222.6
2025-12-25 06:54:20,535 - INFO -     📊 位置: 4h=40.74% | 12h=82.98% | 24h=91.16% | 48h=91.16%
2025-12-25 06:54:21,045 - INFO - 💾 数据保存成功: 27 个币种
2025-12-25 06:54:21,050 - INFO - 📊 统计数据保存成功:
2025-12-25 06:54:21,050 - INFO -     4h低于1%: 0/27
2025-12-25 06:54:21,050 - INFO -    12h低于1%: 0/27
2025-12-25 06:54:21,050 - INFO -    24h低于1%: 0/27
2025-12-25 06:54:21,050 - INFO -    48h低于1%: 0/27
2025-12-25 06:54:21,050 - INFO - ✅ 数据采集完成: 成功 27/27
2025-12-25 06:54:21,050 - INFO - ⏳ 等待 300 秒后进行下一次采集...

2025-12-25 06:58:41,916 - INFO - ⛔ 收到停止信号，退出采集器
2025-12-25 06:58:42,257 - INFO - ✅ 数据库初始化完成
2025-12-25 06:58:42,258 - INFO - 📊 开始采集位置系统数据...
2025-12-25 06:58:42,258 - INFO - 📋 币种列表: 27 个币种
2025-12-25 06:58:42,268 - INFO -   [1/27] 采集 BTC-USDT-SWAP...
2025-12-25 06:58:42,502 - INFO -     💰 当前价格: $87784.6
2025-12-25 06:58:42,503 - INFO -     📊 位置: 4h=62.43% | 12h=65.93% | 24h=85.17% | 48h=72.34%
2025-12-25 06:58:43,003 - INFO -   [2/27] 采集 ETH-USDT-SWAP...
2025-12-25 06:58:43,237 - INFO -     💰 当前价格: $2942.0
2025-12-25 06:58:43,237 - INFO -     📊 位置: 4h=35.85% | 12h=24.95% | 24h=72.82% | 48h=55.57%
2025-12-25 06:58:43,738 - INFO -   [3/27] 采集 XRP-USDT-SWAP...
2025-12-25 06:58:43,977 - INFO -     💰 当前价格: $1.875
2025-12-25 06:58:43,977 - INFO -     📊 位置: 4h=92.59% | 12h=96.6% | 24h=93.03% | 48h=57.1%
2025-12-25 06:58:44,478 - INFO -   [4/27] 采集 BNB-USDT-SWAP...
2025-12-25 06:58:44,709 - INFO -     💰 当前价格: $843.2
2025-12-25 06:58:44,709 - INFO -     📊 位置: 4h=39.53% | 12h=20.99% | 24h=57.33% | 48h=47.51%
2025-12-25 06:58:45,210 - INFO -   [5/27] 采集 SOL-USDT-SWAP...
2025-12-25 06:58:45,458 - INFO -     💰 当前价格: $122.4
2025-12-25 06:58:45,458 - INFO -     📊 位置: 4h=29.17% | 12h=31.69% | 24h=63.6% | 48h=37.08%
2025-12-25 06:58:45,958 - INFO -   [6/27] 采集 LTC-USDT-SWAP...
2025-12-25 06:58:46,199 - INFO -     💰 当前价格: $76.44
2025-12-25 06:58:46,199 - INFO -     📊 位置: 4h=66.15% | 12h=82.95% | 24h=79.14% | 48h=46.4%
2025-12-25 06:58:46,699 - INFO -   [7/27] 采集 DOGE-USDT-SWAP...
2025-12-25 06:58:47,007 - INFO -     💰 当前价格: $0.12833
2025-12-25 06:58:47,007 - INFO -     📊 位置: 4h=28.43% | 12h=41.52% | 24h=64.47% | 48h=39.28%
2025-12-25 06:58:47,508 - INFO -   [8/27] 采集 SUI-USDT-SWAP...
2025-12-25 06:58:47,743 - INFO -     💰 当前价格: $1.4151
2025-12-25 06:58:47,743 - INFO -     📊 位置: 4h=49.21% | 12h=37.44% | 24h=68.55% | 48h=40.03%
2025-12-25 06:58:48,244 - INFO -   [9/27] 采集 TRX-USDT-SWAP...
2025-12-25 06:58:48,474 - INFO -     💰 当前价格: $0.28008
2025-12-25 06:58:48,474 - INFO -     📊 位置: 4h=34.37% | 12h=48.28% | 24h=25.25% | 48h=22.38%
2025-12-25 06:58:48,975 - INFO -   [10/27] 采集 TON-USDT-SWAP...
2025-12-25 06:58:49,222 - INFO -     💰 当前价格: $1.527
2025-12-25 06:58:49,223 - INFO -     📊 位置: 4h=22.81% | 12h=52.17% | 24h=63.64% | 48h=66.15%
2025-12-25 06:58:49,723 - INFO -   [11/27] 采集 ETC-USDT-SWAP...
2025-12-25 06:58:49,958 - INFO -     💰 当前价格: $12.07
2025-12-25 06:58:49,959 - INFO -     📊 位置: 4h=45.45% | 12h=71.43% | 24h=82.86% | 48h=69.05%
2025-12-25 06:58:50,459 - INFO -   [12/27] 采集 BCH-USDT-SWAP...
2025-12-25 06:58:50,687 - INFO -     💰 当前价格: $573.8
2025-12-25 06:58:50,688 - INFO -     📊 位置: 4h=92.31% | 12h=96.4% | 24h=61.14% | 48h=43.85%
2025-12-25 06:58:51,188 - INFO -   [13/27] 采集 HBAR-USDT-SWAP...
2025-12-25 06:58:51,418 - INFO -     💰 当前价格: $0.11203
2025-12-25 06:58:51,418 - INFO -     📊 位置: 4h=86.6% | 12h=92.57% | 24h=93.33% | 48h=83.76%
2025-12-25 06:58:51,919 - INFO -   [14/27] 采集 XLM-USDT-SWAP...
2025-12-25 06:58:52,167 - INFO -     💰 当前价格: $0.21459
2025-12-25 06:58:52,167 - INFO -     📊 位置: 4h=50.0% | 12h=77.31% | 24h=77.68% | 48h=44.0%
2025-12-25 06:58:52,668 - INFO -   [15/27] 采集 FIL-USDT-SWAP...
2025-12-25 06:58:52,896 - INFO -     💰 当前价格: $1.282
2025-12-25 06:58:52,896 - INFO -     📊 位置: 4h=52.94% | 12h=69.23% | 24h=71.43% | 48h=22.22%
2025-12-25 06:58:53,396 - INFO -   [16/27] 采集 LINK-USDT-SWAP...
2025-12-25 06:58:53,628 - INFO -     💰 当前价格: $12.319
2025-12-25 06:58:53,629 - INFO -     📊 位置: 4h=56.52% | 12h=73.3% | 24h=85.53% | 48h=62.62%
2025-12-25 06:58:54,129 - INFO -   [17/27] 采集 CRO-USDT-SWAP...
2025-12-25 06:58:54,358 - INFO -     💰 当前价格: $0.09424
2025-12-25 06:58:54,358 - INFO -     📊 位置: 4h=71.74% | 12h=93.93% | 24h=93.95% | 48h=56.11%
2025-12-25 06:58:54,859 - INFO -   [18/27] 采集 DOT-USDT-SWAP...
2025-12-25 06:58:55,099 - INFO -     💰 当前价格: $1.741
2025-12-25 06:58:55,099 - INFO -     📊 位置: 4h=40.0% | 12h=72.97% | 24h=78.72% | 48h=45.12%
2025-12-25 06:58:55,600 - INFO -   [19/27] 采集 AAVE-USDT-SWAP...
2025-12-25 06:58:55,842 - INFO -     💰 当前价格: $150.88
2025-12-25 06:58:55,843 - INFO -     📊 位置: 4h=94.96% | 12h=88.08% | 24h=90.87% | 48h=56.68%
2025-12-25 06:58:56,343 - INFO -   [20/27] 采集 UNI-USDT-SWAP...
2025-12-25 06:58:56,571 - INFO -     💰 当前价格: $5.808
2025-12-25 06:58:56,572 - INFO -     📊 位置: 4h=58.51% | 12h=52.38% | 24h=74.5% | 48h=45.4%
2025-12-25 06:58:57,072 - INFO -   [21/27] 采集 NEAR-USDT-SWAP...
2025-12-25 06:58:57,303 - INFO -     💰 当前价格: $1.496
2025-12-25 06:58:57,304 - INFO -     📊 位置: 4h=55.56% | 12h=76.12% | 24h=79.75% | 48h=64.95%
2025-12-25 06:58:57,804 - INFO -   [22/27] 采集 APT-USDT-SWAP...
2025-12-25 06:58:58,044 - INFO -     💰 当前价格: $1.676
2025-12-25 06:58:58,044 - INFO -     📊 位置: 4h=74.47% | 12h=86.52% | 24h=91.18% | 48h=91.18%
2025-12-25 06:58:58,545 - INFO -   [23/27] 采集 CFX-USDT-SWAP...
2025-12-25 06:58:58,783 - INFO -     💰 当前价格: $0.07495
2025-12-25 06:58:58,784 - INFO -     📊 位置: 4h=7.67% | 12h=47.02% | 24h=66.36% | 48h=66.36%
2025-12-25 06:58:59,284 - INFO -   [24/27] 采集 CRV-USDT-SWAP...
2025-12-25 06:58:59,521 - INFO -     💰 当前价格: $0.3795
2025-12-25 06:58:59,522 - INFO -     📊 位置: 4h=18.33% | 12h=53.21% | 24h=72.6% | 48h=76.25%
2025-12-25 06:59:00,022 - INFO -   [25/27] 采集 STX-USDT-SWAP...
2025-12-25 06:59:00,254 - INFO -     💰 当前价格: $0.2536
2025-12-25 06:59:00,254 - INFO -     📊 位置: 4h=88.89% | 12h=95.96% | 24h=97.53% | 48h=97.75%
2025-12-25 06:59:00,754 - INFO -   [26/27] 采集 LDO-USDT-SWAP...
2025-12-25 06:59:00,985 - INFO -     💰 当前价格: $0.5622
2025-12-25 06:59:00,985 - INFO -     📊 位置: 4h=88.33% | 12h=94.4% | 24h=95.8% | 48h=95.8%
2025-12-25 06:59:01,485 - INFO -   [27/27] 采集 TAO-USDT-SWAP...
2025-12-25 06:59:01,720 - INFO -     💰 当前价格: $222.7
2025-12-25 06:59:01,720 - INFO -     📊 位置: 4h=44.44% | 12h=84.04% | 24h=91.71% | 48h=91.71%
2025-12-25 06:59:02,227 - INFO - 💾 数据保存成功: 27 个币种
2025-12-25 06:59:02,232 - INFO - 📊 统计数据保存成功:
2025-12-25 06:59:02,232 - INFO -     4h低于1%: 0/27
2025-12-25 06:59:02,233 - INFO -    12h低于1%: 0/27
2025-12-25 06:59:02,233 - INFO -    24h低于1%: 0/27
2025-12-25 06:59:02,233 - INFO -    48h低于1%: 0/27
2025-12-25 06:59:02,233 - INFO - ✅ 数据采集完成: 成功 27/27
2025-12-25 06:59:02,233 - INFO - 🚀 位置系统采集器启动，采集间隔: 300秒
2025-12-25 06:59:02,233 - INFO - 📊 开始采集位置系统数据...
2025-12-25 06:59:02,233 - INFO - 📋 币种列表: 27 个币种
2025-12-25 06:59:02,234 - INFO -   [1/27] 采集 BTC-USDT-SWAP...
2025-12-25 06:59:02,468 - INFO -     💰 当前价格: $87784.7
2025-12-25 06:59:02,468 - INFO -     📊 位置: 4h=62.46% | 12h=65.94% | 24h=85.18% | 48h=72.35%
2025-12-25 06:59:02,968 - INFO -   [2/27] 采集 ETH-USDT-SWAP...
2025-12-25 06:59:03,195 - INFO -     💰 当前价格: $2942.16
2025-12-25 06:59:03,196 - INFO -     📊 位置: 4h=36.9% | 12h=25.52% | 24h=73.03% | 48h=55.73%
2025-12-25 06:59:03,696 - INFO -   [3/27] 采集 XRP-USDT-SWAP...
2025-12-25 06:59:03,941 - INFO -     💰 当前价格: $1.8754
2025-12-25 06:59:03,941 - INFO -     📊 位置: 4h=96.3% | 12h=98.3% | 24h=94.43% | 48h=57.69%
2025-12-25 06:59:04,441 - INFO -   [4/27] 采集 BNB-USDT-SWAP...
2025-12-25 06:59:04,677 - INFO -     💰 当前价格: $843.2
2025-12-25 06:59:04,677 - INFO -     📊 位置: 4h=39.53% | 12h=20.99% | 24h=57.33% | 48h=47.51%
2025-12-25 06:59:05,177 - INFO -   [5/27] 采集 SOL-USDT-SWAP...
2025-12-25 06:59:05,401 - INFO -     💰 当前价格: $122.42
2025-12-25 06:59:05,401 - INFO -     📊 位置: 4h=31.25% | 12h=33.1% | 24h=64.31% | 48h=37.48%
2025-12-25 06:59:05,902 - INFO -   [6/27] 采集 LTC-USDT-SWAP...
2025-12-25 06:59:06,131 - INFO -     💰 当前价格: $76.45
2025-12-25 06:59:06,131 - INFO -     📊 位置: 4h=67.69% | 12h=83.72% | 24h=79.75% | 48h=46.76%
2025-12-25 06:59:06,632 - INFO -   [7/27] 采集 DOGE-USDT-SWAP...
2025-12-25 06:59:06,856 - INFO -     💰 当前价格: $0.12834
2025-12-25 06:59:06,856 - INFO -     📊 位置: 4h=29.41% | 12h=42.11% | 24h=64.8% | 48h=39.48%
2025-12-25 06:59:07,356 - INFO -   [8/27] 采集 SUI-USDT-SWAP...
2025-12-25 06:59:07,593 - INFO -     💰 当前价格: $1.4151
2025-12-25 06:59:07,593 - INFO -     📊 位置: 4h=49.21% | 12h=37.44% | 24h=68.55% | 48h=40.03%
2025-12-25 06:59:08,093 - INFO -   [9/27] 采集 TRX-USDT-SWAP...
2025-12-25 06:59:08,319 - INFO -     💰 当前价格: $0.28008
2025-12-25 06:59:08,320 - INFO -     📊 位置: 4h=34.37% | 12h=48.28% | 24h=25.25% | 48h=22.38%
2025-12-25 06:59:08,820 - INFO -   [10/27] 采集 TON-USDT-SWAP...
2025-12-25 06:59:09,049 - INFO -     💰 当前价格: $1.527
2025-12-25 06:59:09,049 - INFO -     📊 位置: 4h=22.81% | 12h=52.17% | 24h=63.64% | 48h=66.15%
2025-12-25 06:59:09,550 - INFO -   [11/27] 采集 ETC-USDT-SWAP...
2025-12-25 06:59:09,784 - INFO -     💰 当前价格: $12.07
2025-12-25 06:59:09,784 - INFO -     📊 位置: 4h=45.45% | 12h=71.43% | 24h=82.86% | 48h=69.05%
2025-12-25 06:59:10,284 - INFO -   [12/27] 采集 BCH-USDT-SWAP...
2025-12-25 06:59:10,519 - INFO -     💰 当前价格: $573.8
2025-12-25 06:59:10,519 - INFO -     📊 位置: 4h=92.31% | 12h=96.4% | 24h=61.14% | 48h=43.85%
2025-12-25 06:59:11,019 - INFO -   [13/27] 采集 HBAR-USDT-SWAP...
2025-12-25 06:59:11,262 - INFO -     💰 当前价格: $0.112
2025-12-25 06:59:11,263 - INFO -     📊 位置: 4h=85.17% | 12h=91.78% | 24h=92.62% | 48h=83.12%
2025-12-25 06:59:11,763 - INFO -   [14/27] 采集 XLM-USDT-SWAP...
2025-12-25 06:59:11,989 - INFO -     💰 当前价格: $0.21459
2025-12-25 06:59:11,989 - INFO -     📊 位置: 4h=50.0% | 12h=77.31% | 24h=77.68% | 48h=44.0%
2025-12-25 06:59:12,490 - INFO -   [15/27] 采集 FIL-USDT-SWAP...
2025-12-25 06:59:12,717 - INFO -     💰 当前价格: $1.282
2025-12-25 06:59:12,717 - INFO -     📊 位置: 4h=52.94% | 12h=69.23% | 24h=71.43% | 48h=22.22%
2025-12-25 06:59:13,218 - INFO -   [16/27] 采集 LINK-USDT-SWAP...
2025-12-25 06:59:13,457 - INFO -     💰 当前价格: $12.318
2025-12-25 06:59:13,457 - INFO -     📊 位置: 4h=55.07% | 12h=72.82% | 24h=85.26% | 48h=62.43%
2025-12-25 06:59:13,958 - INFO -   [17/27] 采集 CRO-USDT-SWAP...
2025-12-25 06:59:14,187 - INFO -     💰 当前价格: $0.09424
2025-12-25 06:59:14,188 - INFO -     📊 位置: 4h=71.74% | 12h=93.93% | 24h=93.95% | 48h=56.11%
2025-12-25 06:59:14,688 - INFO -   [18/27] 采集 DOT-USDT-SWAP...
2025-12-25 06:59:14,916 - INFO -     💰 当前价格: $1.741
2025-12-25 06:59:14,916 - INFO -     📊 位置: 4h=40.0% | 12h=72.97% | 24h=78.72% | 48h=45.12%
2025-12-25 06:59:15,416 - INFO -   [19/27] 采集 AAVE-USDT-SWAP...
2025-12-25 06:59:15,654 - INFO -     💰 当前价格: $150.88
2025-12-25 06:59:15,655 - INFO -     📊 位置: 4h=94.96% | 12h=88.08% | 24h=90.87% | 48h=56.68%
2025-12-25 06:59:16,155 - INFO -   [20/27] 采集 UNI-USDT-SWAP...
2025-12-25 06:59:16,386 - INFO -     💰 当前价格: $5.806
2025-12-25 06:59:16,387 - INFO -     📊 位置: 4h=56.38% | 12h=50.48% | 24h=73.83% | 48h=44.99%
2025-12-25 06:59:16,887 - INFO -   [21/27] 采集 NEAR-USDT-SWAP...
2025-12-25 06:59:17,125 - INFO -     💰 当前价格: $1.495
2025-12-25 06:59:17,125 - INFO -     📊 位置: 4h=52.78% | 12h=74.63% | 24h=78.48% | 48h=63.92%
2025-12-25 06:59:17,626 - INFO -   [22/27] 采集 APT-USDT-SWAP...
2025-12-25 06:59:17,861 - INFO -     💰 当前价格: $1.675
2025-12-25 06:59:17,861 - INFO -     📊 位置: 4h=72.34% | 12h=85.39% | 24h=90.44% | 48h=90.44%
2025-12-25 06:59:18,361 - INFO -   [23/27] 采集 CFX-USDT-SWAP...
2025-12-25 06:59:18,594 - INFO -     💰 当前价格: $0.07499
2025-12-25 06:59:18,595 - INFO -     📊 位置: 4h=9.06% | 12h=47.6% | 24h=66.73% | 48h=66.73%
2025-12-25 06:59:19,095 - INFO -   [24/27] 采集 CRV-USDT-SWAP...
2025-12-25 06:59:19,330 - INFO -     💰 当前价格: $0.3793
2025-12-25 06:59:19,331 - INFO -     📊 位置: 4h=15.0% | 12h=51.38% | 24h=71.63% | 48h=75.42%
2025-12-25 06:59:19,831 - INFO -   [25/27] 采集 STX-USDT-SWAP...
2025-12-25 06:59:20,069 - INFO -     💰 当前价格: $0.2536
2025-12-25 06:59:20,069 - INFO -     📊 位置: 4h=88.89% | 12h=95.96% | 24h=97.53% | 48h=97.75%
2025-12-25 06:59:20,569 - INFO -   [26/27] 采集 LDO-USDT-SWAP...
2025-12-25 06:59:20,875 - INFO -     💰 当前价格: $0.5622
2025-12-25 06:59:20,875 - INFO -     📊 位置: 4h=88.33% | 12h=94.4% | 24h=95.8% | 48h=95.8%
2025-12-25 06:59:21,376 - INFO -   [27/27] 采集 TAO-USDT-SWAP...
2025-12-25 06:59:21,609 - INFO -     💰 当前价格: $222.7
2025-12-25 06:59:21,609 - INFO -     📊 位置: 4h=44.44% | 12h=84.04% | 24h=91.71% | 48h=91.71%
2025-12-25 06:59:22,118 - INFO - 💾 数据保存成功: 27 个币种
2025-12-25 06:59:22,123 - INFO - 📊 统计数据保存成功:
2025-12-25 06:59:22,123 - INFO -     4h低于1%: 0/27
2025-12-25 06:59:22,123 - INFO -    12h低于1%: 0/27
2025-12-25 06:59:22,123 - INFO -    24h低于1%: 0/27
2025-12-25 06:59:22,123 - INFO -    48h低于1%: 0/27
2025-12-25 06:59:22,123 - INFO - ✅ 数据采集完成: 成功 27/27
2025-12-25 06:59:22,124 - INFO - ⏳ 等待 300 秒后进行下一次采集...

2025-12-25 07:03:42,865 - INFO - ⛔ 收到停止信号，退出采集器
2025-12-25 07:03:43,201 - INFO - ✅ 数据库初始化完成
2025-12-25 07:03:43,202 - INFO - 📊 开始采集位置系统数据...
2025-12-25 07:03:43,202 - INFO - 📋 币种列表: 27 个币种
2025-12-25 07:03:43,212 - INFO -   [1/27] 采集 BTC-USDT-SWAP...
2025-12-25 07:03:43,443 - INFO -     💰 当前价格: $87782.4
2025-12-25 07:03:43,443 - INFO -     📊 位置: 4h=84.38% | 12h=54.94% | 24h=85.04% | 48h=72.23%
2025-12-25 07:03:43,943 - INFO -   [2/27] 采集 ETH-USDT-SWAP...
2025-12-25 07:03:44,175 - INFO -     💰 当前价格: $2941.6
2025-12-25 07:03:44,175 - INFO -     📊 位置: 4h=46.77% | 12h=23.51% | 24h=72.3% | 48h=55.17%
2025-12-25 07:03:44,676 - INFO -   [3/27] 采集 XRP-USDT-SWAP...
2025-12-25 07:03:44,912 - INFO -     💰 当前价格: $1.8743
2025-12-25 07:03:44,913 - INFO -     📊 位置: 4h=86.11% | 12h=92.65% | 24h=90.59% | 48h=56.08%
2025-12-25 07:03:45,413 - INFO -   [4/27] 采集 BNB-USDT-SWAP...
2025-12-25 07:03:45,641 - INFO -     💰 当前价格: $842.5
2025-12-25 07:03:45,641 - INFO -     📊 位置: 4h=30.3% | 12h=12.35% | 24h=52.67% | 48h=43.65%
2025-12-25 07:03:46,142 - INFO -   [5/27] 采集 SOL-USDT-SWAP...
2025-12-25 07:03:46,376 - INFO -     💰 当前价格: $122.37
2025-12-25 07:03:46,376 - INFO -     📊 位置: 4h=37.31% | 12h=25.37% | 24h=62.54% | 48h=36.49%
2025-12-25 07:03:46,876 - INFO -   [6/27] 采集 LTC-USDT-SWAP...
2025-12-25 07:03:47,102 - INFO -     💰 当前价格: $76.39
2025-12-25 07:03:47,102 - INFO -     📊 位置: 4h=55.74% | 12h=79.07% | 24h=76.07% | 48h=44.6%
2025-12-25 07:03:47,603 - INFO -   [7/27] 采集 DOGE-USDT-SWAP...
2025-12-25 07:03:47,838 - INFO -     💰 当前价格: $0.12824
2025-12-25 07:03:47,839 - INFO -     📊 位置: 4h=26.32% | 12h=26.35% | 24h=61.51% | 48h=37.47%
2025-12-25 07:03:48,339 - INFO -   [8/27] 采集 SUI-USDT-SWAP...
2025-12-25 07:03:48,569 - INFO -     💰 当前价格: $1.4145
2025-12-25 07:03:48,570 - INFO -     📊 位置: 4h=50.45% | 12h=34.48% | 24h=67.08% | 48h=39.17%
2025-12-25 07:03:49,070 - INFO -   [9/27] 采集 TRX-USDT-SWAP...
2025-12-25 07:03:49,310 - INFO -     💰 当前价格: $0.28023
2025-12-25 07:03:49,311 - INFO -     📊 位置: 4h=59.68% | 12h=56.63% | 24h=28.26% | 48h=25.04%
2025-12-25 07:03:49,811 - INFO -   [10/27] 采集 TON-USDT-SWAP...
2025-12-25 07:03:50,036 - INFO -     💰 当前价格: $1.531
2025-12-25 07:03:50,037 - INFO -     📊 位置: 4h=28.57% | 12h=56.52% | 24h=66.94% | 48h=69.23%
2025-12-25 07:03:50,537 - INFO -   [11/27] 采集 ETC-USDT-SWAP...
2025-12-25 07:03:50,769 - INFO -     💰 当前价格: $12.05
2025-12-25 07:03:50,769 - INFO -     📊 位置: 4h=42.86% | 12h=55.56% | 24h=77.14% | 48h=64.29%
2025-12-25 07:03:51,269 - INFO -   [12/27] 采集 BCH-USDT-SWAP...
2025-12-25 07:03:51,498 - INFO -     💰 当前价格: $573.5
2025-12-25 07:03:51,498 - INFO -     📊 位置: 4h=86.54% | 12h=93.69% | 24h=59.43% | 48h=42.62%
2025-12-25 07:03:51,998 - INFO -   [13/27] 采集 HBAR-USDT-SWAP...
2025-12-25 07:03:52,240 - INFO -     💰 当前价格: $0.11185
2025-12-25 07:03:52,241 - INFO -     📊 位置: 4h=77.67% | 12h=87.15% | 24h=89.05% | 48h=79.91%
2025-12-25 07:03:52,741 - INFO -   [14/27] 采集 XLM-USDT-SWAP...
2025-12-25 07:03:52,975 - INFO -     💰 当前价格: $0.21442
2025-12-25 07:03:52,975 - INFO -     📊 位置: 4h=25.32% | 12h=72.22% | 24h=73.8% | 48h=41.81%
2025-12-25 07:03:53,475 - INFO -   [15/27] 采集 FIL-USDT-SWAP...
2025-12-25 07:03:53,715 - INFO -     💰 当前价格: $1.282
2025-12-25 07:03:53,716 - INFO -     📊 位置: 4h=81.82% | 12h=66.67% | 24h=71.43% | 48h=22.22%
2025-12-25 07:03:54,216 - INFO -   [16/27] 采集 LINK-USDT-SWAP...
2025-12-25 07:03:54,450 - INFO -     💰 当前价格: $12.312
2025-12-25 07:03:54,450 - INFO -     📊 位置: 4h=48.48% | 12h=59.74% | 24h=83.68% | 48h=61.27%
2025-12-25 07:03:54,950 - INFO -   [17/27] 采集 CRO-USDT-SWAP...
2025-12-25 07:03:55,191 - INFO -     💰 当前价格: $0.09425
2025-12-25 07:03:55,191 - INFO -     📊 位置: 4h=73.33% | 12h=93.26% | 24h=94.42% | 48h=56.39%
2025-12-25 07:03:55,692 - INFO -   [18/27] 采集 DOT-USDT-SWAP...
2025-12-25 07:03:55,934 - INFO -     💰 当前价格: $1.741
2025-12-25 07:03:55,934 - INFO -     📊 位置: 4h=50.0% | 12h=62.96% | 24h=78.72% | 48h=45.12%
2025-12-25 07:03:56,435 - INFO -   [19/27] 采集 AAVE-USDT-SWAP...
2025-12-25 07:03:56,864 - INFO -     💰 当前价格: $150.4
2025-12-25 07:03:56,865 - INFO -     📊 位置: 4h=52.34% | 12h=75.65% | 24h=81.35% | 48h=59.08%
2025-12-25 07:03:57,365 - INFO -   [20/27] 采集 UNI-USDT-SWAP...
2025-12-25 07:03:57,597 - INFO -     💰 当前价格: $5.796
2025-12-25 07:03:57,597 - INFO -     📊 位置: 4h=54.43% | 12h=40.95% | 24h=70.17% | 48h=42.94%
2025-12-25 07:03:58,097 - INFO -   [21/27] 采集 NEAR-USDT-SWAP...
2025-12-25 07:03:58,337 - INFO -     💰 当前价格: $1.492
2025-12-25 07:03:58,337 - INFO -     📊 位置: 4h=31.03% | 12h=67.74% | 24h=74.68% | 48h=60.82%
2025-12-25 07:03:58,837 - INFO -   [22/27] 采集 APT-USDT-SWAP...
2025-12-25 07:03:59,079 - INFO -     💰 当前价格: $1.666
2025-12-25 07:03:59,079 - INFO -     📊 位置: 4h=53.19% | 12h=71.79% | 24h=83.82% | 48h=83.82%
2025-12-25 07:03:59,580 - INFO -   [23/27] 采集 CFX-USDT-SWAP...
2025-12-25 07:03:59,815 - INFO -     💰 当前价格: $0.07512
2025-12-25 07:03:59,815 - INFO -     📊 位置: 4h=13.59% | 12h=43.67% | 24h=67.93% | 48h=67.93%
2025-12-25 07:04:00,315 - INFO -   [24/27] 采集 CRV-USDT-SWAP...
2025-12-25 07:04:00,634 - INFO -     💰 当前价格: $0.3794
2025-12-25 07:04:00,634 - INFO -     📊 位置: 4h=21.74% | 12h=52.29% | 24h=72.12% | 48h=75.83%
2025-12-25 07:04:01,134 - INFO -   [25/27] 采集 STX-USDT-SWAP...
2025-12-25 07:04:01,374 - INFO -     💰 当前价格: $0.2536
2025-12-25 07:04:01,375 - INFO -     📊 位置: 4h=85.19% | 12h=95.24% | 24h=97.53% | 48h=97.75%
2025-12-25 07:04:01,875 - INFO -   [26/27] 采集 LDO-USDT-SWAP...
2025-12-25 07:04:02,106 - INFO -     💰 当前价格: $0.5628
2025-12-25 07:04:02,106 - INFO -     📊 位置: 4h=89.8% | 12h=95.44% | 24h=97.0% | 48h=97.0%
2025-12-25 07:04:02,607 - INFO -   [27/27] 采集 TAO-USDT-SWAP...
2025-12-25 07:04:02,844 - INFO -     💰 当前价格: $222.6
2025-12-25 07:04:02,844 - INFO -     📊 位置: 4h=40.74% | 12h=82.98% | 24h=90.96% | 48h=91.16%
2025-12-25 07:04:03,351 - INFO - 💾 数据保存成功: 27 个币种
2025-12-25 07:04:03,356 - INFO - 📊 统计数据保存成功:
2025-12-25 07:04:03,357 - INFO -     4h低于1%: 0/27
2025-12-25 07:04:03,357 - INFO -    12h低于1%: 0/27
2025-12-25 07:04:03,357 - INFO -    24h低于1%: 0/27
2025-12-25 07:04:03,357 - INFO -    48h低于1%: 0/27
2025-12-25 07:04:03,357 - INFO - ✅ 数据采集完成: 成功 27/27
2025-12-25 07:04:03,357 - INFO - 🚀 位置系统采集器启动，采集间隔: 300秒
2025-12-25 07:04:03,357 - INFO - 📊 开始采集位置系统数据...
2025-12-25 07:04:03,357 - INFO - 📋 币种列表: 27 个币种
2025-12-25 07:04:03,358 - INFO -   [1/27] 采集 BTC-USDT-SWAP...
2025-12-25 07:04:03,594 - INFO -     💰 当前价格: $87762.7
2025-12-25 07:04:03,594 - INFO -     📊 位置: 4h=74.58% | 12h=51.42% | 24h=83.87% | 48h=71.24%
2025-12-25 07:04:04,095 - INFO -   [2/27] 采集 ETH-USDT-SWAP...
2025-12-25 07:04:04,335 - INFO -     💰 当前价格: $2940.31
2025-12-25 07:04:04,335 - INFO -     📊 位置: 4h=34.84% | 12h=18.86% | 24h=70.62% | 48h=53.89%
2025-12-25 07:04:04,836 - INFO -   [3/27] 采集 XRP-USDT-SWAP...
2025-12-25 07:04:05,066 - INFO -     💰 当前价格: $1.8745
2025-12-25 07:04:05,066 - INFO -     📊 位置: 4h=87.96% | 12h=93.63% | 24h=91.29% | 48h=56.37%
2025-12-25 07:04:05,566 - INFO -   [4/27] 采集 BNB-USDT-SWAP...
2025-12-25 07:04:05,799 - INFO -     💰 当前价格: $842.5
2025-12-25 07:04:05,800 - INFO -     📊 位置: 4h=30.3% | 12h=12.35% | 24h=52.67% | 48h=43.65%
2025-12-25 07:04:06,300 - INFO -   [5/27] 采集 SOL-USDT-SWAP...
2025-12-25 07:04:06,543 - INFO -     💰 当前价格: $122.28
2025-12-25 07:04:06,544 - INFO -     📊 位置: 4h=23.88% | 12h=18.66% | 24h=59.36% | 48h=34.71%
2025-12-25 07:04:07,044 - INFO -   [6/27] 采集 LTC-USDT-SWAP...
2025-12-25 07:04:07,434 - INFO -     💰 当前价格: $76.4
2025-12-25 07:04:07,435 - INFO -     📊 位置: 4h=57.38% | 12h=79.84% | 24h=76.69% | 48h=44.96%
2025-12-25 07:04:07,935 - INFO -   [7/27] 采集 DOGE-USDT-SWAP...
2025-12-25 07:04:08,164 - INFO -     💰 当前价格: $0.12817
2025-12-25 07:04:08,164 - INFO -     📊 位置: 4h=17.11% | 12h=21.62% | 24h=59.21% | 48h=36.07%
2025-12-25 07:04:08,665 - INFO -   [8/27] 采集 SUI-USDT-SWAP...
2025-12-25 07:04:08,892 - INFO -     💰 当前价格: $1.4136
2025-12-25 07:04:08,892 - INFO -     📊 位置: 4h=42.34% | 12h=30.05% | 24h=64.86% | 48h=37.88%
2025-12-25 07:04:09,393 - INFO -   [9/27] 采集 TRX-USDT-SWAP...
2025-12-25 07:04:09,626 - INFO -     💰 当前价格: $0.28022
2025-12-25 07:04:09,626 - INFO -     📊 位置: 4h=58.06% | 12h=56.22% | 24h=28.06% | 48h=24.87%
2025-12-25 07:04:10,126 - INFO -   [10/27] 采集 TON-USDT-SWAP...
2025-12-25 07:04:10,370 - INFO -     💰 当前价格: $1.529
2025-12-25 07:04:10,370 - INFO -     📊 位置: 4h=25.0% | 12h=54.35% | 24h=65.29% | 48h=67.69%
2025-12-25 07:04:10,870 - INFO -   [11/27] 采集 ETC-USDT-SWAP...
2025-12-25 07:04:11,102 - INFO -     💰 当前价格: $12.04
2025-12-25 07:04:11,102 - INFO -     📊 位置: 4h=28.57% | 12h=50.0% | 24h=74.29% | 48h=61.9%
2025-12-25 07:04:11,603 - INFO -   [12/27] 采集 BCH-USDT-SWAP...
2025-12-25 07:04:11,827 - INFO -     💰 当前价格: $573.4
2025-12-25 07:04:11,827 - INFO -     📊 位置: 4h=84.62% | 12h=92.79% | 24h=58.86% | 48h=42.21%
2025-12-25 07:04:12,327 - INFO -   [13/27] 采集 HBAR-USDT-SWAP...
2025-12-25 07:04:12,552 - INFO -     💰 当前价格: $0.11189
2025-12-25 07:04:12,552 - INFO -     📊 位置: 4h=79.61% | 12h=88.27% | 24h=90.0% | 48h=80.77%
2025-12-25 07:04:13,052 - INFO -   [14/27] 采集 XLM-USDT-SWAP...
2025-12-25 07:04:13,310 - INFO -     💰 当前价格: $0.2144
2025-12-25 07:04:13,310 - INFO -     📊 位置: 4h=24.03% | 12h=71.74% | 24h=73.35% | 48h=41.55%
2025-12-25 07:04:13,811 - INFO -   [15/27] 采集 FIL-USDT-SWAP...
2025-12-25 07:04:14,044 - INFO -     💰 当前价格: $1.281
2025-12-25 07:04:14,045 - INFO -     📊 位置: 4h=72.73% | 12h=62.5% | 24h=67.86% | 48h=21.11%
2025-12-25 07:04:14,545 - INFO -   [16/27] 采集 LINK-USDT-SWAP...
2025-12-25 07:04:14,776 - INFO -     💰 当前价格: $12.303
2025-12-25 07:04:14,777 - INFO -     📊 位置: 4h=34.85% | 12h=53.9% | 24h=81.32% | 48h=59.54%
2025-12-25 07:04:15,277 - INFO -   [17/27] 采集 CRO-USDT-SWAP...
2025-12-25 07:04:15,506 - INFO -     💰 当前价格: $0.09422
2025-12-25 07:04:15,506 - INFO -     📊 位置: 4h=66.67% | 12h=91.57% | 24h=93.02% | 48h=55.56%
2025-12-25 07:04:16,006 - INFO -   [18/27] 采集 DOT-USDT-SWAP...
2025-12-25 07:04:16,251 - INFO -     💰 当前价格: $1.74
2025-12-25 07:04:16,251 - INFO -     📊 位置: 4h=41.67% | 12h=59.26% | 24h=76.6% | 48h=43.9%
2025-12-25 07:04:16,752 - INFO -   [19/27] 采集 AAVE-USDT-SWAP...
2025-12-25 07:04:16,984 - INFO -     💰 当前价格: $150.33
2025-12-25 07:04:16,984 - INFO -     📊 位置: 4h=45.79% | 12h=73.83% | 24h=79.96% | 48h=58.07%
2025-12-25 07:04:17,484 - INFO -   [20/27] 采集 UNI-USDT-SWAP...
2025-12-25 07:04:17,723 - INFO -     💰 当前价格: $5.796
2025-12-25 07:04:17,724 - INFO -     📊 位置: 4h=54.43% | 12h=40.95% | 24h=70.17% | 48h=42.94%
2025-12-25 07:04:18,224 - INFO -   [21/27] 采集 NEAR-USDT-SWAP...
2025-12-25 07:04:18,449 - INFO -     💰 当前价格: $1.491
2025-12-25 07:04:18,449 - INFO -     📊 位置: 4h=27.59% | 12h=66.13% | 24h=73.42% | 48h=59.79%
2025-12-25 07:04:18,949 - INFO -   [22/27] 采集 APT-USDT-SWAP...
2025-12-25 07:04:19,188 - INFO -     💰 当前价格: $1.664
2025-12-25 07:04:19,188 - INFO -     📊 位置: 4h=48.94% | 12h=69.23% | 24h=82.35% | 48h=82.35%
2025-12-25 07:04:19,688 - INFO -   [23/27] 采集 CFX-USDT-SWAP...
2025-12-25 07:04:19,923 - INFO -     💰 当前价格: $0.07498
2025-12-25 07:04:19,923 - INFO -     📊 位置: 4h=8.71% | 12h=41.4% | 24h=66.64% | 48h=66.64%
2025-12-25 07:04:20,424 - INFO -   [24/27] 采集 CRV-USDT-SWAP...
2025-12-25 07:04:20,657 - INFO -     💰 当前价格: $0.3791
2025-12-25 07:04:20,658 - INFO -     📊 位置: 4h=15.22% | 12h=49.54% | 24h=70.67% | 48h=74.58%
2025-12-25 07:04:21,158 - INFO -   [25/27] 采集 STX-USDT-SWAP...
2025-12-25 07:04:21,396 - INFO -     💰 当前价格: $0.2536
2025-12-25 07:04:21,397 - INFO -     📊 位置: 4h=85.19% | 12h=95.24% | 24h=97.53% | 48h=97.75%
2025-12-25 07:04:21,897 - INFO -   [26/27] 采集 LDO-USDT-SWAP...
2025-12-25 07:04:22,131 - INFO -     💰 当前价格: $0.5623
2025-12-25 07:04:22,131 - INFO -     📊 位置: 4h=86.39% | 12h=93.92% | 24h=96.0% | 48h=96.0%
2025-12-25 07:04:22,632 - INFO -   [27/27] 采集 TAO-USDT-SWAP...
2025-12-25 07:04:22,865 - INFO -     💰 当前价格: $222.2
2025-12-25 07:04:22,865 - INFO -     📊 位置: 4h=25.93% | 12h=78.72% | 24h=88.7% | 48h=88.95%
2025-12-25 07:04:23,375 - INFO - 💾 数据保存成功: 27 个币种
2025-12-25 07:04:23,381 - INFO - 📊 统计数据保存成功:
2025-12-25 07:04:23,381 - INFO -     4h低于1%: 0/27
2025-12-25 07:04:23,382 - INFO -    12h低于1%: 0/27
2025-12-25 07:04:23,382 - INFO -    24h低于1%: 0/27
2025-12-25 07:04:23,382 - INFO -    48h低于1%: 0/27
2025-12-25 07:04:23,382 - INFO - ✅ 数据采集完成: 成功 27/27
2025-12-25 07:04:23,383 - INFO - ⏳ 等待 300 秒后进行下一次采集...

2025-12-25 07:08:43,685 - INFO - ⛔ 收到停止信号，退出采集器
2025-12-25 07:08:44,019 - INFO - ✅ 数据库初始化完成
2025-12-25 07:08:44,019 - INFO - 📊 开始采集位置系统数据...
2025-12-25 07:08:44,019 - INFO - 📋 币种列表: 27 个币种
2025-12-25 07:08:44,029 - INFO -   [1/27] 采集 BTC-USDT-SWAP...
2025-12-25 07:08:44,261 - INFO -     💰 当前价格: $87778.0
2025-12-25 07:08:44,261 - INFO -     📊 位置: 4h=82.19% | 12h=54.16% | 24h=84.78% | 48h=72.01%
2025-12-25 07:08:44,762 - INFO -   [2/27] 采集 ETH-USDT-SWAP...
2025-12-25 07:08:44,995 - INFO -     💰 当前价格: $2941.79
2025-12-25 07:08:44,995 - INFO -     📊 位置: 4h=48.52% | 12h=24.19% | 24h=72.55% | 48h=55.36%
2025-12-25 07:08:45,496 - INFO -   [3/27] 采集 XRP-USDT-SWAP...
2025-12-25 07:08:45,738 - INFO -     💰 当前价格: $1.8729
2025-12-25 07:08:45,738 - INFO -     📊 位置: 4h=73.15% | 12h=85.78% | 24h=85.71% | 48h=54.03%
2025-12-25 07:08:46,238 - INFO -   [4/27] 采集 BNB-USDT-SWAP...
2025-12-25 07:08:46,484 - INFO -     💰 当前价格: $842.3
2025-12-25 07:08:46,484 - INFO -     📊 位置: 4h=24.24% | 12h=9.88% | 24h=51.33% | 48h=42.54%
2025-12-25 07:08:46,984 - INFO -   [5/27] 采集 SOL-USDT-SWAP...
2025-12-25 07:08:47,212 - INFO -     💰 当前价格: $122.33
2025-12-25 07:08:47,212 - INFO -     📊 位置: 4h=31.34% | 12h=22.39% | 24h=61.13% | 48h=35.7%
2025-12-25 07:08:47,712 - INFO -   [6/27] 采集 LTC-USDT-SWAP...
2025-12-25 07:08:47,951 - INFO -     💰 当前价格: $76.37
2025-12-25 07:08:47,952 - INFO -     📊 位置: 4h=52.46% | 12h=77.52% | 24h=74.85% | 48h=43.88%
2025-12-25 07:08:48,452 - INFO -   [7/27] 采集 DOGE-USDT-SWAP...
2025-12-25 07:08:48,689 - INFO -     💰 当前价格: $0.12814
2025-12-25 07:08:48,689 - INFO -     📊 位置: 4h=13.16% | 12h=19.59% | 24h=58.22% | 48h=35.47%
2025-12-25 07:08:49,190 - INFO -   [8/27] 采集 SUI-USDT-SWAP...
2025-12-25 07:08:49,427 - INFO -     💰 当前价格: $1.413
2025-12-25 07:08:49,427 - INFO -     📊 位置: 4h=36.94% | 12h=27.09% | 24h=63.39% | 48h=37.02%
2025-12-25 07:08:49,927 - INFO -   [9/27] 采集 TRX-USDT-SWAP...
2025-12-25 07:08:50,157 - INFO -     💰 当前价格: $0.28027
2025-12-25 07:08:50,157 - INFO -     📊 位置: 4h=66.13% | 12h=58.23% | 24h=29.06% | 48h=25.75%
2025-12-25 07:08:50,657 - INFO -   [10/27] 采集 TON-USDT-SWAP...
2025-12-25 07:08:50,897 - INFO -     💰 当前价格: $1.522
2025-12-25 07:08:50,898 - INFO -     📊 位置: 4h=12.5% | 12h=46.74% | 24h=59.5% | 48h=62.31%
2025-12-25 07:08:51,398 - INFO -   [11/27] 采集 ETC-USDT-SWAP...
2025-12-25 07:08:51,623 - INFO -     💰 当前价格: $12.04
2025-12-25 07:08:51,623 - INFO -     📊 位置: 4h=28.57% | 12h=50.0% | 24h=74.29% | 48h=61.9%
2025-12-25 07:08:52,123 - INFO -   [12/27] 采集 BCH-USDT-SWAP...
2025-12-25 07:08:52,355 - INFO -     💰 当前价格: $574.3
2025-12-25 07:08:52,356 - INFO -     📊 位置: 4h=100.0% | 12h=100.0% | 24h=64.0% | 48h=45.9%
2025-12-25 07:08:52,856 - INFO -   [13/27] 采集 HBAR-USDT-SWAP...
2025-12-25 07:08:53,096 - INFO -     💰 当前价格: $0.11165
2025-12-25 07:08:53,097 - INFO -     📊 位置: 4h=67.96% | 12h=81.56% | 24h=84.29% | 48h=75.64%
2025-12-25 07:08:53,597 - INFO -   [14/27] 采集 XLM-USDT-SWAP...
2025-12-25 07:08:53,824 - INFO -     💰 当前价格: $0.21412
2025-12-25 07:08:53,824 - INFO -     📊 位置: 4h=5.84% | 12h=64.98% | 24h=66.97% | 48h=37.94%
2025-12-25 07:08:54,324 - INFO -   [15/27] 采集 FIL-USDT-SWAP...
2025-12-25 07:08:54,555 - INFO -     💰 当前价格: $1.28
2025-12-25 07:08:54,556 - INFO -     📊 位置: 4h=63.64% | 12h=58.33% | 24h=64.29% | 48h=20.0%
2025-12-25 07:08:55,056 - INFO -   [16/27] 采集 LINK-USDT-SWAP...
2025-12-25 07:08:55,287 - INFO -     💰 当前价格: $12.3
2025-12-25 07:08:55,287 - INFO -     📊 位置: 4h=30.3% | 12h=51.95% | 24h=80.53% | 48h=58.96%
2025-12-25 07:08:55,788 - INFO -   [17/27] 采集 CRO-USDT-SWAP...
2025-12-25 07:08:56,024 - INFO -     💰 当前价格: $0.0942
2025-12-25 07:08:56,024 - INFO -     📊 位置: 4h=62.22% | 12h=90.45% | 24h=92.09% | 48h=55.0%
2025-12-25 07:08:56,525 - INFO -   [18/27] 采集 DOT-USDT-SWAP...
2025-12-25 07:08:56,758 - INFO -     💰 当前价格: $1.739
2025-12-25 07:08:56,758 - INFO -     📊 位置: 4h=33.33% | 12h=55.56% | 24h=74.47% | 48h=42.68%
2025-12-25 07:08:57,259 - INFO -   [19/27] 采集 AAVE-USDT-SWAP...
2025-12-25 07:08:57,485 - INFO -     💰 当前价格: $150.44
2025-12-25 07:08:57,486 - INFO -     📊 位置: 4h=56.07% | 12h=76.68% | 24h=82.14% | 48h=59.65%
2025-12-25 07:08:57,986 - INFO -   [20/27] 采集 UNI-USDT-SWAP...
2025-12-25 07:08:58,218 - INFO -     💰 当前价格: $5.797
2025-12-25 07:08:58,219 - INFO -     📊 位置: 4h=55.7% | 12h=41.9% | 24h=70.51% | 48h=43.15%
2025-12-25 07:08:58,719 - INFO -   [21/27] 采集 NEAR-USDT-SWAP...
2025-12-25 07:08:58,951 - INFO -     💰 当前价格: $1.489
2025-12-25 07:08:58,952 - INFO -     📊 位置: 4h=20.69% | 12h=62.9% | 24h=70.89% | 48h=57.73%
2025-12-25 07:08:59,452 - INFO -   [22/27] 采集 APT-USDT-SWAP...
2025-12-25 07:08:59,681 - INFO -     💰 当前价格: $1.675
2025-12-25 07:08:59,681 - INFO -     📊 位置: 4h=72.34% | 12h=83.33% | 24h=90.44% | 48h=90.44%
2025-12-25 07:09:00,182 - INFO -   [23/27] 采集 CFX-USDT-SWAP...
2025-12-25 07:09:00,571 - INFO -     💰 当前价格: $0.07516
2025-12-25 07:09:00,571 - INFO -     📊 位置: 4h=14.98% | 12h=44.32% | 24h=68.3% | 48h=68.3%
2025-12-25 07:09:01,071 - INFO -   [24/27] 采集 CRV-USDT-SWAP...
2025-12-25 07:09:01,294 - INFO -     💰 当前价格: $0.3786
2025-12-25 07:09:01,295 - INFO -     📊 位置: 4h=4.35% | 12h=44.95% | 24h=68.27% | 48h=72.5%
2025-12-25 07:09:01,795 - INFO -   [25/27] 采集 STX-USDT-SWAP...
2025-12-25 07:09:02,038 - INFO -     💰 当前价格: $0.2543
2025-12-25 07:09:02,038 - INFO -     📊 位置: 4h=83.33% | 12h=93.55% | 24h=96.49% | 48h=96.79%
2025-12-25 07:09:02,539 - INFO -   [26/27] 采集 LDO-USDT-SWAP...
2025-12-25 07:09:02,775 - INFO -     💰 当前价格: $0.5612
2025-12-25 07:09:02,775 - INFO -     📊 位置: 4h=78.91% | 12h=90.58% | 24h=93.8% | 48h=93.8%
2025-12-25 07:09:03,275 - INFO -   [27/27] 采集 TAO-USDT-SWAP...
2025-12-25 07:09:03,507 - INFO -     💰 当前价格: $222.8
2025-12-25 07:09:03,508 - INFO -     📊 位置: 4h=48.15% | 12h=85.11% | 24h=92.09% | 48h=92.27%
2025-12-25 07:09:04,014 - INFO - 💾 数据保存成功: 27 个币种
2025-12-25 07:09:04,019 - INFO - 📊 统计数据保存成功:
2025-12-25 07:09:04,020 - INFO -     4h低于1%: 0/27
2025-12-25 07:09:04,020 - INFO -    12h低于1%: 0/27
2025-12-25 07:09:04,020 - INFO -    24h低于1%: 0/27
2025-12-25 07:09:04,020 - INFO -    48h低于1%: 0/27
2025-12-25 07:09:04,020 - INFO - ✅ 数据采集完成: 成功 27/27
2025-12-25 07:09:04,020 - INFO - 🚀 位置系统采集器启动，采集间隔: 300秒
2025-12-25 07:09:04,020 - INFO - 📊 开始采集位置系统数据...
2025-12-25 07:09:04,020 - INFO - 📋 币种列表: 27 个币种
2025-12-25 07:09:04,021 - INFO -   [1/27] 采集 BTC-USDT-SWAP...
2025-12-25 07:09:04,262 - INFO -     💰 当前价格: $87773.0
2025-12-25 07:09:04,262 - INFO -     📊 位置: 4h=79.7% | 12h=53.26% | 24h=84.48% | 48h=71.76%
2025-12-25 07:09:04,764 - INFO -   [2/27] 采集 ETH-USDT-SWAP...
2025-12-25 07:09:05,001 - INFO -     💰 当前价格: $2941.65
2025-12-25 07:09:05,002 - INFO -     📊 位置: 4h=47.23% | 12h=23.69% | 24h=72.37% | 48h=55.22%
2025-12-25 07:09:05,502 - INFO -   [3/27] 采集 XRP-USDT-SWAP...
2025-12-25 07:09:05,741 - INFO -     💰 当前价格: $1.8731
2025-12-25 07:09:05,741 - INFO -     📊 位置: 4h=75.0% | 12h=86.76% | 24h=86.41% | 48h=54.32%
2025-12-25 07:09:06,241 - INFO -   [4/27] 采集 BNB-USDT-SWAP...
2025-12-25 07:09:06,475 - INFO -     💰 当前价格: $842.3
2025-12-25 07:09:06,475 - INFO -     📊 位置: 4h=24.24% | 12h=9.88% | 24h=51.33% | 48h=42.54%
2025-12-25 07:09:06,975 - INFO -   [5/27] 采集 SOL-USDT-SWAP...
2025-12-25 07:09:07,328 - INFO -     💰 当前价格: $122.29
2025-12-25 07:09:07,328 - INFO -     📊 位置: 4h=25.37% | 12h=19.4% | 24h=59.72% | 48h=34.91%
2025-12-25 07:09:07,829 - INFO -   [6/27] 采集 LTC-USDT-SWAP...
2025-12-25 07:09:08,060 - INFO -     💰 当前价格: $76.39
2025-12-25 07:09:08,060 - INFO -     📊 位置: 4h=55.74% | 12h=79.07% | 24h=76.07% | 48h=44.6%
2025-12-25 07:09:08,561 - INFO -   [7/27] 采集 DOGE-USDT-SWAP...
2025-12-25 07:09:08,894 - INFO -     💰 当前价格: $0.12812
2025-12-25 07:09:08,895 - INFO -     📊 位置: 4h=10.53% | 12h=18.24% | 24h=57.57% | 48h=35.07%
2025-12-25 07:09:09,395 - INFO -   [8/27] 采集 SUI-USDT-SWAP...
2025-12-25 07:09:09,622 - INFO -     💰 当前价格: $1.4129
2025-12-25 07:09:09,622 - INFO -     📊 位置: 4h=36.04% | 12h=26.6% | 24h=63.14% | 48h=36.87%
2025-12-25 07:09:10,123 - INFO -   [9/27] 采集 TRX-USDT-SWAP...
2025-12-25 07:09:10,357 - INFO -     💰 当前价格: $0.28027
2025-12-25 07:09:10,358 - INFO -     📊 位置: 4h=66.13% | 12h=58.23% | 24h=29.06% | 48h=25.75%
2025-12-25 07:09:10,858 - INFO -   [10/27] 采集 TON-USDT-SWAP...
2025-12-25 07:09:11,094 - INFO -     💰 当前价格: $1.523
2025-12-25 07:09:11,094 - INFO -     📊 位置: 4h=14.29% | 12h=47.83% | 24h=60.33% | 48h=63.08%
2025-12-25 07:09:11,595 - INFO -   [11/27] 采集 ETC-USDT-SWAP...
2025-12-25 07:09:11,831 - INFO -     💰 当前价格: $12.04
2025-12-25 07:09:11,831 - INFO -     📊 位置: 4h=28.57% | 12h=50.0% | 24h=74.29% | 48h=61.9%
2025-12-25 07:09:12,332 - INFO -   [12/27] 采集 BCH-USDT-SWAP...
2025-12-25 07:09:12,560 - INFO -     💰 当前价格: $574.2
2025-12-25 07:09:12,561 - INFO -     📊 位置: 4h=96.3% | 12h=98.23% | 24h=63.43% | 48h=45.49%
2025-12-25 07:09:13,061 - INFO -   [13/27] 采集 HBAR-USDT-SWAP...
2025-12-25 07:09:13,290 - INFO -     💰 当前价格: $0.11167
2025-12-25 07:09:13,290 - INFO -     📊 位置: 4h=68.93% | 12h=82.12% | 24h=84.76% | 48h=76.07%
2025-12-25 07:09:13,791 - INFO -   [14/27] 采集 XLM-USDT-SWAP...
2025-12-25 07:09:14,017 - INFO -     💰 当前价格: $0.21412
2025-12-25 07:09:14,018 - INFO -     📊 位置: 4h=5.84% | 12h=64.98% | 24h=66.97% | 48h=37.94%
2025-12-25 07:09:14,518 - INFO -   [15/27] 采集 FIL-USDT-SWAP...
2025-12-25 07:09:14,749 - INFO -     💰 当前价格: $1.281
2025-12-25 07:09:14,749 - INFO -     📊 位置: 4h=72.73% | 12h=62.5% | 24h=67.86% | 48h=21.11%
2025-12-25 07:09:15,250 - INFO -   [16/27] 采集 LINK-USDT-SWAP...
2025-12-25 07:09:15,489 - INFO -     💰 当前价格: $12.301
2025-12-25 07:09:15,489 - INFO -     📊 位置: 4h=31.82% | 12h=52.6% | 24h=80.79% | 48h=59.15%
2025-12-25 07:09:15,989 - INFO -   [17/27] 采集 CRO-USDT-SWAP...
2025-12-25 07:09:16,226 - INFO -     💰 当前价格: $0.0942
2025-12-25 07:09:16,226 - INFO -     📊 位置: 4h=62.22% | 12h=90.45% | 24h=92.09% | 48h=55.0%
2025-12-25 07:09:16,726 - INFO -   [18/27] 采集 DOT-USDT-SWAP...
2025-12-25 07:09:16,955 - INFO -     💰 当前价格: $1.739
2025-12-25 07:09:16,955 - INFO -     📊 位置: 4h=33.33% | 12h=55.56% | 24h=74.47% | 48h=42.68%
2025-12-25 07:09:17,456 - INFO -   [19/27] 采集 AAVE-USDT-SWAP...
2025-12-25 07:09:17,685 - INFO -     💰 当前价格: $150.44
2025-12-25 07:09:17,685 - INFO -     📊 位置: 4h=56.07% | 12h=76.68% | 24h=82.14% | 48h=59.65%
2025-12-25 07:09:18,185 - INFO -   [20/27] 采集 UNI-USDT-SWAP...
2025-12-25 07:09:18,427 - INFO -     💰 当前价格: $5.795
2025-12-25 07:09:18,427 - INFO -     📊 位置: 4h=53.16% | 12h=40.0% | 24h=69.83% | 48h=42.74%
2025-12-25 07:09:18,928 - INFO -   [21/27] 采集 NEAR-USDT-SWAP...
2025-12-25 07:09:19,167 - INFO -     💰 当前价格: $1.489
2025-12-25 07:09:19,167 - INFO -     📊 位置: 4h=20.69% | 12h=62.9% | 24h=70.89% | 48h=57.73%
2025-12-25 07:09:19,667 - INFO -   [22/27] 采集 APT-USDT-SWAP...
2025-12-25 07:09:19,906 - INFO -     💰 当前价格: $1.674
2025-12-25 07:09:19,906 - INFO -     📊 位置: 4h=70.21% | 12h=82.05% | 24h=89.71% | 48h=89.71%
2025-12-25 07:09:20,406 - INFO -   [23/27] 采集 CFX-USDT-SWAP...
2025-12-25 07:09:20,643 - INFO -     💰 当前价格: $0.07511
2025-12-25 07:09:20,643 - INFO -     📊 位置: 4h=13.24% | 12h=43.51% | 24h=67.84% | 48h=67.84%
2025-12-25 07:09:21,143 - INFO -   [24/27] 采集 CRV-USDT-SWAP...
2025-12-25 07:09:21,398 - INFO -     💰 当前价格: $0.3786
2025-12-25 07:09:21,398 - INFO -     📊 位置: 4h=4.35% | 12h=44.95% | 24h=68.27% | 48h=72.5%
2025-12-25 07:09:21,899 - INFO -   [25/27] 采集 STX-USDT-SWAP...
2025-12-25 07:09:22,137 - INFO -     💰 当前价格: $0.2543
2025-12-25 07:09:22,138 - INFO -     📊 位置: 4h=83.33% | 12h=93.55% | 24h=96.49% | 48h=96.79%
2025-12-25 07:09:22,638 - INFO -   [26/27] 采集 LDO-USDT-SWAP...
2025-12-25 07:09:22,871 - INFO -     💰 当前价格: $0.5612
2025-12-25 07:09:22,872 - INFO -     📊 位置: 4h=78.91% | 12h=90.58% | 24h=93.8% | 48h=93.8%
2025-12-25 07:09:23,372 - INFO -   [27/27] 采集 TAO-USDT-SWAP...
2025-12-25 07:09:23,604 - INFO -     💰 当前价格: $222.9
2025-12-25 07:09:23,604 - INFO -     📊 位置: 4h=51.85% | 12h=86.17% | 24h=92.66% | 48h=92.82%
2025-12-25 07:09:24,111 - INFO - 💾 数据保存成功: 27 个币种
2025-12-25 07:09:24,116 - INFO - 📊 统计数据保存成功:
2025-12-25 07:09:24,116 - INFO -     4h低于1%: 0/27
2025-12-25 07:09:24,116 - INFO -    12h低于1%: 0/27
2025-12-25 07:09:24,117 - INFO -    24h低于1%: 0/27
2025-12-25 07:09:24,117 - INFO -    48h低于1%: 0/27
2025-12-25 07:09:24,117 - INFO - ✅ 数据采集完成: 成功 27/27
2025-12-25 07:09:24,117 - INFO - ⏳ 等待 300 秒后进行下一次采集...

2025-12-25 07:13:44,459 - INFO - ⛔ 收到停止信号，退出采集器
2025-12-25 07:13:44,802 - INFO - ✅ 数据库初始化完成
2025-12-25 07:13:44,802 - INFO - 📊 开始采集位置系统数据...
2025-12-25 07:13:44,802 - INFO - 📋 币种列表: 27 个币种
2025-12-25 07:13:44,813 - INFO -   [1/27] 采集 BTC-USDT-SWAP...
2025-12-25 07:13:45,042 - INFO -     💰 当前价格: $87760.3
2025-12-25 07:13:45,043 - INFO -     📊 位置: 4h=73.38% | 12h=50.99% | 24h=83.73% | 48h=71.12%
2025-12-25 07:13:45,543 - INFO -   [2/27] 采集 ETH-USDT-SWAP...
2025-12-25 07:13:45,788 - INFO -     💰 当前价格: $2940.57
2025-12-25 07:13:45,788 - INFO -     📊 位置: 4h=37.25% | 12h=19.8% | 24h=70.96% | 48h=54.15%
2025-12-25 07:13:46,289 - INFO -   [3/27] 采集 XRP-USDT-SWAP...
2025-12-25 07:13:46,525 - INFO -     💰 当前价格: $1.8733
2025-12-25 07:13:46,525 - INFO -     📊 位置: 4h=76.85% | 12h=87.75% | 24h=87.11% | 48h=54.61%
2025-12-25 07:13:47,026 - INFO -   [4/27] 采集 BNB-USDT-SWAP...
2025-12-25 07:13:47,254 - INFO -     💰 当前价格: $842.0
2025-12-25 07:13:47,254 - INFO -     📊 位置: 4h=15.15% | 12h=6.17% | 24h=49.33% | 48h=40.88%
2025-12-25 07:13:47,755 - INFO -   [5/27] 采集 SOL-USDT-SWAP...
2025-12-25 07:13:47,988 - INFO -     💰 当前价格: $122.2
2025-12-25 07:13:47,988 - INFO -     📊 位置: 4h=20.27% | 12h=12.69% | 24h=56.54% | 48h=33.14%
2025-12-25 07:13:48,488 - INFO -   [6/27] 采集 LTC-USDT-SWAP...
2025-12-25 07:13:48,716 - INFO -     💰 当前价格: $76.34
2025-12-25 07:13:48,717 - INFO -     📊 位置: 4h=47.54% | 12h=75.19% | 24h=73.01% | 48h=42.81%
2025-12-25 07:13:49,217 - INFO -   [7/27] 采集 DOGE-USDT-SWAP...
2025-12-25 07:13:49,455 - INFO -     💰 当前价格: $0.12804
2025-12-25 07:13:49,456 - INFO -     📊 位置: 4h=8.43% | 12h=12.84% | 24h=54.93% | 48h=33.47%
2025-12-25 07:13:49,956 - INFO -   [8/27] 采集 SUI-USDT-SWAP...
2025-12-25 07:13:50,186 - INFO -     💰 当前价格: $1.4105
2025-12-25 07:13:50,187 - INFO -     📊 位置: 4h=14.41% | 12h=14.78% | 24h=57.25% | 48h=33.43%
2025-12-25 07:13:50,687 - INFO -   [9/27] 采集 TRX-USDT-SWAP...
2025-12-25 07:13:50,922 - INFO -     💰 当前价格: $0.28019
2025-12-25 07:13:50,922 - INFO -     📊 位置: 4h=53.23% | 12h=55.02% | 24h=27.45% | 48h=24.33%
2025-12-25 07:13:51,422 - INFO -   [10/27] 采集 TON-USDT-SWAP...
2025-12-25 07:13:51,662 - INFO -     💰 当前价格: $1.519
2025-12-25 07:13:51,663 - INFO -     📊 位置: 4h=7.14% | 12h=43.48% | 24h=57.02% | 48h=60.0%
2025-12-25 07:13:52,163 - INFO -   [11/27] 采集 ETC-USDT-SWAP...
2025-12-25 07:13:52,408 - INFO -     💰 当前价格: $12.03
2025-12-25 07:13:52,408 - INFO -     📊 位置: 4h=14.29% | 12h=44.44% | 24h=71.43% | 48h=59.52%
2025-12-25 07:13:52,908 - INFO -   [12/27] 采集 BCH-USDT-SWAP...
2025-12-25 07:13:53,134 - INFO -     💰 当前价格: $574.3
2025-12-25 07:13:53,134 - INFO -     📊 位置: 4h=98.15% | 12h=99.12% | 24h=64.0% | 48h=45.9%
2025-12-25 07:13:53,635 - INFO -   [13/27] 采集 HBAR-USDT-SWAP...
2025-12-25 07:13:53,891 - INFO -     💰 当前价格: $0.11161
2025-12-25 07:13:53,891 - INFO -     📊 位置: 4h=66.02% | 12h=80.45% | 24h=83.33% | 48h=74.79%
2025-12-25 07:13:54,392 - INFO -   [14/27] 采集 XLM-USDT-SWAP...
2025-12-25 07:13:54,621 - INFO -     💰 当前价格: $0.2142
2025-12-25 07:13:54,621 - INFO -     📊 位置: 4h=11.04% | 12h=66.91% | 24h=68.79% | 48h=38.97%
2025-12-25 07:13:55,122 - INFO -   [15/27] 采集 FIL-USDT-SWAP...
2025-12-25 07:13:55,349 - INFO -     💰 当前价格: $1.279
2025-12-25 07:13:55,349 - INFO -     📊 位置: 4h=54.55% | 12h=54.17% | 24h=60.71% | 48h=18.89%
2025-12-25 07:13:55,850 - INFO -   [16/27] 采集 LINK-USDT-SWAP...
2025-12-25 07:13:56,084 - INFO -     💰 当前价格: $12.285
2025-12-25 07:13:56,085 - INFO -     📊 位置: 4h=8.96% | 12h=42.21% | 24h=76.58% | 48h=56.07%
2025-12-25 07:13:56,585 - INFO -   [17/27] 采集 CRO-USDT-SWAP...
2025-12-25 07:13:56,816 - INFO -     💰 当前价格: $0.09417
2025-12-25 07:13:56,816 - INFO -     📊 位置: 4h=55.56% | 12h=88.76% | 24h=90.7% | 48h=54.17%
2025-12-25 07:13:57,316 - INFO -   [18/27] 采集 DOT-USDT-SWAP...
2025-12-25 07:13:57,555 - INFO -     💰 当前价格: $1.736
2025-12-25 07:13:57,555 - INFO -     📊 位置: 4h=8.33% | 12h=44.44% | 24h=68.09% | 48h=39.02%
2025-12-25 07:13:58,055 - INFO -   [19/27] 采集 AAVE-USDT-SWAP...
2025-12-25 07:13:58,295 - INFO -     💰 当前价格: $150.22
2025-12-25 07:13:58,296 - INFO -     📊 位置: 4h=35.51% | 12h=70.98% | 24h=77.78% | 48h=56.48%
2025-12-25 07:13:58,796 - INFO -   [20/27] 采集 UNI-USDT-SWAP...
2025-12-25 07:13:59,032 - INFO -     💰 当前价格: $5.789
2025-12-25 07:13:59,032 - INFO -     📊 位置: 4h=45.57% | 12h=34.29% | 24h=67.8% | 48h=41.51%
2025-12-25 07:13:59,533 - INFO -   [21/27] 采集 NEAR-USDT-SWAP...
2025-12-25 07:13:59,770 - INFO -     💰 当前价格: $1.487
2025-12-25 07:13:59,770 - INFO -     📊 位置: 4h=13.79% | 12h=59.68% | 24h=68.35% | 48h=55.67%
2025-12-25 07:14:00,271 - INFO -   [22/27] 采集 APT-USDT-SWAP...
2025-12-25 07:14:00,510 - INFO -     💰 当前价格: $1.676
2025-12-25 07:14:00,510 - INFO -     📊 位置: 4h=74.47% | 12h=84.62% | 24h=91.18% | 48h=91.18%
2025-12-25 07:14:01,010 - INFO -   [23/27] 采集 CFX-USDT-SWAP...
2025-12-25 07:14:01,243 - INFO -     💰 当前价格: $0.07505
2025-12-25 07:14:01,243 - INFO -     📊 位置: 4h=11.15% | 12h=42.53% | 24h=67.28% | 48h=67.28%
2025-12-25 07:14:01,744 - INFO -   [24/27] 采集 CRV-USDT-SWAP...
2025-12-25 07:14:01,975 - INFO -     💰 当前价格: $0.3781
2025-12-25 07:14:01,975 - INFO -     📊 位置: 4h=5.77% | 12h=40.37% | 24h=65.87% | 48h=70.42%
2025-12-25 07:14:02,476 - INFO -   [25/27] 采集 STX-USDT-SWAP...
2025-12-25 07:14:02,715 - INFO -     💰 当前价格: $0.2544
2025-12-25 07:14:02,715 - INFO -     📊 位置: 4h=86.11% | 12h=94.62% | 24h=97.08% | 48h=97.33%
2025-12-25 07:14:03,215 - INFO -   [26/27] 采集 LDO-USDT-SWAP...
2025-12-25 07:14:03,451 - INFO -     💰 当前价格: $0.5607
2025-12-25 07:14:03,451 - INFO -     📊 位置: 4h=75.51% | 12h=89.06% | 24h=92.8% | 48h=92.8%
2025-12-25 07:14:03,951 - INFO -   [27/27] 采集 TAO-USDT-SWAP...
2025-12-25 07:14:04,185 - INFO -     💰 当前价格: $222.4
2025-12-25 07:14:04,185 - INFO -     📊 位置: 4h=33.33% | 12h=80.85% | 24h=89.83% | 48h=90.06%
2025-12-25 07:14:04,692 - INFO - 💾 数据保存成功: 27 个币种
2025-12-25 07:14:04,696 - INFO - 📊 统计数据保存成功:
2025-12-25 07:14:04,696 - INFO -     4h低于1%: 0/27
2025-12-25 07:14:04,696 - INFO -    12h低于1%: 0/27
2025-12-25 07:14:04,697 - INFO -    24h低于1%: 0/27
2025-12-25 07:14:04,697 - INFO -    48h低于1%: 0/27
2025-12-25 07:14:04,697 - INFO - ✅ 数据采集完成: 成功 27/27
2025-12-25 07:14:04,697 - INFO - 🚀 位置系统采集器启动，采集间隔: 300秒
2025-12-25 07:14:04,697 - INFO - 📊 开始采集位置系统数据...
2025-12-25 07:14:04,697 - INFO - 📋 币种列表: 27 个币种
2025-12-25 07:14:04,697 - INFO -   [1/27] 采集 BTC-USDT-SWAP...
2025-12-25 07:14:04,932 - INFO -     💰 当前价格: $87765.5
2025-12-25 07:14:04,932 - INFO -     📊 位置: 4h=75.97% | 12h=51.92% | 24h=84.04% | 48h=71.38%
2025-12-25 07:14:05,433 - INFO -   [2/27] 采集 ETH-USDT-SWAP...
2025-12-25 07:14:05,714 - INFO -     💰 当前价格: $2940.36
2025-12-25 07:14:05,714 - INFO -     📊 位置: 4h=35.3% | 12h=19.04% | 24h=70.69% | 48h=53.94%
2025-12-25 07:14:06,214 - INFO -   [3/27] 采集 XRP-USDT-SWAP...
2025-12-25 07:14:06,449 - INFO -     💰 当前价格: $1.8735
2025-12-25 07:14:06,449 - INFO -     📊 位置: 4h=78.7% | 12h=88.73% | 24h=87.8% | 48h=54.9%
2025-12-25 07:14:06,950 - INFO -   [4/27] 采集 BNB-USDT-SWAP...
2025-12-25 07:14:07,182 - INFO -     💰 当前价格: $842.0
2025-12-25 07:14:07,183 - INFO -     📊 位置: 4h=15.15% | 12h=6.17% | 24h=49.33% | 48h=40.88%
2025-12-25 07:14:07,683 - INFO -   [5/27] 采集 SOL-USDT-SWAP...
2025-12-25 07:14:07,920 - INFO -     💰 当前价格: $122.19
2025-12-25 07:14:07,920 - INFO -     📊 位置: 4h=18.92% | 12h=11.94% | 24h=56.18% | 48h=32.94%
2025-12-25 07:14:08,420 - INFO -   [6/27] 采集 LTC-USDT-SWAP...
2025-12-25 07:14:08,662 - INFO -     💰 当前价格: $76.35
2025-12-25 07:14:08,662 - INFO -     📊 位置: 4h=49.18% | 12h=75.97% | 24h=73.62% | 48h=43.17%
2025-12-25 07:14:09,163 - INFO -   [7/27] 采集 DOGE-USDT-SWAP...
2025-12-25 07:14:09,395 - INFO -     💰 当前价格: $0.12804
2025-12-25 07:14:09,395 - INFO -     📊 位置: 4h=8.43% | 12h=12.84% | 24h=54.93% | 48h=33.47%
2025-12-25 07:14:09,896 - INFO -   [8/27] 采集 SUI-USDT-SWAP...
2025-12-25 07:14:10,132 - INFO -     💰 当前价格: $1.4109
2025-12-25 07:14:10,133 - INFO -     📊 位置: 4h=18.02% | 12h=16.75% | 24h=58.23% | 48h=34.0%
2025-12-25 07:14:10,633 - INFO -   [9/27] 采集 TRX-USDT-SWAP...
2025-12-25 07:14:10,867 - INFO -     💰 当前价格: $0.28019
2025-12-25 07:14:10,868 - INFO -     📊 位置: 4h=53.23% | 12h=55.02% | 24h=27.45% | 48h=24.33%
2025-12-25 07:14:11,368 - INFO -   [10/27] 采集 TON-USDT-SWAP...
2025-12-25 07:14:11,605 - INFO -     💰 当前价格: $1.52
2025-12-25 07:14:11,605 - INFO -     📊 位置: 4h=8.93% | 12h=44.57% | 24h=57.85% | 48h=60.77%
2025-12-25 07:14:12,106 - INFO -   [11/27] 采集 ETC-USDT-SWAP...
2025-12-25 07:14:12,346 - INFO -     💰 当前价格: $12.03
2025-12-25 07:14:12,347 - INFO -     📊 位置: 4h=14.29% | 12h=44.44% | 24h=71.43% | 48h=59.52%
2025-12-25 07:14:12,847 - INFO -   [12/27] 采集 BCH-USDT-SWAP...
2025-12-25 07:14:13,083 - INFO -     💰 当前价格: $574.4
2025-12-25 07:14:13,083 - INFO -     📊 位置: 4h=100.0% | 12h=100.0% | 24h=64.57% | 48h=46.31%
2025-12-25 07:14:13,583 - INFO -   [13/27] 采集 HBAR-USDT-SWAP...
2025-12-25 07:14:13,813 - INFO -     💰 当前价格: $0.11158
2025-12-25 07:14:13,813 - INFO -     📊 位置: 4h=64.56% | 12h=79.61% | 24h=82.62% | 48h=74.15%
2025-12-25 07:14:14,314 - INFO -   [14/27] 采集 XLM-USDT-SWAP...
2025-12-25 07:14:14,545 - INFO -     💰 当前价格: $0.2142
2025-12-25 07:14:14,545 - INFO -     📊 位置: 4h=11.04% | 12h=66.91% | 24h=68.79% | 48h=38.97%
2025-12-25 07:14:15,045 - INFO -   [15/27] 采集 FIL-USDT-SWAP...
2025-12-25 07:14:15,277 - INFO -     💰 当前价格: $1.278
2025-12-25 07:14:15,277 - INFO -     📊 位置: 4h=45.45% | 12h=50.0% | 24h=57.14% | 48h=17.78%
2025-12-25 07:14:15,778 - INFO -   [16/27] 采集 LINK-USDT-SWAP...
2025-12-25 07:14:16,010 - INFO -     💰 当前价格: $12.286
2025-12-25 07:14:16,010 - INFO -     📊 位置: 4h=10.45% | 12h=42.86% | 24h=76.84% | 48h=56.26%
2025-12-25 07:14:16,511 - INFO -   [17/27] 采集 CRO-USDT-SWAP...
2025-12-25 07:14:16,743 - INFO -     💰 当前价格: $0.09417
2025-12-25 07:14:16,743 - INFO -     📊 位置: 4h=55.56% | 12h=88.76% | 24h=90.7% | 48h=54.17%
2025-12-25 07:14:17,244 - INFO -   [18/27] 采集 DOT-USDT-SWAP...
2025-12-25 07:14:17,485 - INFO -     💰 当前价格: $1.737
2025-12-25 07:14:17,486 - INFO -     📊 位置: 4h=16.67% | 12h=48.15% | 24h=70.21% | 48h=40.24%
2025-12-25 07:14:17,986 - INFO -   [19/27] 采集 AAVE-USDT-SWAP...
2025-12-25 07:14:18,230 - INFO -     💰 当前价格: $150.22
2025-12-25 07:14:18,231 - INFO -     📊 位置: 4h=35.51% | 12h=70.98% | 24h=77.78% | 48h=56.48%
2025-12-25 07:14:18,731 - INFO -   [20/27] 采集 UNI-USDT-SWAP...
2025-12-25 07:14:18,971 - INFO -     💰 当前价格: $5.789
2025-12-25 07:14:18,972 - INFO -     📊 位置: 4h=45.57% | 12h=34.29% | 24h=67.8% | 48h=41.51%
2025-12-25 07:14:19,472 - INFO -   [21/27] 采集 NEAR-USDT-SWAP...
2025-12-25 07:14:19,706 - INFO -     💰 当前价格: $1.487
2025-12-25 07:14:19,706 - INFO -     📊 位置: 4h=13.79% | 12h=59.68% | 24h=68.35% | 48h=55.67%
2025-12-25 07:14:20,207 - INFO -   [22/27] 采集 APT-USDT-SWAP...
2025-12-25 07:14:20,442 - INFO -     💰 当前价格: $1.676
2025-12-25 07:14:20,442 - INFO -     📊 位置: 4h=74.47% | 12h=84.62% | 24h=91.18% | 48h=91.18%
2025-12-25 07:14:20,942 - INFO -   [23/27] 采集 CFX-USDT-SWAP...
2025-12-25 07:14:21,172 - INFO -     💰 当前价格: $0.07511
2025-12-25 07:14:21,173 - INFO -     📊 位置: 4h=13.24% | 12h=43.51% | 24h=67.84% | 48h=67.84%
2025-12-25 07:14:21,673 - INFO -   [24/27] 采集 CRV-USDT-SWAP...
2025-12-25 07:14:21,903 - INFO -     💰 当前价格: $0.3781
2025-12-25 07:14:21,904 - INFO -     📊 位置: 4h=5.77% | 12h=40.37% | 24h=65.87% | 48h=70.42%
2025-12-25 07:14:22,404 - INFO -   [25/27] 采集 STX-USDT-SWAP...
2025-12-25 07:14:22,640 - INFO -     💰 当前价格: $0.2545
2025-12-25 07:14:22,640 - INFO -     📊 位置: 4h=88.89% | 12h=95.7% | 24h=97.66% | 48h=97.86%
2025-12-25 07:14:23,140 - INFO -   [26/27] 采集 LDO-USDT-SWAP...
2025-12-25 07:14:23,368 - INFO -     💰 当前价格: $0.5607
2025-12-25 07:14:23,368 - INFO -     📊 位置: 4h=75.51% | 12h=89.06% | 24h=92.8% | 48h=92.8%
2025-12-25 07:14:23,868 - INFO -   [27/27] 采集 TAO-USDT-SWAP...
2025-12-25 07:14:24,092 - INFO -     💰 当前价格: $222.5
2025-12-25 07:14:24,092 - INFO -     📊 位置: 4h=37.04% | 12h=81.91% | 24h=90.4% | 48h=90.61%
2025-12-25 07:14:24,599 - INFO - 💾 数据保存成功: 27 个币种
2025-12-25 07:14:24,605 - INFO - 📊 统计数据保存成功:
2025-12-25 07:14:24,605 - INFO -     4h低于1%: 0/27
2025-12-25 07:14:24,605 - INFO -    12h低于1%: 0/27
2025-12-25 07:14:24,606 - INFO -    24h低于1%: 0/27
2025-12-25 07:14:24,606 - INFO -    48h低于1%: 0/27
2025-12-25 07:14:24,606 - INFO - ✅ 数据采集完成: 成功 27/27
2025-12-25 07:14:24,606 - INFO - ⏳ 等待 300 秒后进行下一次采集...

2025-12-25 07:18:45,382 - INFO - ⛔ 收到停止信号，退出采集器
2025-12-25 07:18:45,736 - INFO - ✅ 数据库初始化完成
2025-12-25 07:18:45,736 - INFO - 📊 开始采集位置系统数据...
2025-12-25 07:18:45,736 - INFO - 📋 币种列表: 27 个币种
2025-12-25 07:18:45,747 - INFO -   [1/27] 采集 BTC-USDT-SWAP...
2025-12-25 07:18:45,979 - INFO -     💰 当前价格: $87757.7
2025-12-25 07:18:45,980 - INFO -     📊 位置: 4h=72.09% | 12h=50.53% | 24h=83.57% | 48h=70.99%
2025-12-25 07:18:46,480 - INFO -   [2/27] 采集 ETH-USDT-SWAP...
2025-12-25 07:18:46,713 - INFO -     💰 当前价格: $2939.48
2025-12-25 07:18:46,713 - INFO -     📊 位置: 4h=27.17% | 12h=15.87% | 24h=69.54% | 48h=53.06%
2025-12-25 07:18:47,213 - INFO -   [3/27] 采集 XRP-USDT-SWAP...
2025-12-25 07:18:47,454 - INFO -     💰 当前价格: $1.8734
2025-12-25 07:18:47,454 - INFO -     📊 位置: 4h=77.78% | 12h=88.24% | 24h=87.46% | 48h=54.76%
2025-12-25 07:18:47,954 - INFO -   [4/27] 采集 BNB-USDT-SWAP...
2025-12-25 07:18:48,190 - INFO -     💰 当前价格: $842.2
2025-12-25 07:18:48,190 - INFO -     📊 位置: 4h=21.21% | 12h=8.64% | 24h=50.67% | 48h=41.99%
2025-12-25 07:18:48,690 - INFO -   [5/27] 采集 SOL-USDT-SWAP...
2025-12-25 07:18:48,917 - INFO -     💰 当前价格: $122.1
2025-12-25 07:18:48,917 - INFO -     📊 位置: 4h=6.76% | 12h=5.22% | 24h=53.0% | 48h=31.16%
2025-12-25 07:18:49,418 - INFO -   [6/27] 采集 LTC-USDT-SWAP...
2025-12-25 07:18:49,650 - INFO -     💰 当前价格: $76.43
2025-12-25 07:18:49,651 - INFO -     📊 位置: 4h=62.3% | 12h=82.17% | 24h=78.53% | 48h=46.04%
2025-12-25 07:18:50,151 - INFO -   [7/27] 采集 DOGE-USDT-SWAP...
2025-12-25 07:18:50,385 - INFO -     💰 当前价格: $0.12801
2025-12-25 07:18:50,386 - INFO -     📊 位置: 4h=5.95% | 12h=10.81% | 24h=53.95% | 48h=32.87%
2025-12-25 07:18:50,886 - INFO -   [8/27] 采集 SUI-USDT-SWAP...
2025-12-25 07:18:51,123 - INFO -     💰 当前价格: $1.4103
2025-12-25 07:18:51,124 - INFO -     📊 位置: 4h=12.61% | 12h=13.79% | 24h=56.76% | 48h=33.14%
2025-12-25 07:18:51,624 - INFO -   [9/27] 采集 TRX-USDT-SWAP...
2025-12-25 07:18:51,857 - INFO -     💰 当前价格: $0.28021
2025-12-25 07:18:51,857 - INFO -     📊 位置: 4h=56.45% | 12h=55.82% | 24h=27.86% | 48h=24.69%
2025-12-25 07:18:52,358 - INFO -   [10/27] 采集 TON-USDT-SWAP...
2025-12-25 07:18:52,594 - INFO -     💰 当前价格: $1.519
2025-12-25 07:18:52,594 - INFO -     📊 位置: 4h=7.14% | 12h=43.48% | 24h=57.02% | 48h=60.0%
2025-12-25 07:18:53,094 - INFO -   [11/27] 采集 ETC-USDT-SWAP...
2025-12-25 07:18:53,329 - INFO -     💰 当前价格: $12.03
2025-12-25 07:18:53,330 - INFO -     📊 位置: 4h=14.29% | 12h=44.44% | 24h=71.43% | 48h=59.52%
2025-12-25 07:18:53,830 - INFO -   [12/27] 采集 BCH-USDT-SWAP...
2025-12-25 07:18:54,063 - INFO -     💰 当前价格: $574.9
2025-12-25 07:18:54,064 - INFO -     📊 位置: 4h=98.33% | 12h=99.16% | 24h=67.43% | 48h=48.36%
2025-12-25 07:18:54,564 - INFO -   [13/27] 采集 HBAR-USDT-SWAP...
2025-12-25 07:18:54,799 - INFO -     💰 当前价格: $0.11172
2025-12-25 07:18:54,799 - INFO -     📊 位置: 4h=71.36% | 12h=83.52% | 24h=85.95% | 48h=77.14%
2025-12-25 07:18:55,299 - INFO -   [14/27] 采集 XLM-USDT-SWAP...
2025-12-25 07:18:55,543 - INFO -     💰 当前价格: $0.21418
2025-12-25 07:18:55,543 - INFO -     📊 位置: 4h=9.74% | 12h=66.43% | 24h=68.34% | 48h=38.71%
2025-12-25 07:18:56,044 - INFO -   [15/27] 采集 FIL-USDT-SWAP...
2025-12-25 07:18:56,278 - INFO -     💰 当前价格: $1.279
2025-12-25 07:18:56,278 - INFO -     📊 位置: 4h=54.55% | 12h=54.17% | 24h=60.71% | 48h=18.89%
2025-12-25 07:18:56,779 - INFO -   [16/27] 采集 LINK-USDT-SWAP...
2025-12-25 07:18:57,001 - INFO -     💰 当前价格: $12.287
2025-12-25 07:18:57,002 - INFO -     📊 位置: 4h=11.94% | 12h=43.51% | 24h=77.11% | 48h=56.45%
2025-12-25 07:18:57,502 - INFO -   [17/27] 采集 CRO-USDT-SWAP...
2025-12-25 07:18:57,732 - INFO -     💰 当前价格: $0.09415
2025-12-25 07:18:57,733 - INFO -     📊 位置: 4h=51.11% | 12h=87.64% | 24h=89.77% | 48h=53.61%
2025-12-25 07:18:58,233 - INFO -   [18/27] 采集 DOT-USDT-SWAP...
2025-12-25 07:18:58,468 - INFO -     💰 当前价格: $1.737
2025-12-25 07:18:58,468 - INFO -     📊 位置: 4h=16.67% | 12h=48.15% | 24h=70.21% | 48h=40.24%
2025-12-25 07:18:58,969 - INFO -   [19/27] 采集 AAVE-USDT-SWAP...
2025-12-25 07:18:59,199 - INFO -     💰 当前价格: $150.54
2025-12-25 07:18:59,199 - INFO -     📊 位置: 4h=65.42% | 12h=79.27% | 24h=84.13% | 48h=61.1%
2025-12-25 07:18:59,699 - INFO -   [20/27] 采集 UNI-USDT-SWAP...
2025-12-25 07:18:59,935 - INFO -     💰 当前价格: $5.788
2025-12-25 07:18:59,935 - INFO -     📊 位置: 4h=44.3% | 12h=33.33% | 24h=67.46% | 48h=41.31%
2025-12-25 07:19:00,436 - INFO -   [21/27] 采集 NEAR-USDT-SWAP...
2025-12-25 07:19:00,667 - INFO -     💰 当前价格: $1.487
2025-12-25 07:19:00,667 - INFO -     📊 位置: 4h=13.79% | 12h=59.68% | 24h=68.35% | 48h=55.67%
2025-12-25 07:19:01,168 - INFO -   [22/27] 采集 APT-USDT-SWAP...
2025-12-25 07:19:01,412 - INFO -     💰 当前价格: $1.675
2025-12-25 07:19:01,412 - INFO -     📊 位置: 4h=72.34% | 12h=83.33% | 24h=90.44% | 48h=90.44%
2025-12-25 07:19:01,913 - INFO -   [23/27] 采集 CFX-USDT-SWAP...
2025-12-25 07:19:02,148 - INFO -     💰 当前价格: $0.07499
2025-12-25 07:19:02,148 - INFO -     📊 位置: 4h=9.06% | 12h=41.56% | 24h=66.73% | 48h=66.73%
2025-12-25 07:19:02,649 - INFO -   [24/27] 采集 CRV-USDT-SWAP...
2025-12-25 07:19:02,883 - INFO -     💰 当前价格: $0.3791
2025-12-25 07:19:02,884 - INFO -     📊 位置: 4h=26.42% | 12h=49.54% | 24h=70.67% | 48h=74.58%
2025-12-25 07:19:03,384 - INFO -   [25/27] 采集 STX-USDT-SWAP...
2025-12-25 07:19:03,623 - INFO -     💰 当前价格: $0.2541
2025-12-25 07:19:03,623 - INFO -     📊 位置: 4h=77.78% | 12h=91.4% | 24h=95.32% | 48h=95.72%
2025-12-25 07:19:04,124 - INFO -   [26/27] 采集 LDO-USDT-SWAP...
2025-12-25 07:19:04,360 - INFO -     💰 当前价格: $0.5604
2025-12-25 07:19:04,360 - INFO -     📊 位置: 4h=73.47% | 12h=88.15% | 24h=92.2% | 48h=92.2%
2025-12-25 07:19:04,860 - INFO -   [27/27] 采集 TAO-USDT-SWAP...
2025-12-25 07:19:05,090 - INFO -     💰 当前价格: $222.3
2025-12-25 07:19:05,090 - INFO -     📊 位置: 4h=29.63% | 12h=79.79% | 24h=89.27% | 48h=89.5%
2025-12-25 07:19:05,597 - INFO - 💾 数据保存成功: 27 个币种
2025-12-25 07:19:05,602 - INFO - 📊 统计数据保存成功:
2025-12-25 07:19:05,602 - INFO -     4h低于1%: 0/27
2025-12-25 07:19:05,602 - INFO -    12h低于1%: 0/27
2025-12-25 07:19:05,602 - INFO -    24h低于1%: 0/27
2025-12-25 07:19:05,602 - INFO -    48h低于1%: 0/27
2025-12-25 07:19:05,603 - INFO - ✅ 数据采集完成: 成功 27/27
2025-12-25 07:19:05,603 - INFO - 🚀 位置系统采集器启动，采集间隔: 300秒
2025-12-25 07:19:05,603 - INFO - 📊 开始采集位置系统数据...
2025-12-25 07:19:05,603 - INFO - 📋 币种列表: 27 个币种
2025-12-25 07:19:05,603 - INFO -   [1/27] 采集 BTC-USDT-SWAP...
2025-12-25 07:19:05,828 - INFO -     💰 当前价格: $87757.7
2025-12-25 07:19:05,828 - INFO -     📊 位置: 4h=72.09% | 12h=50.53% | 24h=83.57% | 48h=70.99%
2025-12-25 07:19:06,329 - INFO -   [2/27] 采集 ETH-USDT-SWAP...
2025-12-25 07:19:06,563 - INFO -     💰 当前价格: $2939.47
2025-12-25 07:19:06,564 - INFO -     📊 位置: 4h=27.08% | 12h=15.84% | 24h=69.53% | 48h=53.05%
2025-12-25 07:19:07,064 - INFO -   [3/27] 采集 XRP-USDT-SWAP...
2025-12-25 07:19:07,292 - INFO -     💰 当前价格: $1.8736
2025-12-25 07:19:07,293 - INFO -     📊 位置: 4h=79.63% | 12h=89.22% | 24h=88.15% | 48h=55.05%
2025-12-25 07:19:07,793 - INFO -   [4/27] 采集 BNB-USDT-SWAP...
2025-12-25 07:19:08,031 - INFO -     💰 当前价格: $842.2
2025-12-25 07:19:08,032 - INFO -     📊 位置: 4h=21.21% | 12h=8.64% | 24h=50.67% | 48h=41.99%
2025-12-25 07:19:08,532 - INFO -   [5/27] 采集 SOL-USDT-SWAP...
2025-12-25 07:19:08,765 - INFO -     💰 当前价格: $122.11
2025-12-25 07:19:08,765 - INFO -     📊 位置: 4h=8.11% | 12h=5.97% | 24h=53.36% | 48h=31.36%
2025-12-25 07:19:09,265 - INFO -   [6/27] 采集 LTC-USDT-SWAP...
2025-12-25 07:19:09,505 - INFO -     💰 当前价格: $76.44
2025-12-25 07:19:09,506 - INFO -     📊 位置: 4h=63.93% | 12h=82.95% | 24h=79.14% | 48h=46.4%
2025-12-25 07:19:10,006 - INFO -   [7/27] 采集 DOGE-USDT-SWAP...
2025-12-25 07:19:10,239 - INFO -     💰 当前价格: $0.12802
2025-12-25 07:19:10,239 - INFO -     📊 位置: 4h=7.14% | 12h=11.49% | 24h=54.28% | 48h=33.07%
2025-12-25 07:19:10,740 - INFO -   [8/27] 采集 SUI-USDT-SWAP...
2025-12-25 07:19:10,969 - INFO -     💰 当前价格: $1.4103
2025-12-25 07:19:10,969 - INFO -     📊 位置: 4h=12.61% | 12h=13.79% | 24h=56.76% | 48h=33.14%
2025-12-25 07:19:11,470 - INFO -   [9/27] 采集 TRX-USDT-SWAP...
2025-12-25 07:19:11,704 - INFO -     💰 当前价格: $0.2802
2025-12-25 07:19:11,705 - INFO -     📊 位置: 4h=54.84% | 12h=55.42% | 24h=27.66% | 48h=24.51%
2025-12-25 07:19:12,205 - INFO -   [10/27] 采集 TON-USDT-SWAP...
2025-12-25 07:19:12,438 - INFO -     💰 当前价格: $1.52
2025-12-25 07:19:12,439 - INFO -     📊 位置: 4h=8.93% | 12h=44.57% | 24h=57.85% | 48h=60.77%
2025-12-25 07:19:12,939 - INFO -   [11/27] 采集 ETC-USDT-SWAP...
2025-12-25 07:19:13,176 - INFO -     💰 当前价格: $12.03
2025-12-25 07:19:13,177 - INFO -     📊 位置: 4h=14.29% | 12h=44.44% | 24h=71.43% | 48h=59.52%
2025-12-25 07:19:13,677 - INFO -   [12/27] 采集 BCH-USDT-SWAP...
2025-12-25 07:19:13,905 - INFO -     💰 当前价格: $574.9
2025-12-25 07:19:13,905 - INFO -     📊 位置: 4h=98.33% | 12h=99.16% | 24h=67.43% | 48h=48.36%
2025-12-25 07:19:14,406 - INFO -   [13/27] 采集 HBAR-USDT-SWAP...
2025-12-25 07:19:14,792 - INFO -     💰 当前价格: $0.11172
2025-12-25 07:19:14,793 - INFO -     📊 位置: 4h=71.36% | 12h=83.52% | 24h=85.95% | 48h=77.14%
2025-12-25 07:19:15,293 - INFO -   [14/27] 采集 XLM-USDT-SWAP...
2025-12-25 07:19:15,520 - INFO -     💰 当前价格: $0.2142
2025-12-25 07:19:15,520 - INFO -     📊 位置: 4h=11.04% | 12h=66.91% | 24h=68.79% | 48h=38.97%
2025-12-25 07:19:16,021 - INFO -   [15/27] 采集 FIL-USDT-SWAP...
2025-12-25 07:19:16,241 - INFO -     💰 当前价格: $1.279
2025-12-25 07:19:16,241 - INFO -     📊 位置: 4h=54.55% | 12h=54.17% | 24h=60.71% | 48h=18.89%
2025-12-25 07:19:16,742 - INFO -   [16/27] 采集 LINK-USDT-SWAP...
2025-12-25 07:19:16,983 - INFO -     💰 当前价格: $12.287
2025-12-25 07:19:16,983 - INFO -     📊 位置: 4h=11.94% | 12h=43.51% | 24h=77.11% | 48h=56.45%
2025-12-25 07:19:17,483 - INFO -   [17/27] 采集 CRO-USDT-SWAP...
2025-12-25 07:19:17,720 - INFO -     💰 当前价格: $0.09408
2025-12-25 07:19:17,720 - INFO -     📊 位置: 4h=35.56% | 12h=83.71% | 24h=86.51% | 48h=51.67%
2025-12-25 07:19:18,221 - INFO -   [18/27] 采集 DOT-USDT-SWAP...
2025-12-25 07:19:18,452 - INFO -     💰 当前价格: $1.737
2025-12-25 07:19:18,452 - INFO -     📊 位置: 4h=16.67% | 12h=48.15% | 24h=70.21% | 48h=40.24%
2025-12-25 07:19:18,953 - INFO -   [19/27] 采集 AAVE-USDT-SWAP...
2025-12-25 07:19:19,188 - INFO -     💰 当前价格: $150.5
2025-12-25 07:19:19,188 - INFO -     📊 位置: 4h=61.68% | 12h=78.24% | 24h=83.33% | 48h=60.52%
2025-12-25 07:19:19,689 - INFO -   [20/27] 采集 UNI-USDT-SWAP...
2025-12-25 07:19:19,916 - INFO -     💰 当前价格: $5.788
2025-12-25 07:19:19,917 - INFO -     📊 位置: 4h=44.3% | 12h=33.33% | 24h=67.46% | 48h=41.31%
2025-12-25 07:19:20,417 - INFO -   [21/27] 采集 NEAR-USDT-SWAP...
2025-12-25 07:19:20,648 - INFO -     💰 当前价格: $1.487
2025-12-25 07:19:20,650 - INFO -     📊 位置: 4h=13.79% | 12h=59.68% | 24h=68.35% | 48h=55.67%
2025-12-25 07:19:21,151 - INFO -   [22/27] 采集 APT-USDT-SWAP...
2025-12-25 07:19:21,391 - INFO -     💰 当前价格: $1.673
2025-12-25 07:19:21,392 - INFO -     📊 位置: 4h=68.09% | 12h=80.77% | 24h=88.97% | 48h=88.97%
2025-12-25 07:19:21,892 - INFO -   [23/27] 采集 CFX-USDT-SWAP...
2025-12-25 07:19:22,122 - INFO -     💰 当前价格: $0.07498
2025-12-25 07:19:22,122 - INFO -     📊 位置: 4h=8.71% | 12h=41.4% | 24h=66.64% | 48h=66.64%
2025-12-25 07:19:22,623 - INFO -   [24/27] 采集 CRV-USDT-SWAP...
2025-12-25 07:19:22,856 - INFO -     💰 当前价格: $0.3794
2025-12-25 07:19:22,856 - INFO -     📊 位置: 4h=32.08% | 12h=52.29% | 24h=72.12% | 48h=75.83%
2025-12-25 07:19:23,357 - INFO -   [25/27] 采集 STX-USDT-SWAP...
2025-12-25 07:19:23,595 - INFO -     💰 当前价格: $0.2541
2025-12-25 07:19:23,595 - INFO -     📊 位置: 4h=77.78% | 12h=91.4% | 24h=95.32% | 48h=95.72%
2025-12-25 07:19:24,095 - INFO -   [26/27] 采集 LDO-USDT-SWAP...
2025-12-25 07:19:24,336 - INFO -     💰 当前价格: $0.5604
2025-12-25 07:19:24,337 - INFO -     📊 位置: 4h=73.47% | 12h=88.15% | 24h=92.2% | 48h=92.2%
2025-12-25 07:19:24,837 - INFO -   [27/27] 采集 TAO-USDT-SWAP...
2025-12-25 07:19:25,074 - INFO -     💰 当前价格: $222.2
2025-12-25 07:19:25,074 - INFO -     📊 位置: 4h=25.93% | 12h=78.72% | 24h=88.7% | 48h=88.95%
2025-12-25 07:19:25,581 - INFO - 💾 数据保存成功: 27 个币种
2025-12-25 07:19:25,586 - INFO - 📊 统计数据保存成功:
2025-12-25 07:19:25,586 - INFO -     4h低于1%: 0/27
2025-12-25 07:19:25,586 - INFO -    12h低于1%: 0/27
2025-12-25 07:19:25,586 - INFO -    24h低于1%: 0/27
2025-12-25 07:19:25,587 - INFO -    48h低于1%: 0/27
2025-12-25 07:19:25,587 - INFO - ✅ 数据采集完成: 成功 27/27
2025-12-25 07:19:25,587 - INFO - ⏳ 等待 300 秒后进行下一次采集...

2025-12-25 07:23:46,300 - INFO - ⛔ 收到停止信号，退出采集器
2025-12-25 07:23:46,626 - INFO - ✅ 数据库初始化完成
2025-12-25 07:23:46,626 - INFO - 📊 开始采集位置系统数据...
2025-12-25 07:23:46,626 - INFO - 📋 币种列表: 27 个币种
2025-12-25 07:23:46,638 - INFO -   [1/27] 采集 BTC-USDT-SWAP...
2025-12-25 07:23:46,868 - INFO -     💰 当前价格: $87754.3
2025-12-25 07:23:46,869 - INFO -     📊 位置: 4h=70.4% | 12h=49.92% | 24h=83.37% | 48h=70.82%
2025-12-25 07:23:47,370 - INFO -   [2/27] 采集 ETH-USDT-SWAP...
2025-12-25 07:23:47,604 - INFO -     💰 当前价格: $2939.75
2025-12-25 07:23:47,604 - INFO -     📊 位置: 4h=29.67% | 12h=16.85% | 24h=69.89% | 48h=53.33%
2025-12-25 07:23:48,104 - INFO -   [3/27] 采集 XRP-USDT-SWAP...
2025-12-25 07:23:48,336 - INFO -     💰 当前价格: $1.873
2025-12-25 07:23:48,336 - INFO -     📊 位置: 4h=74.07% | 12h=86.27% | 24h=86.06% | 48h=54.17%
2025-12-25 07:23:48,837 - INFO -   [4/27] 采集 BNB-USDT-SWAP...
2025-12-25 07:23:49,077 - INFO -     💰 当前价格: $841.9
2025-12-25 07:23:49,078 - INFO -     📊 位置: 4h=12.12% | 12h=4.94% | 24h=48.67% | 48h=40.33%
2025-12-25 07:23:49,578 - INFO -   [5/27] 采集 SOL-USDT-SWAP...
2025-12-25 07:23:49,890 - INFO -     💰 当前价格: $122.06
2025-12-25 07:23:49,891 - INFO -     📊 位置: 4h=5.19% | 12h=2.96% | 24h=51.59% | 48h=30.37%
2025-12-25 07:23:50,391 - INFO -   [6/27] 采集 LTC-USDT-SWAP...
2025-12-25 07:23:50,618 - INFO -     💰 当前价格: $76.47
2025-12-25 07:23:50,618 - INFO -     📊 位置: 4h=68.85% | 12h=85.27% | 24h=80.98% | 48h=47.48%
2025-12-25 07:23:51,119 - INFO -   [7/27] 采集 DOGE-USDT-SWAP...
2025-12-25 07:23:51,356 - INFO -     💰 当前价格: $0.12783
2025-12-25 07:23:51,356 - INFO -     📊 位置: 4h=8.49% | 12h=5.66% | 24h=48.03% | 48h=29.26%
2025-12-25 07:23:51,857 - INFO -   [8/27] 采集 SUI-USDT-SWAP...
2025-12-25 07:23:52,096 - INFO -     💰 当前价格: $1.4087
2025-12-25 07:23:52,097 - INFO -     📊 位置: 4h=0.0% | 12h=5.91% | 24h=52.83% | 48h=30.85%
2025-12-25 07:23:52,597 - INFO -   [9/27] 采集 TRX-USDT-SWAP...
2025-12-25 07:23:52,835 - INFO -     💰 当前价格: $0.27988
2025-12-25 07:23:52,836 - INFO -     📊 位置: 4h=9.09% | 12h=42.57% | 24h=21.24% | 48h=18.83%
2025-12-25 07:23:53,336 - INFO -   [10/27] 采集 TON-USDT-SWAP...
2025-12-25 07:23:53,568 - INFO -     💰 当前价格: $1.519
2025-12-25 07:23:53,568 - INFO -     📊 位置: 4h=7.14% | 12h=43.48% | 24h=57.02% | 48h=60.0%
2025-12-25 07:23:54,069 - INFO -   [11/27] 采集 ETC-USDT-SWAP...
2025-12-25 07:23:54,296 - INFO -     💰 当前价格: $12.02
2025-12-25 07:23:54,296 - INFO -     📊 位置: 4h=0.0% | 12h=38.89% | 24h=68.57% | 48h=57.14%
2025-12-25 07:23:54,797 - INFO -   [12/27] 采集 BCH-USDT-SWAP...
2025-12-25 07:23:55,028 - INFO -     💰 当前价格: $573.9
2025-12-25 07:23:55,028 - INFO -     📊 位置: 4h=81.67% | 12h=90.76% | 24h=61.71% | 48h=44.26%
2025-12-25 07:23:55,529 - INFO -   [13/27] 采集 HBAR-USDT-SWAP...
2025-12-25 07:23:55,760 - INFO -     💰 当前价格: $0.11158
2025-12-25 07:23:55,760 - INFO -     📊 位置: 4h=64.56% | 12h=79.61% | 24h=82.62% | 48h=74.15%
2025-12-25 07:23:56,260 - INFO -   [14/27] 采集 XLM-USDT-SWAP...
2025-12-25 07:23:56,490 - INFO -     💰 当前价格: $0.21384
2025-12-25 07:23:56,491 - INFO -     📊 位置: 4h=0.0% | 12h=58.21% | 24h=60.59% | 48h=34.32%
2025-12-25 07:23:56,991 - INFO -   [15/27] 采集 FIL-USDT-SWAP...
2025-12-25 07:23:57,226 - INFO -     💰 当前价格: $1.278
2025-12-25 07:23:57,227 - INFO -     📊 位置: 4h=45.45% | 12h=50.0% | 24h=57.14% | 48h=17.78%
2025-12-25 07:23:57,727 - INFO -   [16/27] 采集 LINK-USDT-SWAP...
2025-12-25 07:23:57,951 - INFO -     💰 当前价格: $12.276
2025-12-25 07:23:57,951 - INFO -     📊 位置: 4h=1.41% | 12h=36.36% | 24h=74.21% | 48h=54.34%
2025-12-25 07:23:58,452 - INFO -   [17/27] 采集 CRO-USDT-SWAP...
2025-12-25 07:23:58,687 - INFO -     💰 当前价格: $0.09404
2025-12-25 07:23:58,687 - INFO -     📊 位置: 4h=26.67% | 12h=81.46% | 24h=84.65% | 48h=50.56%
2025-12-25 07:23:59,188 - INFO -   [18/27] 采集 DOT-USDT-SWAP...
2025-12-25 07:23:59,421 - INFO -     💰 当前价格: $1.736
2025-12-25 07:23:59,421 - INFO -     📊 位置: 4h=8.33% | 12h=44.44% | 24h=68.09% | 48h=39.02%
2025-12-25 07:23:59,921 - INFO -   [19/27] 采集 AAVE-USDT-SWAP...
2025-12-25 07:24:00,158 - INFO -     💰 当前价格: $150.54
2025-12-25 07:24:00,158 - INFO -     📊 位置: 4h=65.42% | 12h=79.27% | 24h=84.13% | 48h=61.1%
2025-12-25 07:24:00,659 - INFO -   [20/27] 采集 UNI-USDT-SWAP...
2025-12-25 07:24:00,884 - INFO -     💰 当前价格: $5.796
2025-12-25 07:24:00,885 - INFO -     📊 位置: 4h=54.43% | 12h=40.95% | 24h=70.17% | 48h=42.94%
2025-12-25 07:24:01,385 - INFO -   [21/27] 采集 NEAR-USDT-SWAP...
2025-12-25 07:24:01,634 - INFO -     💰 当前价格: $1.486
2025-12-25 07:24:01,634 - INFO -     📊 位置: 4h=10.34% | 12h=58.06% | 24h=67.09% | 48h=54.64%
2025-12-25 07:24:02,134 - INFO -   [22/27] 采集 APT-USDT-SWAP...
2025-12-25 07:24:02,370 - INFO -     💰 当前价格: $1.671
2025-12-25 07:24:02,370 - INFO -     📊 位置: 4h=63.83% | 12h=78.21% | 24h=87.5% | 48h=87.5%
2025-12-25 07:24:02,870 - INFO -   [23/27] 采集 CFX-USDT-SWAP...
2025-12-25 07:24:03,105 - INFO -     💰 当前价格: $0.07414
2025-12-25 07:24:03,105 - INFO -     📊 位置: 4h=9.19% | 12h=27.76% | 24h=58.87% | 48h=58.87%
2025-12-25 07:24:03,605 - INFO -   [24/27] 采集 CRV-USDT-SWAP...
2025-12-25 07:24:03,844 - INFO -     💰 当前价格: $0.3789
2025-12-25 07:24:03,844 - INFO -     📊 位置: 4h=22.64% | 12h=47.71% | 24h=69.71% | 48h=73.75%
2025-12-25 07:24:04,344 - INFO -   [25/27] 采集 STX-USDT-SWAP...
2025-12-25 07:24:04,589 - INFO -     💰 当前价格: $0.2542
2025-12-25 07:24:04,590 - INFO -     📊 位置: 4h=80.56% | 12h=92.47% | 24h=95.91% | 48h=96.26%
2025-12-25 07:24:05,090 - INFO -   [26/27] 采集 LDO-USDT-SWAP...
2025-12-25 07:24:05,337 - INFO -     💰 当前价格: $0.5596
2025-12-25 07:24:05,338 - INFO -     📊 位置: 4h=68.03% | 12h=85.71% | 24h=90.6% | 48h=90.6%
2025-12-25 07:24:05,838 - INFO -   [27/27] 采集 TAO-USDT-SWAP...
2025-12-25 07:24:06,079 - INFO -     💰 当前价格: $222.4
2025-12-25 07:24:06,080 - INFO -     📊 位置: 4h=33.33% | 12h=80.85% | 24h=89.83% | 48h=90.06%
2025-12-25 07:24:06,587 - INFO - 💾 数据保存成功: 27 个币种
2025-12-25 07:24:06,591 - INFO - 📊 统计数据保存成功:
2025-12-25 07:24:06,592 - INFO -     4h低于1%: 3/27
2025-12-25 07:24:06,592 - INFO -    12h低于1%: 0/27
2025-12-25 07:24:06,592 - INFO -    24h低于1%: 0/27
2025-12-25 07:24:06,592 - INFO -    48h低于1%: 0/27
2025-12-25 07:24:06,592 - INFO - ✅ 数据采集完成: 成功 27/27
2025-12-25 07:24:06,592 - INFO - 🚀 位置系统采集器启动，采集间隔: 300秒
2025-12-25 07:24:06,592 - INFO - 📊 开始采集位置系统数据...
2025-12-25 07:24:06,593 - INFO - 📋 币种列表: 27 个币种
2025-12-25 07:24:06,593 - INFO -   [1/27] 采集 BTC-USDT-SWAP...
2025-12-25 07:24:06,832 - INFO -     💰 当前价格: $87754.3
2025-12-25 07:24:06,833 - INFO -     📊 位置: 4h=70.4% | 12h=49.92% | 24h=83.37% | 48h=70.82%
2025-12-25 07:24:07,333 - INFO -   [2/27] 采集 ETH-USDT-SWAP...
2025-12-25 07:24:07,566 - INFO -     💰 当前价格: $2939.4
2025-12-25 07:24:07,566 - INFO -     📊 位置: 4h=26.43% | 12h=15.59% | 24h=69.43% | 48h=52.98%
2025-12-25 07:24:08,067 - INFO -   [3/27] 采集 XRP-USDT-SWAP...
2025-12-25 07:24:08,305 - INFO -     💰 当前价格: $1.8726
2025-12-25 07:24:08,305 - INFO -     📊 位置: 4h=70.37% | 12h=84.31% | 24h=84.67% | 48h=53.59%
2025-12-25 07:24:08,805 - INFO -   [4/27] 采集 BNB-USDT-SWAP...
2025-12-25 07:24:09,030 - INFO -     💰 当前价格: $841.9
2025-12-25 07:24:09,031 - INFO -     📊 位置: 4h=12.12% | 12h=4.94% | 24h=48.67% | 48h=40.33%
2025-12-25 07:24:09,531 - INFO -   [5/27] 采集 SOL-USDT-SWAP...
2025-12-25 07:24:09,768 - INFO -     💰 当前价格: $122.03
2025-12-25 07:24:09,768 - INFO -     📊 位置: 4h=1.3% | 12h=0.74% | 24h=50.53% | 48h=29.78%
2025-12-25 07:24:10,269 - INFO -   [6/27] 采集 LTC-USDT-SWAP...
2025-12-25 07:24:10,503 - INFO -     💰 当前价格: $76.47
2025-12-25 07:24:10,504 - INFO -     📊 位置: 4h=68.85% | 12h=85.27% | 24h=80.98% | 48h=47.48%
2025-12-25 07:24:11,004 - INFO -   [7/27] 采集 DOGE-USDT-SWAP...
2025-12-25 07:24:11,245 - INFO -     💰 当前价格: $0.12783
2025-12-25 07:24:11,245 - INFO -     📊 位置: 4h=8.49% | 12h=5.66% | 24h=48.03% | 48h=29.26%
2025-12-25 07:24:11,746 - INFO -   [8/27] 采集 SUI-USDT-SWAP...
2025-12-25 07:24:11,987 - INFO -     💰 当前价格: $1.4089
2025-12-25 07:24:11,987 - INFO -     📊 位置: 4h=2.63% | 12h=6.9% | 24h=53.32% | 48h=31.13%
2025-12-25 07:24:12,487 - INFO -   [9/27] 采集 TRX-USDT-SWAP...
2025-12-25 07:24:12,719 - INFO -     💰 当前价格: $0.27988
2025-12-25 07:24:12,720 - INFO -     📊 位置: 4h=9.09% | 12h=42.57% | 24h=21.24% | 48h=18.83%
2025-12-25 07:24:13,220 - INFO -   [10/27] 采集 TON-USDT-SWAP...
2025-12-25 07:24:13,454 - INFO -     💰 当前价格: $1.519
2025-12-25 07:24:13,454 - INFO -     📊 位置: 4h=7.14% | 12h=43.48% | 24h=57.02% | 48h=60.0%
2025-12-25 07:24:13,954 - INFO -   [11/27] 采集 ETC-USDT-SWAP...
2025-12-25 07:24:14,302 - INFO -     💰 当前价格: $12.02
2025-12-25 07:24:14,303 - INFO -     📊 位置: 4h=12.5% | 12h=38.89% | 24h=68.57% | 48h=57.14%
2025-12-25 07:24:14,803 - INFO -   [12/27] 采集 BCH-USDT-SWAP...
2025-12-25 07:24:15,037 - INFO -     💰 当前价格: $573.9
2025-12-25 07:24:15,037 - INFO -     📊 位置: 4h=81.67% | 12h=90.76% | 24h=61.71% | 48h=44.26%
2025-12-25 07:24:15,538 - INFO -   [13/27] 采集 HBAR-USDT-SWAP...
2025-12-25 07:24:15,763 - INFO -     💰 当前价格: $0.11159
2025-12-25 07:24:15,764 - INFO -     📊 位置: 4h=65.05% | 12h=79.89% | 24h=82.86% | 48h=74.36%
2025-12-25 07:24:16,265 - INFO -   [14/27] 采集 XLM-USDT-SWAP...
2025-12-25 07:24:16,491 - INFO -     💰 当前价格: $0.21384
2025-12-25 07:24:16,492 - INFO -     📊 位置: 4h=1.14% | 12h=58.21% | 24h=60.59% | 48h=34.32%
2025-12-25 07:24:16,992 - INFO -   [15/27] 采集 FIL-USDT-SWAP...
2025-12-25 07:24:17,225 - INFO -     💰 当前价格: $1.278
2025-12-25 07:24:17,225 - INFO -     📊 位置: 4h=45.45% | 12h=50.0% | 24h=57.14% | 48h=17.78%
2025-12-25 07:24:17,725 - INFO -   [16/27] 采集 LINK-USDT-SWAP...
2025-12-25 07:24:17,953 - INFO -     💰 当前价格: $12.276
2025-12-25 07:24:17,953 - INFO -     📊 位置: 4h=1.41% | 12h=36.36% | 24h=74.21% | 48h=54.34%
2025-12-25 07:24:18,454 - INFO -   [17/27] 采集 CRO-USDT-SWAP...
2025-12-25 07:24:18,693 - INFO -     💰 当前价格: $0.09404
2025-12-25 07:24:18,693 - INFO -     📊 位置: 4h=26.67% | 12h=81.46% | 24h=84.65% | 48h=50.56%
2025-12-25 07:24:19,193 - INFO -   [18/27] 采集 DOT-USDT-SWAP...
2025-12-25 07:24:19,430 - INFO -     💰 当前价格: $1.736
2025-12-25 07:24:19,430 - INFO -     📊 位置: 4h=8.33% | 12h=44.44% | 24h=68.09% | 48h=39.02%
2025-12-25 07:24:19,931 - INFO -   [19/27] 采集 AAVE-USDT-SWAP...
2025-12-25 07:24:20,157 - INFO -     💰 当前价格: $150.51
2025-12-25 07:24:20,157 - INFO -     📊 位置: 4h=62.62% | 12h=78.5% | 24h=83.53% | 48h=60.66%
2025-12-25 07:24:20,658 - INFO -   [20/27] 采集 UNI-USDT-SWAP...
2025-12-25 07:24:20,898 - INFO -     💰 当前价格: $5.795
2025-12-25 07:24:20,898 - INFO -     📊 位置: 4h=53.16% | 12h=40.0% | 24h=69.83% | 48h=42.74%
2025-12-25 07:24:21,399 - INFO -   [21/27] 采集 NEAR-USDT-SWAP...
2025-12-25 07:24:21,632 - INFO -     💰 当前价格: $1.486
2025-12-25 07:24:21,632 - INFO -     📊 位置: 4h=10.34% | 12h=58.06% | 24h=67.09% | 48h=54.64%
2025-12-25 07:24:22,133 - INFO -   [22/27] 采集 APT-USDT-SWAP...
2025-12-25 07:24:22,365 - INFO -     💰 当前价格: $1.671
2025-12-25 07:24:22,365 - INFO -     📊 位置: 4h=63.83% | 12h=78.21% | 24h=87.5% | 48h=87.5%
2025-12-25 07:24:22,866 - INFO -   [23/27] 采集 CFX-USDT-SWAP...
2025-12-25 07:24:23,103 - INFO -     💰 当前价格: $0.07422
2025-12-25 07:24:23,103 - INFO -     📊 位置: 4h=11.29% | 12h=29.06% | 24h=59.61% | 48h=59.61%
2025-12-25 07:24:23,604 - INFO -   [24/27] 采集 CRV-USDT-SWAP...
2025-12-25 07:24:23,834 - INFO -     💰 当前价格: $0.3789
2025-12-25 07:24:23,834 - INFO -     📊 位置: 4h=22.64% | 12h=47.71% | 24h=69.71% | 48h=73.75%
2025-12-25 07:24:24,334 - INFO -   [25/27] 采集 STX-USDT-SWAP...
2025-12-25 07:24:24,565 - INFO -     💰 当前价格: $0.2541
2025-12-25 07:24:24,566 - INFO -     📊 位置: 4h=77.78% | 12h=91.4% | 24h=95.32% | 48h=95.72%
2025-12-25 07:24:25,066 - INFO -   [26/27] 采集 LDO-USDT-SWAP...
2025-12-25 07:24:25,303 - INFO -     💰 当前价格: $0.5596
2025-12-25 07:24:25,303 - INFO -     📊 位置: 4h=68.03% | 12h=85.71% | 24h=90.6% | 48h=90.6%
2025-12-25 07:24:25,804 - INFO -   [27/27] 采集 TAO-USDT-SWAP...
2025-12-25 07:24:26,039 - INFO -     💰 当前价格: $222.3
2025-12-25 07:24:26,040 - INFO -     📊 位置: 4h=29.63% | 12h=79.79% | 24h=89.27% | 48h=89.5%
2025-12-25 07:24:26,544 - INFO - 💾 数据保存成功: 27 个币种
2025-12-25 07:24:26,548 - INFO - 📊 统计数据保存成功:
2025-12-25 07:24:26,548 - INFO -     4h低于1%: 0/27
2025-12-25 07:24:26,548 - INFO -    12h低于1%: 1/27
2025-12-25 07:24:26,548 - INFO -    24h低于1%: 0/27
2025-12-25 07:24:26,548 - INFO -    48h低于1%: 0/27
2025-12-25 07:24:26,548 - INFO - ✅ 数据采集完成: 成功 27/27
2025-12-25 07:24:26,549 - INFO - ⏳ 等待 300 秒后进行下一次采集...

2025-12-25 07:28:47,175 - INFO - ⛔ 收到停止信号，退出采集器
2025-12-25 07:28:47,575 - INFO - ✅ 数据库初始化完成
2025-12-25 07:28:47,575 - INFO - 📊 开始采集位置系统数据...
2025-12-25 07:28:47,575 - INFO - 📋 币种列表: 27 个币种
2025-12-25 07:28:47,586 - INFO -   [1/27] 采集 BTC-USDT-SWAP...
2025-12-25 07:28:47,816 - INFO -     💰 当前价格: $87764.2
2025-12-25 07:28:47,816 - INFO -     📊 位置: 4h=75.32% | 12h=51.69% | 24h=83.96% | 48h=71.32%
2025-12-25 07:28:48,316 - INFO -   [2/27] 采集 ETH-USDT-SWAP...
2025-12-25 07:28:48,546 - INFO -     💰 当前价格: $2939.22
2025-12-25 07:28:48,547 - INFO -     📊 位置: 4h=24.77% | 12h=14.94% | 24h=69.2% | 48h=52.8%
2025-12-25 07:28:49,047 - INFO -   [3/27] 采集 XRP-USDT-SWAP...
2025-12-25 07:28:49,278 - INFO -     💰 当前价格: $1.8729
2025-12-25 07:28:49,278 - INFO -     📊 位置: 4h=73.15% | 12h=85.78% | 24h=85.71% | 48h=54.03%
2025-12-25 07:28:49,778 - INFO -   [4/27] 采集 BNB-USDT-SWAP...
2025-12-25 07:28:50,011 - INFO -     💰 当前价格: $842.2
2025-12-25 07:28:50,011 - INFO -     📊 位置: 4h=21.21% | 12h=8.64% | 24h=50.67% | 48h=41.99%
2025-12-25 07:28:50,512 - INFO -   [5/27] 采集 SOL-USDT-SWAP...
2025-12-25 07:28:50,747 - INFO -     💰 当前价格: $122.15
2025-12-25 07:28:50,747 - INFO -     📊 位置: 4h=16.88% | 12h=9.63% | 24h=54.77% | 48h=32.15%
2025-12-25 07:28:51,248 - INFO -   [6/27] 采集 LTC-USDT-SWAP...
2025-12-25 07:28:51,483 - INFO -     💰 当前价格: $76.45
2025-12-25 07:28:51,484 - INFO -     📊 位置: 4h=65.57% | 12h=83.72% | 24h=79.75% | 48h=46.76%
2025-12-25 07:28:51,984 - INFO -   [7/27] 采集 DOGE-USDT-SWAP...
2025-12-25 07:28:52,220 - INFO -     💰 当前价格: $0.12786
2025-12-25 07:28:52,221 - INFO -     📊 位置: 4h=11.32% | 12h=7.55% | 24h=49.01% | 48h=29.86%
2025-12-25 07:28:52,721 - INFO -   [8/27] 采集 SUI-USDT-SWAP...
2025-12-25 07:28:52,951 - INFO -     💰 当前价格: $1.4087
2025-12-25 07:28:52,951 - INFO -     📊 位置: 4h=0.88% | 12h=5.91% | 24h=52.83% | 48h=30.85%
2025-12-25 07:28:53,452 - INFO -   [9/27] 采集 TRX-USDT-SWAP...
2025-12-25 07:28:53,677 - INFO -     💰 当前价格: $0.27995
2025-12-25 07:28:53,677 - INFO -     📊 位置: 4h=19.7% | 12h=45.38% | 24h=22.65% | 48h=20.07%
2025-12-25 07:28:54,178 - INFO -   [10/27] 采集 TON-USDT-SWAP...
2025-12-25 07:28:54,411 - INFO -     💰 当前价格: $1.525
2025-12-25 07:28:54,411 - INFO -     📊 位置: 4h=17.86% | 12h=50.0% | 24h=61.98% | 48h=64.62%
2025-12-25 07:28:54,912 - INFO -   [11/27] 采集 ETC-USDT-SWAP...
2025-12-25 07:28:55,152 - INFO -     💰 当前价格: $12.03
2025-12-25 07:28:55,152 - INFO -     📊 位置: 4h=25.0% | 12h=44.44% | 24h=71.43% | 48h=59.52%
2025-12-25 07:28:55,652 - INFO -   [12/27] 采集 BCH-USDT-SWAP...
2025-12-25 07:28:55,890 - INFO -     💰 当前价格: $574.0
2025-12-25 07:28:55,890 - INFO -     📊 位置: 4h=83.33% | 12h=91.6% | 24h=62.29% | 48h=44.67%
2025-12-25 07:28:56,391 - INFO -   [13/27] 采集 HBAR-USDT-SWAP...
2025-12-25 07:28:56,632 - INFO -     💰 当前价格: $0.11174
2025-12-25 07:28:56,632 - INFO -     📊 位置: 4h=72.33% | 12h=84.08% | 24h=86.43% | 48h=77.56%
2025-12-25 07:28:57,132 - INFO -   [14/27] 采集 XLM-USDT-SWAP...
2025-12-25 07:28:57,368 - INFO -     💰 当前价格: $0.21392
2025-12-25 07:28:57,368 - INFO -     📊 位置: 4h=6.25% | 12h=60.14% | 24h=62.41% | 48h=35.35%
2025-12-25 07:28:57,869 - INFO -   [15/27] 采集 FIL-USDT-SWAP...
2025-12-25 07:28:58,095 - INFO -     💰 当前价格: $1.279
2025-12-25 07:28:58,095 - INFO -     📊 位置: 4h=54.55% | 12h=54.17% | 24h=60.71% | 48h=18.89%
2025-12-25 07:28:58,595 - INFO -   [16/27] 采集 LINK-USDT-SWAP...
2025-12-25 07:28:58,835 - INFO -     💰 当前价格: $12.285
2025-12-25 07:28:58,835 - INFO -     📊 位置: 4h=15.28% | 12h=42.21% | 24h=76.58% | 48h=56.07%
2025-12-25 07:28:59,335 - INFO -   [17/27] 采集 CRO-USDT-SWAP...
2025-12-25 07:28:59,574 - INFO -     💰 当前价格: $0.09408
2025-12-25 07:28:59,574 - INFO -     📊 位置: 4h=35.56% | 12h=83.71% | 24h=86.51% | 48h=51.67%
2025-12-25 07:29:00,075 - INFO -   [18/27] 采集 DOT-USDT-SWAP...
2025-12-25 07:29:00,308 - INFO -     💰 当前价格: $1.737
2025-12-25 07:29:00,308 - INFO -     📊 位置: 4h=16.67% | 12h=48.15% | 24h=70.21% | 48h=40.24%
2025-12-25 07:29:00,808 - INFO -   [19/27] 采集 AAVE-USDT-SWAP...
2025-12-25 07:29:01,049 - INFO -     💰 当前价格: $150.21
2025-12-25 07:29:01,049 - INFO -     📊 位置: 4h=34.58% | 12h=70.73% | 24h=77.58% | 48h=56.34%
2025-12-25 07:29:01,549 - INFO -   [20/27] 采集 UNI-USDT-SWAP...
2025-12-25 07:29:01,791 - INFO -     💰 当前价格: $5.794
2025-12-25 07:29:01,792 - INFO -     📊 位置: 4h=51.9% | 12h=39.05% | 24h=69.49% | 48h=42.54%
2025-12-25 07:29:02,292 - INFO -   [21/27] 采集 NEAR-USDT-SWAP...
2025-12-25 07:29:02,531 - INFO -     💰 当前价格: $1.489
2025-12-25 07:29:02,531 - INFO -     📊 位置: 4h=20.69% | 12h=62.9% | 24h=70.89% | 48h=57.73%
2025-12-25 07:29:03,031 - INFO -   [22/27] 采集 APT-USDT-SWAP...
2025-12-25 07:29:03,270 - INFO -     💰 当前价格: $1.673
2025-12-25 07:29:03,270 - INFO -     📊 位置: 4h=68.09% | 12h=80.77% | 24h=88.97% | 48h=88.97%
2025-12-25 07:29:03,771 - INFO -   [23/27] 采集 CFX-USDT-SWAP...
2025-12-25 07:29:03,998 - INFO -     💰 当前价格: $0.07412
2025-12-25 07:29:03,998 - INFO -     📊 位置: 4h=8.66% | 12h=27.44% | 24h=58.69% | 48h=58.69%
2025-12-25 07:29:04,498 - INFO -   [24/27] 采集 CRV-USDT-SWAP...
2025-12-25 07:29:04,748 - INFO -     💰 当前价格: $0.3794
2025-12-25 07:29:04,748 - INFO -     📊 位置: 4h=32.08% | 12h=52.29% | 24h=72.12% | 48h=75.83%
2025-12-25 07:29:05,248 - INFO -   [25/27] 采集 STX-USDT-SWAP...
2025-12-25 07:29:05,484 - INFO -     💰 当前价格: $0.254
2025-12-25 07:29:05,484 - INFO -     📊 位置: 4h=75.0% | 12h=90.32% | 24h=94.74% | 48h=95.19%
2025-12-25 07:29:05,985 - INFO -   [26/27] 采集 LDO-USDT-SWAP...
2025-12-25 07:29:06,223 - INFO -     💰 当前价格: $0.5606
2025-12-25 07:29:06,223 - INFO -     📊 位置: 4h=74.83% | 12h=88.75% | 24h=92.6% | 48h=92.6%
2025-12-25 07:29:06,723 - INFO -   [27/27] 采集 TAO-USDT-SWAP...
2025-12-25 07:29:06,958 - INFO -     💰 当前价格: $222.3
2025-12-25 07:29:06,958 - INFO -     📊 位置: 4h=29.63% | 12h=79.79% | 24h=89.27% | 48h=89.5%
2025-12-25 07:29:07,463 - INFO - 💾 数据保存成功: 27 个币种
2025-12-25 07:29:07,467 - INFO - 📊 统计数据保存成功:
2025-12-25 07:29:07,467 - INFO -     4h低于1%: 1/27
2025-12-25 07:29:07,467 - INFO -    12h低于1%: 0/27
2025-12-25 07:29:07,467 - INFO -    24h低于1%: 0/27
2025-12-25 07:29:07,467 - INFO -    48h低于1%: 0/27
2025-12-25 07:29:07,468 - INFO - ✅ 数据采集完成: 成功 27/27
2025-12-25 07:29:07,468 - INFO - 🚀 位置系统采集器启动，采集间隔: 300秒
2025-12-25 07:29:07,468 - INFO - 📊 开始采集位置系统数据...
2025-12-25 07:29:07,468 - INFO - 📋 币种列表: 27 个币种
2025-12-25 07:29:07,468 - INFO -   [1/27] 采集 BTC-USDT-SWAP...
2025-12-25 07:29:07,694 - INFO -     💰 当前价格: $87764.2
2025-12-25 07:29:07,694 - INFO -     📊 位置: 4h=75.32% | 12h=51.69% | 24h=83.96% | 48h=71.32%
2025-12-25 07:29:08,195 - INFO -   [2/27] 采集 ETH-USDT-SWAP...
2025-12-25 07:29:08,440 - INFO -     💰 当前价格: $2939.18
2025-12-25 07:29:08,442 - INFO -     📊 位置: 4h=24.4% | 12h=14.79% | 24h=69.15% | 48h=52.77%
2025-12-25 07:29:08,942 - INFO -   [3/27] 采集 XRP-USDT-SWAP...
2025-12-25 07:29:09,187 - INFO -     💰 当前价格: $1.8729
2025-12-25 07:29:09,187 - INFO -     📊 位置: 4h=73.15% | 12h=85.78% | 24h=85.71% | 48h=54.03%
2025-12-25 07:29:09,688 - INFO -   [4/27] 采集 BNB-USDT-SWAP...
2025-12-25 07:29:09,926 - INFO -     💰 当前价格: $842.3
2025-12-25 07:29:09,926 - INFO -     📊 位置: 4h=24.24% | 12h=9.88% | 24h=51.33% | 48h=42.54%
2025-12-25 07:29:10,427 - INFO -   [5/27] 采集 SOL-USDT-SWAP...
2025-12-25 07:29:10,668 - INFO -     💰 当前价格: $122.16
2025-12-25 07:29:10,668 - INFO -     📊 位置: 4h=18.18% | 12h=10.37% | 24h=55.12% | 48h=32.35%
2025-12-25 07:29:11,169 - INFO -   [6/27] 采集 LTC-USDT-SWAP...
2025-12-25 07:29:11,405 - INFO -     💰 当前价格: $76.45
2025-12-25 07:29:11,405 - INFO -     📊 位置: 4h=65.57% | 12h=83.72% | 24h=79.75% | 48h=46.76%
2025-12-25 07:29:11,905 - INFO -   [7/27] 采集 DOGE-USDT-SWAP...
2025-12-25 07:29:12,139 - INFO -     💰 当前价格: $0.12786
2025-12-25 07:29:12,140 - INFO -     📊 位置: 4h=11.32% | 12h=7.55% | 24h=49.01% | 48h=29.86%
2025-12-25 07:29:12,640 - INFO -   [8/27] 采集 SUI-USDT-SWAP...
2025-12-25 07:29:12,877 - INFO -     💰 当前价格: $1.4089
2025-12-25 07:29:12,878 - INFO -     📊 位置: 4h=2.63% | 12h=6.9% | 24h=53.32% | 48h=31.13%
2025-12-25 07:29:13,378 - INFO -   [9/27] 采集 TRX-USDT-SWAP...
2025-12-25 07:29:13,600 - INFO -     💰 当前价格: $0.27994
2025-12-25 07:29:13,600 - INFO -     📊 位置: 4h=18.18% | 12h=44.98% | 24h=22.44% | 48h=19.89%
2025-12-25 07:29:14,100 - INFO -   [10/27] 采集 TON-USDT-SWAP...
2025-12-25 07:29:14,339 - INFO -     💰 当前价格: $1.525
2025-12-25 07:29:14,339 - INFO -     📊 位置: 4h=17.86% | 12h=50.0% | 24h=61.98% | 48h=64.62%
2025-12-25 07:29:14,840 - INFO -   [11/27] 采集 ETC-USDT-SWAP...
2025-12-25 07:29:15,194 - INFO -     💰 当前价格: $12.03
2025-12-25 07:29:15,194 - INFO -     📊 位置: 4h=25.0% | 12h=44.44% | 24h=71.43% | 48h=59.52%
2025-12-25 07:29:15,694 - INFO -   [12/27] 采集 BCH-USDT-SWAP...
2025-12-25 07:29:15,932 - INFO -     💰 当前价格: $573.9
2025-12-25 07:29:15,932 - INFO -     📊 位置: 4h=81.67% | 12h=90.76% | 24h=61.71% | 48h=44.26%
2025-12-25 07:29:16,433 - INFO -   [13/27] 采集 HBAR-USDT-SWAP...
2025-12-25 07:29:16,669 - INFO -     💰 当前价格: $0.11172
2025-12-25 07:29:16,669 - INFO -     📊 位置: 4h=71.36% | 12h=83.52% | 24h=85.95% | 48h=77.14%
2025-12-25 07:29:17,169 - INFO -   [14/27] 采集 XLM-USDT-SWAP...
2025-12-25 07:29:17,395 - INFO -     💰 当前价格: $0.21398
2025-12-25 07:29:17,395 - INFO -     📊 位置: 4h=9.66% | 12h=61.59% | 24h=63.78% | 48h=36.13%
2025-12-25 07:29:17,895 - INFO -   [15/27] 采集 FIL-USDT-SWAP...
2025-12-25 07:29:18,129 - INFO -     💰 当前价格: $1.278
2025-12-25 07:29:18,129 - INFO -     📊 位置: 4h=45.45% | 12h=50.0% | 24h=57.14% | 48h=17.78%
2025-12-25 07:29:18,629 - INFO -   [16/27] 采集 LINK-USDT-SWAP...
2025-12-25 07:29:18,851 - INFO -     💰 当前价格: $12.285
2025-12-25 07:29:18,851 - INFO -     📊 位置: 4h=15.28% | 12h=42.21% | 24h=76.58% | 48h=56.07%
2025-12-25 07:29:19,351 - INFO -   [17/27] 采集 CRO-USDT-SWAP...
2025-12-25 07:29:19,572 - INFO -     💰 当前价格: $0.09408
2025-12-25 07:29:19,572 - INFO -     📊 位置: 4h=35.56% | 12h=83.71% | 24h=86.51% | 48h=51.67%
2025-12-25 07:29:20,072 - INFO -   [18/27] 采集 DOT-USDT-SWAP...
2025-12-25 07:29:20,293 - INFO -     💰 当前价格: $1.737
2025-12-25 07:29:20,293 - INFO -     📊 位置: 4h=16.67% | 12h=48.15% | 24h=70.21% | 48h=40.24%
2025-12-25 07:29:20,793 - INFO -   [19/27] 采集 AAVE-USDT-SWAP...
2025-12-25 07:29:21,012 - INFO -     💰 当前价格: $150.21
2025-12-25 07:29:21,012 - INFO -     📊 位置: 4h=34.58% | 12h=70.73% | 24h=77.58% | 48h=56.34%
2025-12-25 07:29:21,512 - INFO -   [20/27] 采集 UNI-USDT-SWAP...
2025-12-25 07:29:21,735 - INFO -     💰 当前价格: $5.794
2025-12-25 07:29:21,735 - INFO -     📊 位置: 4h=51.9% | 12h=39.05% | 24h=69.49% | 48h=42.54%
2025-12-25 07:29:22,235 - INFO -   [21/27] 采集 NEAR-USDT-SWAP...
2025-12-25 07:29:22,510 - INFO -     💰 当前价格: $1.489
2025-12-25 07:29:22,510 - INFO -     📊 位置: 4h=20.69% | 12h=62.9% | 24h=70.89% | 48h=57.73%
2025-12-25 07:29:23,010 - INFO -   [22/27] 采集 APT-USDT-SWAP...
2025-12-25 07:29:23,235 - INFO -     💰 当前价格: $1.673
2025-12-25 07:29:23,235 - INFO -     📊 位置: 4h=68.09% | 12h=80.77% | 24h=88.97% | 48h=88.97%
2025-12-25 07:29:23,735 - INFO -   [23/27] 采集 CFX-USDT-SWAP...
2025-12-25 07:29:23,954 - INFO -     💰 当前价格: $0.07415
2025-12-25 07:29:23,955 - INFO -     📊 位置: 4h=9.45% | 12h=27.92% | 24h=58.96% | 48h=58.96%
2025-12-25 07:29:24,455 - INFO -   [24/27] 采集 CRV-USDT-SWAP...
2025-12-25 07:29:24,686 - INFO -     💰 当前价格: $0.3794
2025-12-25 07:29:24,686 - INFO -     📊 位置: 4h=32.08% | 12h=52.29% | 24h=72.12% | 48h=75.83%
2025-12-25 07:29:25,186 - INFO -   [25/27] 采集 STX-USDT-SWAP...
2025-12-25 07:29:25,425 - INFO -     💰 当前价格: $0.254
2025-12-25 07:29:25,425 - INFO -     📊 位置: 4h=75.0% | 12h=90.32% | 24h=94.74% | 48h=95.19%
2025-12-25 07:29:25,925 - INFO -   [26/27] 采集 LDO-USDT-SWAP...
2025-12-25 07:29:26,165 - INFO -     💰 当前价格: $0.5606
2025-12-25 07:29:26,165 - INFO -     📊 位置: 4h=74.83% | 12h=88.75% | 24h=92.6% | 48h=92.6%
2025-12-25 07:29:26,666 - INFO -   [27/27] 采集 TAO-USDT-SWAP...
2025-12-25 07:29:26,896 - INFO -     💰 当前价格: $222.3
2025-12-25 07:29:26,896 - INFO -     📊 位置: 4h=29.63% | 12h=79.79% | 24h=89.27% | 48h=89.5%
2025-12-25 07:29:27,401 - INFO - 💾 数据保存成功: 27 个币种
2025-12-25 07:29:27,405 - INFO - 📊 统计数据保存成功:
2025-12-25 07:29:27,405 - INFO -     4h低于1%: 0/27
2025-12-25 07:29:27,405 - INFO -    12h低于1%: 0/27
2025-12-25 07:29:27,405 - INFO -    24h低于1%: 0/27
2025-12-25 07:29:27,405 - INFO -    48h低于1%: 0/27
2025-12-25 07:29:27,406 - INFO - ✅ 数据采集完成: 成功 27/27
2025-12-25 07:29:27,406 - INFO - ⏳ 等待 300 秒后进行下一次采集...

2025-12-25 07:33:48,035 - INFO - ⛔ 收到停止信号，退出采集器
2025-12-25 07:33:48,380 - INFO - ✅ 数据库初始化完成
2025-12-25 07:33:48,380 - INFO - 📊 开始采集位置系统数据...
2025-12-25 07:33:48,380 - INFO - 📋 币种列表: 27 个币种
2025-12-25 07:33:48,390 - INFO -   [1/27] 采集 BTC-USDT-SWAP...
2025-12-25 07:33:48,612 - INFO -     💰 当前价格: $87737.7
2025-12-25 07:33:48,613 - INFO -     📊 位置: 4h=62.14% | 12h=46.95% | 24h=82.39% | 48h=69.98%
2025-12-25 07:33:49,113 - INFO -   [2/27] 采集 ETH-USDT-SWAP...
2025-12-25 07:33:49,347 - INFO -     💰 当前价格: $2938.68
2025-12-25 07:33:49,348 - INFO -     📊 位置: 4h=19.78% | 12h=12.99% | 24h=68.5% | 48h=52.27%
2025-12-25 07:33:49,848 - INFO -   [3/27] 采集 XRP-USDT-SWAP...
2025-12-25 07:33:50,077 - INFO -     💰 当前价格: $1.872
2025-12-25 07:33:50,078 - INFO -     📊 位置: 4h=64.81% | 12h=81.37% | 24h=82.58% | 48h=52.71%
2025-12-25 07:33:50,578 - INFO -   [4/27] 采集 BNB-USDT-SWAP...
2025-12-25 07:33:50,830 - INFO -     💰 当前价格: $842.0
2025-12-25 07:33:50,830 - INFO -     📊 位置: 4h=15.15% | 12h=6.17% | 24h=49.33% | 48h=40.88%
2025-12-25 07:33:51,331 - INFO -   [5/27] 采集 SOL-USDT-SWAP...
2025-12-25 07:33:51,567 - INFO -     💰 当前价格: $122.14
2025-12-25 07:33:51,567 - INFO -     📊 位置: 4h=15.58% | 12h=8.89% | 24h=54.42% | 48h=31.95%
2025-12-25 07:33:52,067 - INFO -   [6/27] 采集 LTC-USDT-SWAP...
2025-12-25 07:33:52,306 - INFO -     💰 当前价格: $76.44
2025-12-25 07:33:52,306 - INFO -     📊 位置: 4h=63.93% | 12h=82.95% | 24h=79.14% | 48h=46.4%
2025-12-25 07:33:52,807 - INFO -   [7/27] 采集 DOGE-USDT-SWAP...
2025-12-25 07:33:53,036 - INFO -     💰 当前价格: $0.12783
2025-12-25 07:33:53,037 - INFO -     📊 位置: 4h=8.49% | 12h=5.66% | 24h=48.03% | 48h=29.26%
2025-12-25 07:33:53,537 - INFO -   [8/27] 采集 SUI-USDT-SWAP...
2025-12-25 07:33:53,776 - INFO -     💰 当前价格: $1.4079
2025-12-25 07:33:53,776 - INFO -     📊 位置: 4h=4.72% | 12h=2.93% | 24h=50.86% | 48h=29.7%
2025-12-25 07:33:54,277 - INFO -   [9/27] 采集 TRX-USDT-SWAP...
2025-12-25 07:33:54,516 - INFO -     💰 当前价格: $0.28001
2025-12-25 07:33:54,516 - INFO -     📊 位置: 4h=28.79% | 12h=47.79% | 24h=23.85% | 48h=21.14%
2025-12-25 07:33:55,017 - INFO -   [10/27] 采集 TON-USDT-SWAP...
2025-12-25 07:33:55,248 - INFO -     💰 当前价格: $1.526
2025-12-25 07:33:55,249 - INFO -     📊 位置: 4h=19.64% | 12h=51.09% | 24h=62.81% | 48h=65.38%
2025-12-25 07:33:55,749 - INFO -   [11/27] 采集 ETC-USDT-SWAP...
2025-12-25 07:33:55,986 - INFO -     💰 当前价格: $12.02
2025-12-25 07:33:55,986 - INFO -     📊 位置: 4h=12.5% | 12h=38.89% | 24h=68.57% | 48h=57.14%
2025-12-25 07:33:56,486 - INFO -   [12/27] 采集 BCH-USDT-SWAP...
2025-12-25 07:33:56,724 - INFO -     💰 当前价格: $573.6
2025-12-25 07:33:56,725 - INFO -     📊 位置: 4h=76.67% | 12h=88.24% | 24h=60.0% | 48h=43.03%
2025-12-25 07:33:57,225 - INFO -   [13/27] 采集 HBAR-USDT-SWAP...
2025-12-25 07:33:57,463 - INFO -     💰 当前价格: $0.11174
2025-12-25 07:33:57,463 - INFO -     📊 位置: 4h=72.33% | 12h=84.08% | 24h=86.43% | 48h=77.56%
2025-12-25 07:33:57,963 - INFO -   [14/27] 采集 XLM-USDT-SWAP...
2025-12-25 07:33:58,192 - INFO -     💰 当前价格: $0.2139
2025-12-25 07:33:58,192 - INFO -     📊 位置: 4h=5.11% | 12h=59.66% | 24h=61.96% | 48h=35.1%
2025-12-25 07:33:58,693 - INFO -   [15/27] 采集 FIL-USDT-SWAP...
2025-12-25 07:33:58,919 - INFO -     💰 当前价格: $1.278
2025-12-25 07:33:58,919 - INFO -     📊 位置: 4h=45.45% | 12h=50.0% | 24h=57.14% | 48h=17.78%
2025-12-25 07:33:59,419 - INFO -   [16/27] 采集 LINK-USDT-SWAP...
2025-12-25 07:33:59,649 - INFO -     💰 当前价格: $12.281
2025-12-25 07:33:59,649 - INFO -     📊 位置: 4h=9.72% | 12h=39.61% | 24h=75.53% | 48h=55.3%
2025-12-25 07:34:00,149 - INFO -   [17/27] 采集 CRO-USDT-SWAP...
2025-12-25 07:34:00,382 - INFO -     💰 当前价格: $0.09401
2025-12-25 07:34:00,382 - INFO -     📊 位置: 4h=20.0% | 12h=79.78% | 24h=83.26% | 48h=49.72%
2025-12-25 07:34:00,883 - INFO -   [18/27] 采集 DOT-USDT-SWAP...
2025-12-25 07:34:01,115 - INFO -     💰 当前价格: $1.736
2025-12-25 07:34:01,116 - INFO -     📊 位置: 4h=8.33% | 12h=44.44% | 24h=68.09% | 48h=39.02%
2025-12-25 07:34:01,616 - INFO -   [19/27] 采集 AAVE-USDT-SWAP...
2025-12-25 07:34:01,862 - INFO -     💰 当前价格: $150.17
2025-12-25 07:34:01,862 - INFO -     📊 位置: 4h=30.84% | 12h=69.69% | 24h=76.79% | 48h=55.76%
2025-12-25 07:34:02,362 - INFO -   [20/27] 采集 UNI-USDT-SWAP...
2025-12-25 07:34:02,592 - INFO -     💰 当前价格: $5.791
2025-12-25 07:34:02,593 - INFO -     📊 位置: 4h=48.1% | 12h=36.19% | 24h=68.47% | 48h=41.92%
2025-12-25 07:34:03,093 - INFO -   [21/27] 采集 NEAR-USDT-SWAP...
2025-12-25 07:34:03,316 - INFO -     💰 当前价格: $1.488
2025-12-25 07:34:03,317 - INFO -     📊 位置: 4h=17.24% | 12h=61.29% | 24h=69.62% | 48h=56.7%
2025-12-25 07:34:03,817 - INFO -   [22/27] 采集 APT-USDT-SWAP...
2025-12-25 07:34:04,050 - INFO -     💰 当前价格: $1.672
2025-12-25 07:34:04,051 - INFO -     📊 位置: 4h=65.96% | 12h=79.49% | 24h=88.24% | 48h=88.24%
2025-12-25 07:34:04,551 - INFO -   [23/27] 采集 CFX-USDT-SWAP...
2025-12-25 07:34:04,792 - INFO -     💰 当前价格: $0.07416
2025-12-25 07:34:04,793 - INFO -     📊 位置: 4h=9.71% | 12h=28.08% | 24h=59.06% | 48h=59.06%
2025-12-25 07:34:05,293 - INFO -   [24/27] 采集 CRV-USDT-SWAP...
2025-12-25 07:34:05,532 - INFO -     💰 当前价格: $0.3791
2025-12-25 07:34:05,532 - INFO -     📊 位置: 4h=26.42% | 12h=49.54% | 24h=70.67% | 48h=74.58%
2025-12-25 07:34:06,032 - INFO -   [25/27] 采集 STX-USDT-SWAP...
2025-12-25 07:34:06,259 - INFO -     💰 当前价格: $0.2543
2025-12-25 07:34:06,260 - INFO -     📊 位置: 4h=83.33% | 12h=93.55% | 24h=96.49% | 48h=96.79%
2025-12-25 07:34:06,760 - INFO -   [26/27] 采集 LDO-USDT-SWAP...
2025-12-25 07:34:06,989 - INFO -     💰 当前价格: $0.5616
2025-12-25 07:34:06,990 - INFO -     📊 位置: 4h=81.63% | 12h=91.79% | 24h=94.6% | 48h=94.6%
2025-12-25 07:34:07,490 - INFO -   [27/27] 采集 TAO-USDT-SWAP...
2025-12-25 07:34:07,730 - INFO -     💰 当前价格: $222.2
2025-12-25 07:34:07,730 - INFO -     📊 位置: 4h=25.93% | 12h=78.72% | 24h=88.7% | 48h=88.95%
2025-12-25 07:34:08,237 - INFO - 💾 数据保存成功: 27 个币种
2025-12-25 07:34:08,240 - INFO - 📊 统计数据保存成功:
2025-12-25 07:34:08,241 - INFO -     4h低于1%: 0/27
2025-12-25 07:34:08,241 - INFO -    12h低于1%: 0/27
2025-12-25 07:34:08,241 - INFO -    24h低于1%: 0/27
2025-12-25 07:34:08,241 - INFO -    48h低于1%: 0/27
2025-12-25 07:34:08,241 - INFO - ✅ 数据采集完成: 成功 27/27
2025-12-25 07:34:08,241 - INFO - 🚀 位置系统采集器启动，采集间隔: 300秒
2025-12-25 07:34:08,242 - INFO - 📊 开始采集位置系统数据...
2025-12-25 07:34:08,242 - INFO - 📋 币种列表: 27 个币种
2025-12-25 07:34:08,242 - INFO -   [1/27] 采集 BTC-USDT-SWAP...
2025-12-25 07:34:08,477 - INFO -     💰 当前价格: $87737.9
2025-12-25 07:34:08,478 - INFO -     📊 位置: 4h=62.24% | 12h=46.99% | 24h=82.4% | 48h=69.99%
2025-12-25 07:34:08,978 - INFO -   [2/27] 采集 ETH-USDT-SWAP...
2025-12-25 07:34:09,216 - INFO -     💰 当前价格: $2938.35
2025-12-25 07:34:09,216 - INFO -     📊 位置: 4h=16.73% | 12h=11.81% | 24h=68.07% | 48h=51.94%
2025-12-25 07:34:09,717 - INFO -   [3/27] 采集 XRP-USDT-SWAP...
2025-12-25 07:34:09,946 - INFO -     💰 当前价格: $1.8721
2025-12-25 07:34:09,946 - INFO -     📊 位置: 4h=65.74% | 12h=81.86% | 24h=82.93% | 48h=52.86%
2025-12-25 07:34:10,446 - INFO -   [4/27] 采集 BNB-USDT-SWAP...
2025-12-25 07:34:10,678 - INFO -     💰 当前价格: $842.1
2025-12-25 07:34:10,678 - INFO -     📊 位置: 4h=18.18% | 12h=7.41% | 24h=50.0% | 48h=41.44%
2025-12-25 07:34:11,179 - INFO -   [5/27] 采集 SOL-USDT-SWAP...
2025-12-25 07:34:11,419 - INFO -     💰 当前价格: $122.13
2025-12-25 07:34:11,419 - INFO -     📊 位置: 4h=14.29% | 12h=8.15% | 24h=54.06% | 48h=31.76%
2025-12-25 07:34:11,920 - INFO -   [6/27] 采集 LTC-USDT-SWAP...
2025-12-25 07:34:12,148 - INFO -     💰 当前价格: $76.43
2025-12-25 07:34:12,148 - INFO -     📊 位置: 4h=62.3% | 12h=82.17% | 24h=78.53% | 48h=46.04%
2025-12-25 07:34:12,648 - INFO -   [7/27] 采集 DOGE-USDT-SWAP...
2025-12-25 07:34:12,882 - INFO -     💰 当前价格: $0.12781
2025-12-25 07:34:12,882 - INFO -     📊 位置: 4h=6.6% | 12h=4.4% | 24h=47.37% | 48h=28.86%
2025-12-25 07:34:13,382 - INFO -   [8/27] 采集 SUI-USDT-SWAP...
2025-12-25 07:34:13,618 - INFO -     💰 当前价格: $1.4079
2025-12-25 07:34:13,618 - INFO -     📊 位置: 4h=4.72% | 12h=2.93% | 24h=50.86% | 48h=29.7%
2025-12-25 07:34:14,118 - INFO -   [9/27] 采集 TRX-USDT-SWAP...
2025-12-25 07:34:14,349 - INFO -     💰 当前价格: $0.28
2025-12-25 07:34:14,349 - INFO -     📊 位置: 4h=27.27% | 12h=47.39% | 24h=23.65% | 48h=20.96%
2025-12-25 07:34:14,849 - INFO -   [10/27] 采集 TON-USDT-SWAP...
2025-12-25 07:34:15,077 - INFO -     💰 当前价格: $1.526
2025-12-25 07:34:15,078 - INFO -     📊 位置: 4h=19.64% | 12h=51.09% | 24h=62.81% | 48h=65.38%
2025-12-25 07:34:15,578 - INFO -   [11/27] 采集 ETC-USDT-SWAP...
2025-12-25 07:34:15,812 - INFO -     💰 当前价格: $12.02
2025-12-25 07:34:15,812 - INFO -     📊 位置: 4h=12.5% | 12h=38.89% | 24h=68.57% | 48h=57.14%
2025-12-25 07:34:16,313 - INFO -   [12/27] 采集 BCH-USDT-SWAP...
2025-12-25 07:34:16,555 - INFO -     💰 当前价格: $573.5
2025-12-25 07:34:16,556 - INFO -     📊 位置: 4h=75.0% | 12h=87.39% | 24h=59.43% | 48h=42.62%
2025-12-25 07:34:17,056 - INFO -   [13/27] 采集 HBAR-USDT-SWAP...
2025-12-25 07:34:17,288 - INFO -     💰 当前价格: $0.11174
2025-12-25 07:34:17,289 - INFO -     📊 位置: 4h=72.33% | 12h=84.08% | 24h=86.43% | 48h=77.56%
2025-12-25 07:34:17,789 - INFO -   [14/27] 采集 XLM-USDT-SWAP...
2025-12-25 07:34:18,021 - INFO -     💰 当前价格: $0.2139
2025-12-25 07:34:18,022 - INFO -     📊 位置: 4h=5.11% | 12h=59.66% | 24h=61.96% | 48h=35.1%
2025-12-25 07:34:18,522 - INFO -   [15/27] 采集 FIL-USDT-SWAP...
2025-12-25 07:34:18,768 - INFO -     💰 当前价格: $1.278
2025-12-25 07:34:18,768 - INFO -     📊 位置: 4h=45.45% | 12h=50.0% | 24h=57.14% | 48h=17.78%
2025-12-25 07:34:19,268 - INFO -   [16/27] 采集 LINK-USDT-SWAP...
2025-12-25 07:34:19,489 - INFO -     💰 当前价格: $12.281
2025-12-25 07:34:19,489 - INFO -     📊 位置: 4h=9.72% | 12h=39.61% | 24h=75.53% | 48h=55.3%
2025-12-25 07:34:19,989 - INFO -   [17/27] 采集 CRO-USDT-SWAP...
2025-12-25 07:34:20,218 - INFO -     💰 当前价格: $0.09402
2025-12-25 07:34:20,218 - INFO -     📊 位置: 4h=22.22% | 12h=80.34% | 24h=83.72% | 48h=50.0%
2025-12-25 07:34:20,719 - INFO -   [18/27] 采集 DOT-USDT-SWAP...
2025-12-25 07:34:20,941 - INFO -     💰 当前价格: $1.736
2025-12-25 07:34:20,942 - INFO -     📊 位置: 4h=8.33% | 12h=44.44% | 24h=68.09% | 48h=39.02%
2025-12-25 07:34:21,443 - INFO -   [19/27] 采集 AAVE-USDT-SWAP...
2025-12-25 07:34:21,675 - INFO -     💰 当前价格: $150.17
2025-12-25 07:34:21,675 - INFO -     📊 位置: 4h=30.84% | 12h=69.69% | 24h=76.79% | 48h=55.76%
2025-12-25 07:34:22,176 - INFO -   [20/27] 采集 UNI-USDT-SWAP...
2025-12-25 07:34:22,410 - INFO -     💰 当前价格: $5.79
2025-12-25 07:34:22,411 - INFO -     📊 位置: 4h=46.84% | 12h=35.24% | 24h=68.14% | 48h=41.72%
2025-12-25 07:34:22,911 - INFO -   [21/27] 采集 NEAR-USDT-SWAP...
2025-12-25 07:34:23,149 - INFO -     💰 当前价格: $1.488
2025-12-25 07:34:23,150 - INFO -     📊 位置: 4h=17.24% | 12h=61.29% | 24h=69.62% | 48h=56.7%
2025-12-25 07:34:23,650 - INFO -   [22/27] 采集 APT-USDT-SWAP...
2025-12-25 07:34:23,885 - INFO -     💰 当前价格: $1.672
2025-12-25 07:34:23,885 - INFO -     📊 位置: 4h=65.96% | 12h=79.49% | 24h=88.24% | 48h=88.24%
2025-12-25 07:34:24,385 - INFO -   [23/27] 采集 CFX-USDT-SWAP...
2025-12-25 07:34:24,607 - INFO -     💰 当前价格: $0.07419
2025-12-25 07:34:24,607 - INFO -     📊 位置: 4h=10.5% | 12h=28.57% | 24h=59.33% | 48h=59.33%
2025-12-25 07:34:25,107 - INFO -   [24/27] 采集 CRV-USDT-SWAP...
2025-12-25 07:34:25,338 - INFO -     💰 当前价格: $0.3791
2025-12-25 07:34:25,338 - INFO -     📊 位置: 4h=26.42% | 12h=49.54% | 24h=70.67% | 48h=74.58%
2025-12-25 07:34:25,838 - INFO -   [25/27] 采集 STX-USDT-SWAP...
2025-12-25 07:34:26,076 - INFO -     💰 当前价格: $0.2542
2025-12-25 07:34:26,077 - INFO -     📊 位置: 4h=80.56% | 12h=92.47% | 24h=95.91% | 48h=96.26%
2025-12-25 07:34:26,577 - INFO -   [26/27] 采集 LDO-USDT-SWAP...
2025-12-25 07:34:26,825 - INFO -     💰 当前价格: $0.5615
2025-12-25 07:34:26,825 - INFO -     📊 位置: 4h=80.95% | 12h=91.49% | 24h=94.4% | 48h=94.4%
2025-12-25 07:34:27,326 - INFO -   [27/27] 采集 TAO-USDT-SWAP...
2025-12-25 07:34:27,559 - INFO -     💰 当前价格: $222.2
2025-12-25 07:34:27,559 - INFO -     📊 位置: 4h=25.93% | 12h=78.72% | 24h=88.7% | 48h=88.95%
2025-12-25 07:34:28,064 - INFO - 💾 数据保存成功: 27 个币种
2025-12-25 07:34:28,067 - INFO - 📊 统计数据保存成功:
2025-12-25 07:34:28,068 - INFO -     4h低于1%: 0/27
2025-12-25 07:34:28,068 - INFO -    12h低于1%: 0/27
2025-12-25 07:34:28,068 - INFO -    24h低于1%: 0/27
2025-12-25 07:34:28,068 - INFO -    48h低于1%: 0/27
2025-12-25 07:34:28,068 - INFO - ✅ 数据采集完成: 成功 27/27
2025-12-25 07:34:28,068 - INFO - ⏳ 等待 300 秒后进行下一次采集...

2025-12-25 07:38:48,974 - INFO - ⛔ 收到停止信号，退出采集器
2025-12-25 07:38:49,315 - INFO - ✅ 数据库初始化完成
2025-12-25 07:38:49,315 - INFO - 📊 开始采集位置系统数据...
2025-12-25 07:38:49,315 - INFO - 📋 币种列表: 27 个币种
2025-12-25 07:38:49,326 - INFO -   [1/27] 采集 BTC-USDT-SWAP...
2025-12-25 07:38:49,553 - INFO -     💰 当前价格: $87725.2
2025-12-25 07:38:49,554 - INFO -     📊 位置: 4h=55.92% | 12h=44.72% | 24h=81.64% | 48h=69.35%
2025-12-25 07:38:50,054 - INFO -   [2/27] 采集 ETH-USDT-SWAP...
2025-12-25 07:38:50,290 - INFO -     💰 当前价格: $2938.95
2025-12-25 07:38:50,290 - INFO -     📊 位置: 4h=22.27% | 12h=13.97% | 24h=68.85% | 48h=52.54%
2025-12-25 07:38:50,791 - INFO -   [3/27] 采集 XRP-USDT-SWAP...
2025-12-25 07:38:51,021 - INFO -     💰 当前价格: $1.8719
2025-12-25 07:38:51,021 - INFO -     📊 位置: 4h=63.89% | 12h=80.88% | 24h=82.23% | 48h=52.56%
2025-12-25 07:38:51,521 - INFO -   [4/27] 采集 BNB-USDT-SWAP...
2025-12-25 07:38:51,749 - INFO -     💰 当前价格: $841.6
2025-12-25 07:38:51,750 - INFO -     📊 位置: 4h=3.03% | 12h=1.23% | 24h=46.67% | 48h=38.67%
2025-12-25 07:38:52,250 - INFO -   [5/27] 采集 SOL-USDT-SWAP...
2025-12-25 07:38:52,480 - INFO -     💰 当前价格: $122.11
2025-12-25 07:38:52,481 - INFO -     📊 位置: 4h=11.69% | 12h=6.67% | 24h=53.36% | 48h=31.36%
2025-12-25 07:38:52,981 - INFO -   [6/27] 采集 LTC-USDT-SWAP...
2025-12-25 07:38:53,222 - INFO -     💰 当前价格: $76.44
2025-12-25 07:38:53,222 - INFO -     📊 位置: 4h=63.93% | 12h=82.95% | 24h=79.14% | 48h=46.4%
2025-12-25 07:38:53,723 - INFO -   [7/27] 采集 DOGE-USDT-SWAP...
2025-12-25 07:38:53,954 - INFO -     💰 当前价格: $0.12772
2025-12-25 07:38:53,954 - INFO -     📊 位置: 4h=5.26% | 12h=3.59% | 24h=44.41% | 48h=27.05%
2025-12-25 07:38:54,455 - INFO -   [8/27] 采集 SUI-USDT-SWAP...
2025-12-25 07:38:54,677 - INFO -     💰 当前价格: $1.4068
2025-12-25 07:38:54,677 - INFO -     📊 位置: 4h=5.71% | 12h=3.67% | 24h=48.16% | 48h=28.12%
2025-12-25 07:38:55,177 - INFO -   [9/27] 采集 TRX-USDT-SWAP...
2025-12-25 07:38:55,411 - INFO -     💰 当前价格: $0.27992
2025-12-25 07:38:55,411 - INFO -     📊 位置: 4h=15.15% | 12h=44.18% | 24h=22.04% | 48h=19.54%
2025-12-25 07:38:55,912 - INFO -   [10/27] 采集 TON-USDT-SWAP...
2025-12-25 07:38:56,151 - INFO -     💰 当前价格: $1.525
2025-12-25 07:38:56,152 - INFO -     📊 位置: 4h=17.86% | 12h=50.0% | 24h=61.98% | 48h=64.62%
2025-12-25 07:38:56,652 - INFO -   [11/27] 采集 ETC-USDT-SWAP...
2025-12-25 07:38:56,893 - INFO -     💰 当前价格: $12.02
2025-12-25 07:38:56,894 - INFO -     📊 位置: 4h=12.5% | 12h=38.89% | 24h=68.57% | 48h=57.14%
2025-12-25 07:38:57,394 - INFO -   [12/27] 采集 BCH-USDT-SWAP...
2025-12-25 07:38:57,626 - INFO -     💰 当前价格: $573.3
2025-12-25 07:38:57,626 - INFO -     📊 位置: 4h=71.67% | 12h=85.71% | 24h=58.29% | 48h=41.8%
2025-12-25 07:38:58,127 - INFO -   [13/27] 采集 HBAR-USDT-SWAP...
2025-12-25 07:38:58,372 - INFO -     💰 当前价格: $0.11174
2025-12-25 07:38:58,372 - INFO -     📊 位置: 4h=72.33% | 12h=84.08% | 24h=86.43% | 48h=77.56%
2025-12-25 07:38:58,873 - INFO -   [14/27] 采集 XLM-USDT-SWAP...
2025-12-25 07:38:59,101 - INFO -     💰 当前价格: $0.2137
2025-12-25 07:38:59,101 - INFO -     📊 位置: 4h=3.61% | 12h=54.83% | 24h=57.4% | 48h=32.52%
2025-12-25 07:38:59,601 - INFO -   [15/27] 采集 FIL-USDT-SWAP...
2025-12-25 07:38:59,834 - INFO -     💰 当前价格: $1.278
2025-12-25 07:38:59,835 - INFO -     📊 位置: 4h=45.45% | 12h=50.0% | 24h=57.14% | 48h=17.78%
2025-12-25 07:39:00,335 - INFO -   [16/27] 采集 LINK-USDT-SWAP...
2025-12-25 07:39:00,576 - INFO -     💰 当前价格: $12.277
2025-12-25 07:39:00,576 - INFO -     📊 位置: 4h=5.48% | 12h=37.01% | 24h=74.47% | 48h=54.53%
2025-12-25 07:39:01,076 - INFO -   [17/27] 采集 CRO-USDT-SWAP...
2025-12-25 07:39:01,299 - INFO -     💰 当前价格: $0.09404
2025-12-25 07:39:01,299 - INFO -     📊 位置: 4h=26.67% | 12h=81.46% | 24h=84.65% | 48h=50.56%
2025-12-25 07:39:01,799 - INFO -   [18/27] 采集 DOT-USDT-SWAP...
2025-12-25 07:39:02,028 - INFO -     💰 当前价格: $1.735
2025-12-25 07:39:02,028 - INFO -     📊 位置: 4h=7.69% | 12h=40.74% | 24h=65.96% | 48h=37.8%
2025-12-25 07:39:02,529 - INFO -   [19/27] 采集 AAVE-USDT-SWAP...
2025-12-25 07:39:02,762 - INFO -     💰 当前价格: $150.17
2025-12-25 07:39:02,763 - INFO -     📊 位置: 4h=30.84% | 12h=69.69% | 24h=76.79% | 48h=55.76%
2025-12-25 07:39:03,263 - INFO -   [20/27] 采集 UNI-USDT-SWAP...
2025-12-25 07:39:03,492 - INFO -     💰 当前价格: $5.788
2025-12-25 07:39:03,492 - INFO -     📊 位置: 4h=44.3% | 12h=33.33% | 24h=67.46% | 48h=41.31%
2025-12-25 07:39:03,993 - INFO -   [21/27] 采集 NEAR-USDT-SWAP...
2025-12-25 07:39:04,225 - INFO -     💰 当前价格: $1.489
2025-12-25 07:39:04,225 - INFO -     📊 位置: 4h=20.69% | 12h=62.9% | 24h=70.89% | 48h=57.73%
2025-12-25 07:39:04,726 - INFO -   [22/27] 采集 APT-USDT-SWAP...
2025-12-25 07:39:04,957 - INFO -     💰 当前价格: $1.669
2025-12-25 07:39:04,957 - INFO -     📊 位置: 4h=59.57% | 12h=75.64% | 24h=86.03% | 48h=86.03%
2025-12-25 07:39:05,457 - INFO -   [23/27] 采集 CFX-USDT-SWAP...
2025-12-25 07:39:05,695 - INFO -     💰 当前价格: $0.07421
2025-12-25 07:39:05,695 - INFO -     📊 位置: 4h=11.02% | 12h=28.9% | 24h=59.52% | 48h=59.52%
2025-12-25 07:39:06,195 - INFO -   [24/27] 采集 CRV-USDT-SWAP...
2025-12-25 07:39:06,428 - INFO -     💰 当前价格: $0.3789
2025-12-25 07:39:06,428 - INFO -     📊 位置: 4h=22.64% | 12h=47.71% | 24h=69.71% | 48h=73.75%
2025-12-25 07:39:06,928 - INFO -   [25/27] 采集 STX-USDT-SWAP...
2025-12-25 07:39:07,161 - INFO -     💰 当前价格: $0.254
2025-12-25 07:39:07,161 - INFO -     📊 位置: 4h=75.0% | 12h=90.32% | 24h=94.74% | 48h=95.19%
2025-12-25 07:39:07,662 - INFO -   [26/27] 采集 LDO-USDT-SWAP...
2025-12-25 07:39:07,896 - INFO -     💰 当前价格: $0.5612
2025-12-25 07:39:07,897 - INFO -     📊 位置: 4h=78.91% | 12h=90.58% | 24h=93.8% | 48h=93.8%
2025-12-25 07:39:08,397 - INFO -   [27/27] 采集 TAO-USDT-SWAP...
2025-12-25 07:39:08,636 - INFO -     💰 当前价格: $222.5
2025-12-25 07:39:08,636 - INFO -     📊 位置: 4h=37.04% | 12h=81.91% | 24h=90.4% | 48h=90.61%
2025-12-25 07:39:09,142 - INFO - 💾 数据保存成功: 27 个币种
2025-12-25 07:39:09,146 - INFO - 📊 统计数据保存成功:
2025-12-25 07:39:09,146 - INFO -     4h低于1%: 0/27
2025-12-25 07:39:09,146 - INFO -    12h低于1%: 0/27
2025-12-25 07:39:09,146 - INFO -    24h低于1%: 0/27
2025-12-25 07:39:09,146 - INFO -    48h低于1%: 0/27
2025-12-25 07:39:09,146 - INFO - ✅ 数据采集完成: 成功 27/27
2025-12-25 07:39:09,147 - INFO - 🚀 位置系统采集器启动，采集间隔: 300秒
2025-12-25 07:39:09,147 - INFO - 📊 开始采集位置系统数据...
2025-12-25 07:39:09,147 - INFO - 📋 币种列表: 27 个币种
2025-12-25 07:39:09,147 - INFO -   [1/27] 采集 BTC-USDT-SWAP...
2025-12-25 07:39:09,376 - INFO -     💰 当前价格: $87725.2
2025-12-25 07:39:09,376 - INFO -     📊 位置: 4h=55.92% | 12h=44.72% | 24h=81.64% | 48h=69.35%
2025-12-25 07:39:09,876 - INFO -   [2/27] 采集 ETH-USDT-SWAP...
2025-12-25 07:39:10,098 - INFO -     💰 当前价格: $2939.12
2025-12-25 07:39:10,099 - INFO -     📊 位置: 4h=23.84% | 12h=14.58% | 24h=69.07% | 48h=52.71%
2025-12-25 07:39:10,599 - INFO -   [3/27] 采集 XRP-USDT-SWAP...
2025-12-25 07:39:10,838 - INFO -     💰 当前价格: $1.8725
2025-12-25 07:39:10,838 - INFO -     📊 位置: 4h=69.44% | 12h=83.82% | 24h=84.32% | 48h=53.44%
2025-12-25 07:39:11,339 - INFO -   [4/27] 采集 BNB-USDT-SWAP...
2025-12-25 07:39:11,576 - INFO -     💰 当前价格: $841.5
2025-12-25 07:39:11,576 - INFO -     📊 位置: 4h=0.0% | 12h=0.0% | 24h=46.0% | 48h=38.12%
2025-12-25 07:39:12,077 - INFO -   [5/27] 采集 SOL-USDT-SWAP...
2025-12-25 07:39:12,309 - INFO -     💰 当前价格: $122.11
2025-12-25 07:39:12,309 - INFO -     📊 位置: 4h=11.69% | 12h=6.67% | 24h=53.36% | 48h=31.36%
2025-12-25 07:39:12,810 - INFO -   [6/27] 采集 LTC-USDT-SWAP...
2025-12-25 07:39:13,048 - INFO -     💰 当前价格: $76.44
2025-12-25 07:39:13,048 - INFO -     📊 位置: 4h=63.93% | 12h=82.95% | 24h=79.14% | 48h=46.4%
2025-12-25 07:39:13,548 - INFO -   [7/27] 采集 DOGE-USDT-SWAP...
2025-12-25 07:39:13,781 - INFO -     💰 当前价格: $0.12771
2025-12-25 07:39:13,781 - INFO -     📊 位置: 4h=4.39% | 12h=2.99% | 24h=44.08% | 48h=26.85%
2025-12-25 07:39:14,282 - INFO -   [8/27] 采集 SUI-USDT-SWAP...
2025-12-25 07:39:14,508 - INFO -     💰 当前价格: $1.407
2025-12-25 07:39:14,509 - INFO -     📊 位置: 4h=7.14% | 12h=4.59% | 24h=48.65% | 48h=28.41%
2025-12-25 07:39:15,009 - INFO -   [9/27] 采集 TRX-USDT-SWAP...
2025-12-25 07:39:15,246 - INFO -     💰 当前价格: $0.27992
2025-12-25 07:39:15,247 - INFO -     📊 位置: 4h=15.15% | 12h=44.18% | 24h=22.04% | 48h=19.54%
2025-12-25 07:39:15,747 - INFO -   [10/27] 采集 TON-USDT-SWAP...
2025-12-25 07:39:15,983 - INFO -     💰 当前价格: $1.526
2025-12-25 07:39:15,983 - INFO -     📊 位置: 4h=19.64% | 12h=51.09% | 24h=62.81% | 48h=65.38%
2025-12-25 07:39:16,483 - INFO -   [11/27] 采集 ETC-USDT-SWAP...
2025-12-25 07:39:16,721 - INFO -     💰 当前价格: $12.02
2025-12-25 07:39:16,722 - INFO -     📊 位置: 4h=12.5% | 12h=38.89% | 24h=68.57% | 48h=57.14%
2025-12-25 07:39:17,222 - INFO -   [12/27] 采集 BCH-USDT-SWAP...
2025-12-25 07:39:17,464 - INFO -     💰 当前价格: $574.0
2025-12-25 07:39:17,465 - INFO -     📊 位置: 4h=83.33% | 12h=91.6% | 24h=62.29% | 48h=44.67%
2025-12-25 07:39:17,965 - INFO -   [13/27] 采集 HBAR-USDT-SWAP...
2025-12-25 07:39:18,192 - INFO -     💰 当前价格: $0.11176
2025-12-25 07:39:18,193 - INFO -     📊 位置: 4h=73.3% | 12h=84.64% | 24h=86.9% | 48h=77.99%
2025-12-25 07:39:18,693 - INFO -   [14/27] 采集 XLM-USDT-SWAP...
2025-12-25 07:39:18,938 - INFO -     💰 当前价格: $0.21374
2025-12-25 07:39:18,938 - INFO -     📊 位置: 4h=5.67% | 12h=55.8% | 24h=58.31% | 48h=33.03%
2025-12-25 07:39:19,438 - INFO -   [15/27] 采集 FIL-USDT-SWAP...
2025-12-25 07:39:19,670 - INFO -     💰 当前价格: $1.278
2025-12-25 07:39:19,671 - INFO -     📊 位置: 4h=45.45% | 12h=50.0% | 24h=57.14% | 48h=17.78%
2025-12-25 07:39:20,171 - INFO -   [16/27] 采集 LINK-USDT-SWAP...
2025-12-25 07:39:20,407 - INFO -     💰 当前价格: $12.279
2025-12-25 07:39:20,407 - INFO -     📊 位置: 4h=8.22% | 12h=38.31% | 24h=75.0% | 48h=54.91%
2025-12-25 07:39:20,908 - INFO -   [17/27] 采集 CRO-USDT-SWAP...
2025-12-25 07:39:21,145 - INFO -     💰 当前价格: $0.09404
2025-12-25 07:39:21,145 - INFO -     📊 位置: 4h=26.67% | 12h=81.46% | 24h=84.65% | 48h=50.56%
2025-12-25 07:39:21,645 - INFO -   [18/27] 采集 DOT-USDT-SWAP...
2025-12-25 07:39:21,877 - INFO -     💰 当前价格: $1.736
2025-12-25 07:39:21,877 - INFO -     📊 位置: 4h=15.38% | 12h=44.44% | 24h=68.09% | 48h=39.02%
2025-12-25 07:39:22,378 - INFO -   [19/27] 采集 AAVE-USDT-SWAP...
2025-12-25 07:39:22,618 - INFO -     💰 当前价格: $150.17
2025-12-25 07:39:22,619 - INFO -     📊 位置: 4h=30.84% | 12h=69.69% | 24h=76.79% | 48h=55.76%
2025-12-25 07:39:23,119 - INFO -   [20/27] 采集 UNI-USDT-SWAP...
2025-12-25 07:39:23,359 - INFO -     💰 当前价格: $5.788
2025-12-25 07:39:23,360 - INFO -     📊 位置: 4h=44.3% | 12h=33.33% | 24h=67.46% | 48h=41.31%
2025-12-25 07:39:23,860 - INFO -   [21/27] 采集 NEAR-USDT-SWAP...
2025-12-25 07:39:24,091 - INFO -     💰 当前价格: $1.489
2025-12-25 07:39:24,091 - INFO -     📊 位置: 4h=20.69% | 12h=62.9% | 24h=70.89% | 48h=57.73%
2025-12-25 07:39:24,592 - INFO -   [22/27] 采集 APT-USDT-SWAP...
2025-12-25 07:39:24,827 - INFO -     💰 当前价格: $1.67
2025-12-25 07:39:24,827 - INFO -     📊 位置: 4h=61.7% | 12h=76.92% | 24h=86.76% | 48h=86.76%
2025-12-25 07:39:25,328 - INFO -   [23/27] 采集 CFX-USDT-SWAP...
2025-12-25 07:39:25,557 - INFO -     💰 当前价格: $0.07415
2025-12-25 07:39:25,557 - INFO -     📊 位置: 4h=9.45% | 12h=27.92% | 24h=58.96% | 48h=58.96%
2025-12-25 07:39:26,057 - INFO -   [24/27] 采集 CRV-USDT-SWAP...
2025-12-25 07:39:26,280 - INFO -     💰 当前价格: $0.3789
2025-12-25 07:39:26,280 - INFO -     📊 位置: 4h=22.64% | 12h=47.71% | 24h=69.71% | 48h=73.75%
2025-12-25 07:39:26,780 - INFO -   [25/27] 采集 STX-USDT-SWAP...
2025-12-25 07:39:27,015 - INFO -     💰 当前价格: $0.254
2025-12-25 07:39:27,016 - INFO -     📊 位置: 4h=75.0% | 12h=90.32% | 24h=94.74% | 48h=95.19%
2025-12-25 07:39:27,516 - INFO -   [26/27] 采集 LDO-USDT-SWAP...
2025-12-25 07:39:27,744 - INFO -     💰 当前价格: $0.5612
2025-12-25 07:39:27,744 - INFO -     📊 位置: 4h=78.91% | 12h=90.58% | 24h=93.8% | 48h=93.8%
2025-12-25 07:39:28,244 - INFO -   [27/27] 采集 TAO-USDT-SWAP...
2025-12-25 07:39:28,466 - INFO -     💰 当前价格: $222.4
2025-12-25 07:39:28,466 - INFO -     📊 位置: 4h=33.33% | 12h=80.85% | 24h=89.83% | 48h=90.06%
2025-12-25 07:39:28,971 - INFO - 💾 数据保存成功: 27 个币种
2025-12-25 07:39:28,974 - INFO - 📊 统计数据保存成功:
2025-12-25 07:39:28,975 - INFO -     4h低于1%: 1/27
2025-12-25 07:39:28,975 - INFO -    12h低于1%: 1/27
2025-12-25 07:39:28,975 - INFO -    24h低于1%: 0/27
2025-12-25 07:39:28,975 - INFO -    48h低于1%: 0/27
2025-12-25 07:39:28,975 - INFO - ✅ 数据采集完成: 成功 27/27
2025-12-25 07:39:28,975 - INFO - ⏳ 等待 300 秒后进行下一次采集...

2025-12-25 07:43:49,841 - INFO - ⛔ 收到停止信号，退出采集器
2025-12-25 07:43:50,179 - INFO - ✅ 数据库初始化完成
2025-12-25 07:43:50,179 - INFO - 📊 开始采集位置系统数据...
2025-12-25 07:43:50,179 - INFO - 📋 币种列表: 27 个币种
2025-12-25 07:43:50,190 - INFO -   [1/27] 采集 BTC-USDT-SWAP...
2025-12-25 07:43:50,424 - INFO -     💰 当前价格: $87713.5
2025-12-25 07:43:50,424 - INFO -     📊 位置: 4h=50.1% | 12h=42.62% | 24h=80.95% | 48h=68.76%
2025-12-25 07:43:50,924 - INFO -   [2/27] 采集 ETH-USDT-SWAP...
2025-12-25 07:43:51,163 - INFO -     💰 当前价格: $2939.77
2025-12-25 07:43:51,163 - INFO -     📊 位置: 4h=29.85% | 12h=16.92% | 24h=69.92% | 48h=53.35%
2025-12-25 07:43:51,664 - INFO -   [3/27] 采集 XRP-USDT-SWAP...
2025-12-25 07:43:51,894 - INFO -     💰 当前价格: $1.8724
2025-12-25 07:43:51,895 - INFO -     📊 位置: 4h=68.52% | 12h=83.33% | 24h=83.97% | 48h=53.29%
2025-12-25 07:43:52,395 - INFO -   [4/27] 采集 BNB-USDT-SWAP...
2025-12-25 07:43:52,629 - INFO -     💰 当前价格: $841.9
2025-12-25 07:43:52,629 - INFO -     📊 位置: 4h=12.12% | 12h=4.94% | 24h=48.67% | 48h=40.33%
2025-12-25 07:43:53,130 - INFO -   [5/27] 采集 SOL-USDT-SWAP...
2025-12-25 07:43:53,364 - INFO -     💰 当前价格: $122.13
2025-12-25 07:43:53,365 - INFO -     📊 位置: 4h=14.29% | 12h=8.15% | 24h=54.06% | 48h=31.76%
2025-12-25 07:43:53,865 - INFO -   [6/27] 采集 LTC-USDT-SWAP...
2025-12-25 07:43:54,102 - INFO -     💰 当前价格: $76.56
2025-12-25 07:43:54,103 - INFO -     📊 位置: 4h=83.61% | 12h=92.25% | 24h=86.5% | 48h=50.72%
2025-12-25 07:43:54,603 - INFO -   [7/27] 采集 DOGE-USDT-SWAP...
2025-12-25 07:43:54,829 - INFO -     💰 当前价格: $0.12772
2025-12-25 07:43:54,829 - INFO -     📊 位置: 4h=5.26% | 12h=3.59% | 24h=44.41% | 48h=27.05%
2025-12-25 07:43:55,330 - INFO -   [8/27] 采集 SUI-USDT-SWAP...
2025-12-25 07:43:55,567 - INFO -     💰 当前价格: $1.4074
2025-12-25 07:43:55,568 - INFO -     📊 位置: 4h=10.0% | 12h=6.42% | 24h=49.63% | 48h=28.98%
2025-12-25 07:43:56,068 - INFO -   [9/27] 采集 TRX-USDT-SWAP...
2025-12-25 07:43:56,310 - INFO -     💰 当前价格: $0.27994
2025-12-25 07:43:56,311 - INFO -     📊 位置: 4h=18.18% | 12h=44.98% | 24h=22.44% | 48h=19.89%
2025-12-25 07:43:56,811 - INFO -   [10/27] 采集 TON-USDT-SWAP...
2025-12-25 07:43:57,047 - INFO -     💰 当前价格: $1.529
2025-12-25 07:43:57,047 - INFO -     📊 位置: 4h=25.0% | 12h=54.35% | 24h=65.29% | 48h=67.69%
2025-12-25 07:43:57,548 - INFO -   [11/27] 采集 ETC-USDT-SWAP...
2025-12-25 07:43:57,779 - INFO -     💰 当前价格: $12.03
2025-12-25 07:43:57,780 - INFO -     📊 位置: 4h=25.0% | 12h=44.44% | 24h=71.43% | 48h=59.52%
2025-12-25 07:43:58,280 - INFO -   [12/27] 采集 BCH-USDT-SWAP...
2025-12-25 07:43:58,505 - INFO -     💰 当前价格: $574.7
2025-12-25 07:43:58,506 - INFO -     📊 位置: 4h=95.0% | 12h=97.48% | 24h=66.29% | 48h=47.54%
2025-12-25 07:43:59,006 - INFO -   [13/27] 采集 HBAR-USDT-SWAP...
2025-12-25 07:43:59,243 - INFO -     💰 当前价格: $0.11181
2025-12-25 07:43:59,244 - INFO -     📊 位置: 4h=75.73% | 12h=86.03% | 24h=88.1% | 48h=79.06%
2025-12-25 07:43:59,744 - INFO -   [14/27] 采集 XLM-USDT-SWAP...
2025-12-25 07:43:59,989 - INFO -     💰 当前价格: $0.21375
2025-12-25 07:43:59,990 - INFO -     📊 位置: 4h=6.19% | 12h=56.04% | 24h=58.54% | 48h=33.16%
2025-12-25 07:44:00,490 - INFO -   [15/27] 采集 FIL-USDT-SWAP...
2025-12-25 07:44:00,717 - INFO -     💰 当前价格: $1.278
2025-12-25 07:44:00,717 - INFO -     📊 位置: 4h=45.45% | 12h=50.0% | 24h=57.14% | 48h=17.78%
2025-12-25 07:44:01,218 - INFO -   [16/27] 采集 LINK-USDT-SWAP...
2025-12-25 07:44:01,452 - INFO -     💰 当前价格: $12.284
2025-12-25 07:44:01,452 - INFO -     📊 位置: 4h=15.07% | 12h=41.56% | 24h=76.32% | 48h=55.88%
2025-12-25 07:44:01,953 - INFO -   [17/27] 采集 CRO-USDT-SWAP...
2025-12-25 07:44:02,183 - INFO -     💰 当前价格: $0.09407
2025-12-25 07:44:02,183 - INFO -     📊 位置: 4h=33.33% | 12h=83.15% | 24h=86.05% | 48h=51.39%
2025-12-25 07:44:02,683 - INFO -   [18/27] 采集 DOT-USDT-SWAP...
2025-12-25 07:44:02,925 - INFO -     💰 当前价格: $1.736
2025-12-25 07:44:02,926 - INFO -     📊 位置: 4h=15.38% | 12h=44.44% | 24h=68.09% | 48h=39.02%
2025-12-25 07:44:03,426 - INFO -   [19/27] 采集 AAVE-USDT-SWAP...
2025-12-25 07:44:03,654 - INFO -     💰 当前价格: $150.29
2025-12-25 07:44:03,654 - INFO -     📊 位置: 4h=42.06% | 12h=72.8% | 24h=79.17% | 48h=57.49%
2025-12-25 07:44:04,154 - INFO -   [20/27] 采集 UNI-USDT-SWAP...
2025-12-25 07:44:04,397 - INFO -     💰 当前价格: $5.786
2025-12-25 07:44:04,397 - INFO -     📊 位置: 4h=41.77% | 12h=31.43% | 24h=66.78% | 48h=40.9%
2025-12-25 07:44:04,897 - INFO -   [21/27] 采集 NEAR-USDT-SWAP...
2025-12-25 07:44:05,128 - INFO -     💰 当前价格: $1.495
2025-12-25 07:44:05,129 - INFO -     📊 位置: 4h=41.38% | 12h=72.58% | 24h=78.48% | 48h=63.92%
2025-12-25 07:44:05,629 - INFO -   [22/27] 采集 APT-USDT-SWAP...
2025-12-25 07:44:05,865 - INFO -     💰 当前价格: $1.674
2025-12-25 07:44:05,865 - INFO -     📊 位置: 4h=70.21% | 12h=82.05% | 24h=89.71% | 48h=89.71%
2025-12-25 07:44:06,365 - INFO -   [23/27] 采集 CFX-USDT-SWAP...
2025-12-25 07:44:06,597 - INFO -     💰 当前价格: $0.07429
2025-12-25 07:44:06,597 - INFO -     📊 位置: 4h=13.12% | 12h=30.19% | 24h=60.26% | 48h=60.26%
2025-12-25 07:44:07,098 - INFO -   [24/27] 采集 CRV-USDT-SWAP...
2025-12-25 07:44:07,331 - INFO -     💰 当前价格: $0.3798
2025-12-25 07:44:07,331 - INFO -     📊 位置: 4h=39.62% | 12h=55.96% | 24h=74.04% | 48h=77.5%
2025-12-25 07:44:07,831 - INFO -   [25/27] 采集 STX-USDT-SWAP...
2025-12-25 07:44:08,071 - INFO -     💰 当前价格: $0.2539
2025-12-25 07:44:08,072 - INFO -     📊 位置: 4h=72.22% | 12h=89.25% | 24h=94.15% | 48h=94.65%
2025-12-25 07:44:08,572 - INFO -   [26/27] 采集 LDO-USDT-SWAP...
2025-12-25 07:44:08,803 - INFO -     💰 当前价格: $0.5606
2025-12-25 07:44:08,803 - INFO -     📊 位置: 4h=74.83% | 12h=88.75% | 24h=92.6% | 48h=92.6%
2025-12-25 07:44:09,304 - INFO -   [27/27] 采集 TAO-USDT-SWAP...
2025-12-25 07:44:09,526 - INFO -     💰 当前价格: $221.6
2025-12-25 07:44:09,526 - INFO -     📊 位置: 4h=7.14% | 12h=72.34% | 24h=85.31% | 48h=85.64%
2025-12-25 07:44:10,031 - INFO - 💾 数据保存成功: 27 个币种
2025-12-25 07:44:10,035 - INFO - 📊 统计数据保存成功:
2025-12-25 07:44:10,035 - INFO -     4h低于1%: 0/27
2025-12-25 07:44:10,035 - INFO -    12h低于1%: 0/27
2025-12-25 07:44:10,035 - INFO -    24h低于1%: 0/27
2025-12-25 07:44:10,035 - INFO -    48h低于1%: 0/27
2025-12-25 07:44:10,036 - INFO - ✅ 数据采集完成: 成功 27/27
2025-12-25 07:44:10,036 - INFO - 🚀 位置系统采集器启动，采集间隔: 300秒
2025-12-25 07:44:10,036 - INFO - 📊 开始采集位置系统数据...
2025-12-25 07:44:10,036 - INFO - 📋 币种列表: 27 个币种
2025-12-25 07:44:10,036 - INFO -   [1/27] 采集 BTC-USDT-SWAP...
2025-12-25 07:44:10,269 - INFO -     💰 当前价格: $87708.5
2025-12-25 07:44:10,270 - INFO -     📊 位置: 4h=47.61% | 12h=41.73% | 24h=80.65% | 48h=68.51%
2025-12-25 07:44:10,770 - INFO -   [2/27] 采集 ETH-USDT-SWAP...
2025-12-25 07:44:11,093 - INFO -     💰 当前价格: $2939.11
2025-12-25 07:44:11,093 - INFO -     📊 位置: 4h=23.75% | 12h=14.54% | 24h=69.06% | 48h=52.7%
2025-12-25 07:44:11,593 - INFO -   [3/27] 采集 XRP-USDT-SWAP...
2025-12-25 07:44:11,831 - INFO -     💰 当前价格: $1.8723
2025-12-25 07:44:11,831 - INFO -     📊 位置: 4h=67.59% | 12h=82.84% | 24h=83.62% | 48h=53.15%
2025-12-25 07:44:12,331 - INFO -   [4/27] 采集 BNB-USDT-SWAP...
2025-12-25 07:44:12,561 - INFO -     💰 当前价格: $842.0
2025-12-25 07:44:12,561 - INFO -     📊 位置: 4h=15.15% | 12h=6.17% | 24h=49.33% | 48h=40.88%
2025-12-25 07:44:13,062 - INFO -   [5/27] 采集 SOL-USDT-SWAP...
2025-12-25 07:44:13,298 - INFO -     💰 当前价格: $122.13
2025-12-25 07:44:13,298 - INFO -     📊 位置: 4h=14.29% | 12h=8.15% | 24h=54.06% | 48h=31.76%
2025-12-25 07:44:13,798 - INFO -   [6/27] 采集 LTC-USDT-SWAP...
2025-12-25 07:44:14,042 - INFO -     💰 当前价格: $76.56
2025-12-25 07:44:14,042 - INFO -     📊 位置: 4h=83.61% | 12h=92.25% | 24h=86.5% | 48h=50.72%
2025-12-25 07:44:14,543 - INFO -   [7/27] 采集 DOGE-USDT-SWAP...
2025-12-25 07:44:14,768 - INFO -     💰 当前价格: $0.12772
2025-12-25 07:44:14,769 - INFO -     📊 位置: 4h=5.26% | 12h=3.59% | 24h=44.41% | 48h=27.05%
2025-12-25 07:44:15,269 - INFO -   [8/27] 采集 SUI-USDT-SWAP...
2025-12-25 07:44:15,497 - INFO -     💰 当前价格: $1.4071
2025-12-25 07:44:15,498 - INFO -     📊 位置: 4h=7.86% | 12h=5.05% | 24h=48.89% | 48h=28.55%
2025-12-25 07:44:15,998 - INFO -   [9/27] 采集 TRX-USDT-SWAP...
2025-12-25 07:44:16,239 - INFO -     💰 当前价格: $0.27994
2025-12-25 07:44:16,239 - INFO -     📊 位置: 4h=18.18% | 12h=44.98% | 24h=22.44% | 48h=19.89%
2025-12-25 07:44:16,739 - INFO -   [10/27] 采集 TON-USDT-SWAP...
2025-12-25 07:44:16,977 - INFO -     💰 当前价格: $1.529
2025-12-25 07:44:16,977 - INFO -     📊 位置: 4h=25.0% | 12h=54.35% | 24h=65.29% | 48h=67.69%
2025-12-25 07:44:17,478 - INFO -   [11/27] 采集 ETC-USDT-SWAP...
2025-12-25 07:44:17,717 - INFO -     💰 当前价格: $12.03
2025-12-25 07:44:17,718 - INFO -     📊 位置: 4h=25.0% | 12h=44.44% | 24h=71.43% | 48h=59.52%
2025-12-25 07:44:18,218 - INFO -   [12/27] 采集 BCH-USDT-SWAP...
2025-12-25 07:44:18,448 - INFO -     💰 当前价格: $574.5
2025-12-25 07:44:18,449 - INFO -     📊 位置: 4h=91.67% | 12h=95.8% | 24h=65.14% | 48h=46.72%
2025-12-25 07:44:18,949 - INFO -   [13/27] 采集 HBAR-USDT-SWAP...
2025-12-25 07:44:19,186 - INFO -     💰 当前价格: $0.11178
2025-12-25 07:44:19,186 - INFO -     📊 位置: 4h=74.27% | 12h=85.2% | 24h=87.38% | 48h=78.42%
2025-12-25 07:44:19,686 - INFO -   [14/27] 采集 XLM-USDT-SWAP...
2025-12-25 07:44:19,917 - INFO -     💰 当前价格: $0.21373
2025-12-25 07:44:19,917 - INFO -     📊 位置: 4h=5.15% | 12h=55.56% | 24h=58.09% | 48h=32.9%
2025-12-25 07:44:20,418 - INFO -   [15/27] 采集 FIL-USDT-SWAP...
2025-12-25 07:44:20,811 - INFO -     💰 当前价格: $1.278
2025-12-25 07:44:20,812 - INFO -     📊 位置: 4h=45.45% | 12h=50.0% | 24h=57.14% | 48h=17.78%
2025-12-25 07:44:21,312 - INFO -   [16/27] 采集 LINK-USDT-SWAP...
2025-12-25 07:44:21,554 - INFO -     💰 当前价格: $12.281
2025-12-25 07:44:21,554 - INFO -     📊 位置: 4h=10.96% | 12h=39.61% | 24h=75.53% | 48h=55.3%
2025-12-25 07:44:22,055 - INFO -   [17/27] 采集 CRO-USDT-SWAP...
2025-12-25 07:44:22,288 - INFO -     💰 当前价格: $0.09405
2025-12-25 07:44:22,288 - INFO -     📊 位置: 4h=28.89% | 12h=82.02% | 24h=85.12% | 48h=50.83%
2025-12-25 07:44:22,789 - INFO -   [18/27] 采集 DOT-USDT-SWAP...
2025-12-25 07:44:23,027 - INFO -     💰 当前价格: $1.736
2025-12-25 07:44:23,027 - INFO -     📊 位置: 4h=15.38% | 12h=44.44% | 24h=68.09% | 48h=39.02%
2025-12-25 07:44:23,528 - INFO -   [19/27] 采集 AAVE-USDT-SWAP...
2025-12-25 07:44:23,755 - INFO -     💰 当前价格: $150.29
2025-12-25 07:44:23,756 - INFO -     📊 位置: 4h=42.06% | 12h=72.8% | 24h=79.17% | 48h=57.49%
2025-12-25 07:44:24,256 - INFO -   [20/27] 采集 UNI-USDT-SWAP...
2025-12-25 07:44:24,482 - INFO -     💰 当前价格: $5.786
2025-12-25 07:44:24,482 - INFO -     📊 位置: 4h=41.77% | 12h=31.43% | 24h=66.78% | 48h=40.9%
2025-12-25 07:44:24,983 - INFO -   [21/27] 采集 NEAR-USDT-SWAP...
2025-12-25 07:44:25,209 - INFO -     💰 当前价格: $1.495
2025-12-25 07:44:25,210 - INFO -     📊 位置: 4h=41.38% | 12h=72.58% | 24h=78.48% | 48h=63.92%
2025-12-25 07:44:25,710 - INFO -   [22/27] 采集 APT-USDT-SWAP...
2025-12-25 07:44:25,948 - INFO -     💰 当前价格: $1.674
2025-12-25 07:44:25,948 - INFO -     📊 位置: 4h=70.21% | 12h=82.05% | 24h=89.71% | 48h=89.71%
2025-12-25 07:44:26,448 - INFO -   [23/27] 采集 CFX-USDT-SWAP...
2025-12-25 07:44:26,701 - INFO -     💰 当前价格: $0.0743
2025-12-25 07:44:26,701 - INFO -     📊 位置: 4h=13.39% | 12h=30.36% | 24h=60.35% | 48h=60.35%
2025-12-25 07:44:27,201 - INFO -   [24/27] 采集 CRV-USDT-SWAP...
2025-12-25 07:44:27,443 - INFO -     💰 当前价格: $0.3797
2025-12-25 07:44:27,443 - INFO -     📊 位置: 4h=37.74% | 12h=55.05% | 24h=73.56% | 48h=77.08%
2025-12-25 07:44:27,944 - INFO -   [25/27] 采集 STX-USDT-SWAP...
2025-12-25 07:44:28,175 - INFO -     💰 当前价格: $0.2539
2025-12-25 07:44:28,175 - INFO -     📊 位置: 4h=72.22% | 12h=89.25% | 24h=94.15% | 48h=94.65%
2025-12-25 07:44:28,676 - INFO -   [26/27] 采集 LDO-USDT-SWAP...
2025-12-25 07:44:28,912 - INFO -     💰 当前价格: $0.5606
2025-12-25 07:44:28,912 - INFO -     📊 位置: 4h=74.83% | 12h=88.75% | 24h=92.6% | 48h=92.6%
2025-12-25 07:44:29,412 - INFO -   [27/27] 采集 TAO-USDT-SWAP...
2025-12-25 07:44:29,643 - INFO -     💰 当前价格: $221.5
2025-12-25 07:44:29,643 - INFO -     📊 位置: 4h=3.57% | 12h=71.28% | 24h=84.75% | 48h=85.08%
2025-12-25 07:44:30,148 - INFO - 💾 数据保存成功: 27 个币种
2025-12-25 07:44:30,152 - INFO - 📊 统计数据保存成功:
2025-12-25 07:44:30,153 - INFO -     4h低于1%: 0/27
2025-12-25 07:44:30,153 - INFO -    12h低于1%: 0/27
2025-12-25 07:44:30,153 - INFO -    24h低于1%: 0/27
2025-12-25 07:44:30,153 - INFO -    48h低于1%: 0/27
2025-12-25 07:44:30,153 - INFO - ✅ 数据采集完成: 成功 27/27
2025-12-25 07:44:30,153 - INFO - ⏳ 等待 300 秒后进行下一次采集...

2025-12-25 07:48:50,783 - INFO - ⛔ 收到停止信号，退出采集器
2025-12-25 07:48:51,124 - INFO - ✅ 数据库初始化完成
2025-12-25 07:48:51,125 - INFO - 📊 开始采集位置系统数据...
2025-12-25 07:48:51,125 - INFO - 📋 币种列表: 27 个币种
2025-12-25 07:48:51,135 - INFO -   [1/27] 采集 BTC-USDT-SWAP...
2025-12-25 07:48:51,374 - INFO -     💰 当前价格: $87725.8
2025-12-25 07:48:51,374 - INFO -     📊 位置: 4h=56.22% | 12h=44.82% | 24h=81.68% | 48h=69.38%
2025-12-25 07:48:51,874 - INFO -   [2/27] 采集 ETH-USDT-SWAP...
2025-12-25 07:48:52,106 - INFO -     💰 当前价格: $2940.32
2025-12-25 07:48:52,106 - INFO -     📊 位置: 4h=34.94% | 12h=18.9% | 24h=70.63% | 48h=53.9%
2025-12-25 07:48:52,606 - INFO -   [3/27] 采集 XRP-USDT-SWAP...
2025-12-25 07:48:52,886 - INFO -     💰 当前价格: $1.8726
2025-12-25 07:48:52,886 - INFO -     📊 位置: 4h=70.37% | 12h=84.31% | 24h=84.67% | 48h=53.59%
2025-12-25 07:48:53,387 - INFO -   [4/27] 采集 BNB-USDT-SWAP...
2025-12-25 07:48:53,617 - INFO -     💰 当前价格: $842.0
2025-12-25 07:48:53,617 - INFO -     📊 位置: 4h=15.15% | 12h=6.17% | 24h=49.33% | 48h=40.88%
2025-12-25 07:48:54,118 - INFO -   [5/27] 采集 SOL-USDT-SWAP...
2025-12-25 07:48:54,343 - INFO -     💰 当前价格: $122.13
2025-12-25 07:48:54,343 - INFO -     📊 位置: 4h=14.29% | 12h=8.15% | 24h=54.06% | 48h=31.76%
2025-12-25 07:48:54,844 - INFO -   [6/27] 采集 LTC-USDT-SWAP...
2025-12-25 07:48:55,083 - INFO -     💰 当前价格: $76.59
2025-12-25 07:48:55,083 - INFO -     📊 位置: 4h=88.52% | 12h=94.57% | 24h=88.34% | 48h=51.8%
2025-12-25 07:48:55,584 - INFO -   [7/27] 采集 DOGE-USDT-SWAP...
2025-12-25 07:48:55,831 - INFO -     💰 当前价格: $0.12779
2025-12-25 07:48:55,831 - INFO -     📊 位置: 4h=11.4% | 12h=7.78% | 24h=46.71% | 48h=28.46%
2025-12-25 07:48:56,331 - INFO -   [8/27] 采集 SUI-USDT-SWAP...
2025-12-25 07:48:56,727 - INFO -     💰 当前价格: $1.4089
2025-12-25 07:48:56,727 - INFO -     📊 位置: 4h=20.71% | 12h=13.3% | 24h=53.32% | 48h=31.13%
2025-12-25 07:48:57,227 - INFO -   [9/27] 采集 TRX-USDT-SWAP...
2025-12-25 07:48:57,467 - INFO -     💰 当前价格: $0.28001
2025-12-25 07:48:57,467 - INFO -     📊 位置: 4h=28.79% | 12h=47.79% | 24h=23.85% | 48h=21.14%
2025-12-25 07:48:57,967 - INFO -   [10/27] 采集 TON-USDT-SWAP...
2025-12-25 07:48:58,203 - INFO -     💰 当前价格: $1.528
2025-12-25 07:48:58,203 - INFO -     📊 位置: 4h=23.21% | 12h=53.26% | 24h=64.46% | 48h=66.92%
2025-12-25 07:48:58,703 - INFO -   [11/27] 采集 ETC-USDT-SWAP...
2025-12-25 07:48:58,939 - INFO -     💰 当前价格: $12.04
2025-12-25 07:48:58,939 - INFO -     📊 位置: 4h=37.5% | 12h=50.0% | 24h=74.29% | 48h=61.9%
2025-12-25 07:48:59,440 - INFO -   [12/27] 采集 BCH-USDT-SWAP...
2025-12-25 07:48:59,671 - INFO -     💰 当前价格: $573.9
2025-12-25 07:48:59,671 - INFO -     📊 位置: 4h=81.67% | 12h=90.76% | 24h=61.71% | 48h=44.26%
2025-12-25 07:49:00,171 - INFO -   [13/27] 采集 HBAR-USDT-SWAP...
2025-12-25 07:49:00,404 - INFO -     💰 当前价格: $0.11192
2025-12-25 07:49:00,404 - INFO -     📊 位置: 4h=81.07% | 12h=89.11% | 24h=90.71% | 48h=81.41%
2025-12-25 07:49:00,904 - INFO -   [14/27] 采集 XLM-USDT-SWAP...
2025-12-25 07:49:01,144 - INFO -     💰 当前价格: $0.2138
2025-12-25 07:49:01,145 - INFO -     📊 位置: 4h=8.76% | 12h=57.25% | 24h=59.68% | 48h=33.81%
2025-12-25 07:49:01,645 - INFO -   [15/27] 采集 FIL-USDT-SWAP...
2025-12-25 07:49:01,882 - INFO -     💰 当前价格: $1.282
2025-12-25 07:49:01,883 - INFO -     📊 位置: 4h=81.82% | 12h=66.67% | 24h=71.43% | 48h=22.22%
2025-12-25 07:49:02,383 - INFO -   [16/27] 采集 LINK-USDT-SWAP...
2025-12-25 07:49:02,627 - INFO -     💰 当前价格: $12.285
2025-12-25 07:49:02,628 - INFO -     📊 位置: 4h=16.44% | 12h=42.21% | 24h=76.58% | 48h=56.07%
2025-12-25 07:49:03,128 - INFO -   [17/27] 采集 CRO-USDT-SWAP...
2025-12-25 07:49:03,353 - INFO -     💰 当前价格: $0.09409
2025-12-25 07:49:03,354 - INFO -     📊 位置: 4h=37.78% | 12h=84.27% | 24h=86.98% | 48h=51.94%
2025-12-25 07:49:03,854 - INFO -   [18/27] 采集 DOT-USDT-SWAP...
2025-12-25 07:49:04,080 - INFO -     💰 当前价格: $1.737
2025-12-25 07:49:04,081 - INFO -     📊 位置: 4h=23.08% | 12h=48.15% | 24h=70.21% | 48h=40.24%
2025-12-25 07:49:04,581 - INFO -   [19/27] 采集 AAVE-USDT-SWAP...
2025-12-25 07:49:04,810 - INFO -     💰 当前价格: $150.05
2025-12-25 07:49:04,811 - INFO -     📊 位置: 4h=19.63% | 12h=66.58% | 24h=74.4% | 48h=54.03%
2025-12-25 07:49:05,311 - INFO -   [20/27] 采集 UNI-USDT-SWAP...
2025-12-25 07:49:05,542 - INFO -     💰 当前价格: $5.786
2025-12-25 07:49:05,542 - INFO -     📊 位置: 4h=41.77% | 12h=31.43% | 24h=66.78% | 48h=40.9%
2025-12-25 07:49:06,043 - INFO -   [21/27] 采集 NEAR-USDT-SWAP...
2025-12-25 07:49:06,286 - INFO -     💰 当前价格: $1.498
2025-12-25 07:49:06,286 - INFO -     📊 位置: 4h=51.72% | 12h=77.42% | 24h=82.28% | 48h=67.01%
2025-12-25 07:49:06,787 - INFO -   [22/27] 采集 APT-USDT-SWAP...
2025-12-25 07:49:07,019 - INFO -     💰 当前价格: $1.676
2025-12-25 07:49:07,019 - INFO -     📊 位置: 4h=74.47% | 12h=84.62% | 24h=91.18% | 48h=91.18%
2025-12-25 07:49:07,519 - INFO -   [23/27] 采集 CFX-USDT-SWAP...
2025-12-25 07:49:07,747 - INFO -     💰 当前价格: $0.07418
2025-12-25 07:49:07,747 - INFO -     📊 位置: 4h=10.24% | 12h=28.41% | 24h=59.24% | 48h=59.24%
2025-12-25 07:49:08,248 - INFO -   [24/27] 采集 CRV-USDT-SWAP...
2025-12-25 07:49:08,518 - INFO -     💰 当前价格: $0.3803
2025-12-25 07:49:08,518 - INFO -     📊 位置: 4h=49.06% | 12h=60.55% | 24h=76.44% | 48h=79.58%
2025-12-25 07:49:09,018 - INFO -   [25/27] 采集 STX-USDT-SWAP...
2025-12-25 07:49:09,244 - INFO -     💰 当前价格: $0.2539
2025-12-25 07:49:09,244 - INFO -     📊 位置: 4h=72.22% | 12h=89.25% | 24h=94.15% | 48h=94.65%
2025-12-25 07:49:09,744 - INFO -   [26/27] 采集 LDO-USDT-SWAP...
2025-12-25 07:49:09,975 - INFO -     💰 当前价格: $0.5612
2025-12-25 07:49:09,976 - INFO -     📊 位置: 4h=78.91% | 12h=90.58% | 24h=93.8% | 48h=93.8%
2025-12-25 07:49:10,476 - INFO -   [27/27] 采集 TAO-USDT-SWAP...
2025-12-25 07:49:10,703 - INFO -     💰 当前价格: $221.0
2025-12-25 07:49:10,703 - INFO -     📊 位置: 4h=11.11% | 12h=65.96% | 24h=81.92% | 48h=82.32%
2025-12-25 07:49:11,208 - INFO - 💾 数据保存成功: 27 个币种
2025-12-25 07:49:11,211 - INFO - 📊 统计数据保存成功:
2025-12-25 07:49:11,211 - INFO -     4h低于1%: 0/27
2025-12-25 07:49:11,211 - INFO -    12h低于1%: 0/27
2025-12-25 07:49:11,211 - INFO -    24h低于1%: 0/27
2025-12-25 07:49:11,211 - INFO -    48h低于1%: 0/27
2025-12-25 07:49:11,211 - INFO - ✅ 数据采集完成: 成功 27/27
2025-12-25 07:49:11,212 - INFO - 🚀 位置系统采集器启动，采集间隔: 300秒
2025-12-25 07:49:11,212 - INFO - 📊 开始采集位置系统数据...
2025-12-25 07:49:11,212 - INFO - 📋 币种列表: 27 个币种
2025-12-25 07:49:11,212 - INFO -   [1/27] 采集 BTC-USDT-SWAP...
2025-12-25 07:49:11,441 - INFO -     💰 当前价格: $87731.0
2025-12-25 07:49:11,441 - INFO -     📊 位置: 4h=58.81% | 12h=45.75% | 24h=81.99% | 48h=69.64%
2025-12-25 07:49:11,942 - INFO -   [2/27] 采集 ETH-USDT-SWAP...
2025-12-25 07:49:12,181 - INFO -     💰 当前价格: $2940.24
2025-12-25 07:49:12,181 - INFO -     📊 位置: 4h=34.2% | 12h=18.61% | 24h=70.53% | 48h=53.82%
2025-12-25 07:49:12,682 - INFO -   [3/27] 采集 XRP-USDT-SWAP...
2025-12-25 07:49:12,907 - INFO -     💰 当前价格: $1.8726
2025-12-25 07:49:12,907 - INFO -     📊 位置: 4h=70.37% | 12h=84.31% | 24h=84.67% | 48h=53.59%
2025-12-25 07:49:13,407 - INFO -   [4/27] 采集 BNB-USDT-SWAP...
2025-12-25 07:49:13,640 - INFO -     💰 当前价格: $842.0
2025-12-25 07:49:13,640 - INFO -     📊 位置: 4h=15.15% | 12h=6.17% | 24h=49.33% | 48h=40.88%
2025-12-25 07:49:14,140 - INFO -   [5/27] 采集 SOL-USDT-SWAP...
2025-12-25 07:49:14,373 - INFO -     💰 当前价格: $122.13
2025-12-25 07:49:14,373 - INFO -     📊 位置: 4h=14.29% | 12h=8.15% | 24h=54.06% | 48h=31.76%
2025-12-25 07:49:14,874 - INFO -   [6/27] 采集 LTC-USDT-SWAP...
2025-12-25 07:49:15,126 - INFO -     💰 当前价格: $76.6
2025-12-25 07:49:15,127 - INFO -     📊 位置: 4h=90.16% | 12h=95.35% | 24h=88.96% | 48h=52.16%
2025-12-25 07:49:15,627 - INFO -   [7/27] 采集 DOGE-USDT-SWAP...
2025-12-25 07:49:15,860 - INFO -     💰 当前价格: $0.1278
2025-12-25 07:49:15,860 - INFO -     📊 位置: 4h=12.28% | 12h=8.38% | 24h=47.04% | 48h=28.66%
2025-12-25 07:49:16,360 - INFO -   [8/27] 采集 SUI-USDT-SWAP...
2025-12-25 07:49:16,757 - INFO -     💰 当前价格: $1.4089
2025-12-25 07:49:16,757 - INFO -     📊 位置: 4h=20.71% | 12h=13.3% | 24h=53.32% | 48h=31.13%
2025-12-25 07:49:17,257 - INFO -   [9/27] 采集 TRX-USDT-SWAP...
2025-12-25 07:49:17,486 - INFO -     💰 当前价格: $0.28
2025-12-25 07:49:17,486 - INFO -     📊 位置: 4h=27.27% | 12h=47.39% | 24h=23.65% | 48h=20.96%
2025-12-25 07:49:17,986 - INFO -   [10/27] 采集 TON-USDT-SWAP...
2025-12-25 07:49:18,228 - INFO -     💰 当前价格: $1.528
2025-12-25 07:49:18,229 - INFO -     📊 位置: 4h=23.21% | 12h=53.26% | 24h=64.46% | 48h=66.92%
2025-12-25 07:49:18,729 - INFO -   [11/27] 采集 ETC-USDT-SWAP...
2025-12-25 07:49:18,961 - INFO -     💰 当前价格: $12.04
2025-12-25 07:49:18,962 - INFO -     📊 位置: 4h=37.5% | 12h=50.0% | 24h=74.29% | 48h=61.9%
2025-12-25 07:49:19,462 - INFO -   [12/27] 采集 BCH-USDT-SWAP...
2025-12-25 07:49:19,685 - INFO -     💰 当前价格: $573.9
2025-12-25 07:49:19,686 - INFO -     📊 位置: 4h=81.67% | 12h=90.76% | 24h=61.71% | 48h=44.26%
2025-12-25 07:49:20,186 - INFO -   [13/27] 采集 HBAR-USDT-SWAP...
2025-12-25 07:49:20,416 - INFO -     💰 当前价格: $0.11192
2025-12-25 07:49:20,417 - INFO -     📊 位置: 4h=81.07% | 12h=89.11% | 24h=90.71% | 48h=81.41%
2025-12-25 07:49:20,917 - INFO -   [14/27] 采集 XLM-USDT-SWAP...
2025-12-25 07:49:21,156 - INFO -     💰 当前价格: $0.2138
2025-12-25 07:49:21,156 - INFO -     📊 位置: 4h=8.76% | 12h=57.25% | 24h=59.68% | 48h=33.81%
2025-12-25 07:49:21,657 - INFO -   [15/27] 采集 FIL-USDT-SWAP...
2025-12-25 07:49:21,902 - INFO -     💰 当前价格: $1.282
2025-12-25 07:49:21,902 - INFO -     📊 位置: 4h=81.82% | 12h=66.67% | 24h=71.43% | 48h=22.22%
2025-12-25 07:49:22,402 - INFO -   [16/27] 采集 LINK-USDT-SWAP...
2025-12-25 07:49:22,635 - INFO -     💰 当前价格: $12.285
2025-12-25 07:49:22,636 - INFO -     📊 位置: 4h=16.44% | 12h=42.21% | 24h=76.58% | 48h=56.07%
2025-12-25 07:49:23,136 - INFO -   [17/27] 采集 CRO-USDT-SWAP...
2025-12-25 07:49:23,368 - INFO -     💰 当前价格: $0.09409
2025-12-25 07:49:23,369 - INFO -     📊 位置: 4h=37.78% | 12h=84.27% | 24h=86.98% | 48h=51.94%
2025-12-25 07:49:23,869 - INFO -   [18/27] 采集 DOT-USDT-SWAP...
2025-12-25 07:49:24,105 - INFO -     💰 当前价格: $1.736
2025-12-25 07:49:24,105 - INFO -     📊 位置: 4h=15.38% | 12h=44.44% | 24h=68.09% | 48h=39.02%
2025-12-25 07:49:24,605 - INFO -   [19/27] 采集 AAVE-USDT-SWAP...
2025-12-25 07:49:24,839 - INFO -     💰 当前价格: $150.03
2025-12-25 07:49:24,840 - INFO -     📊 位置: 4h=17.76% | 12h=66.06% | 24h=74.01% | 48h=53.75%
2025-12-25 07:49:25,340 - INFO -   [20/27] 采集 UNI-USDT-SWAP...
2025-12-25 07:49:25,577 - INFO -     💰 当前价格: $5.786
2025-12-25 07:49:25,577 - INFO -     📊 位置: 4h=41.77% | 12h=31.43% | 24h=66.78% | 48h=40.9%
2025-12-25 07:49:26,078 - INFO -   [21/27] 采集 NEAR-USDT-SWAP...
2025-12-25 07:49:26,370 - INFO -     💰 当前价格: $1.498
2025-12-25 07:49:26,370 - INFO -     📊 位置: 4h=51.72% | 12h=77.42% | 24h=82.28% | 48h=67.01%
2025-12-25 07:49:26,870 - INFO -   [22/27] 采集 APT-USDT-SWAP...
2025-12-25 07:49:27,108 - INFO -     💰 当前价格: $1.676
2025-12-25 07:49:27,108 - INFO -     📊 位置: 4h=74.47% | 12h=84.62% | 24h=91.18% | 48h=91.18%
2025-12-25 07:49:27,609 - INFO -   [23/27] 采集 CFX-USDT-SWAP...
2025-12-25 07:49:27,847 - INFO -     💰 当前价格: $0.07419
2025-12-25 07:49:27,847 - INFO -     📊 位置: 4h=10.5% | 12h=28.57% | 24h=59.33% | 48h=59.33%
2025-12-25 07:49:28,347 - INFO -   [24/27] 采集 CRV-USDT-SWAP...
2025-12-25 07:49:28,602 - INFO -     💰 当前价格: $0.3799
2025-12-25 07:49:28,602 - INFO -     📊 位置: 4h=41.51% | 12h=56.88% | 24h=74.52% | 48h=77.92%
2025-12-25 07:49:29,103 - INFO -   [25/27] 采集 STX-USDT-SWAP...
2025-12-25 07:49:29,331 - INFO -     💰 当前价格: $0.2539
2025-12-25 07:49:29,331 - INFO -     📊 位置: 4h=72.22% | 12h=89.25% | 24h=94.15% | 48h=94.65%
2025-12-25 07:49:29,832 - INFO -   [26/27] 采集 LDO-USDT-SWAP...
2025-12-25 07:49:30,070 - INFO -     💰 当前价格: $0.5612
2025-12-25 07:49:30,071 - INFO -     📊 位置: 4h=78.91% | 12h=90.58% | 24h=93.8% | 48h=93.8%
2025-12-25 07:49:30,571 - INFO -   [27/27] 采集 TAO-USDT-SWAP...
2025-12-25 07:49:30,793 - INFO -     💰 当前价格: $221.0
2025-12-25 07:49:30,793 - INFO -     📊 位置: 4h=11.11% | 12h=65.96% | 24h=81.92% | 48h=82.32%
2025-12-25 07:49:31,297 - INFO - 💾 数据保存成功: 27 个币种
2025-12-25 07:49:31,301 - INFO - 📊 统计数据保存成功:
2025-12-25 07:49:31,301 - INFO -     4h低于1%: 0/27
2025-12-25 07:49:31,301 - INFO -    12h低于1%: 0/27
2025-12-25 07:49:31,302 - INFO -    24h低于1%: 0/27
2025-12-25 07:49:31,302 - INFO -    48h低于1%: 0/27
2025-12-25 07:49:31,302 - INFO - ✅ 数据采集完成: 成功 27/27
2025-12-25 07:49:31,302 - INFO - ⏳ 等待 300 秒后进行下一次采集...

2025-12-25 07:53:51,654 - INFO - ⛔ 收到停止信号，退出采集器
2025-12-25 07:53:51,994 - INFO - ✅ 数据库初始化完成
2025-12-25 07:53:51,994 - INFO - 📊 开始采集位置系统数据...
2025-12-25 07:53:51,994 - INFO - 📋 币种列表: 27 个币种
2025-12-25 07:53:52,005 - INFO -   [1/27] 采集 BTC-USDT-SWAP...
2025-12-25 07:53:52,232 - INFO -     💰 当前价格: $87751.9
2025-12-25 07:53:52,232 - INFO -     📊 位置: 4h=69.2% | 12h=49.49% | 24h=83.23% | 48h=70.7%
2025-12-25 07:53:52,733 - INFO -   [2/27] 采集 ETH-USDT-SWAP...
2025-12-25 07:53:52,962 - INFO -     💰 当前价格: $2940.45
2025-12-25 07:53:52,962 - INFO -     📊 位置: 4h=36.14% | 12h=19.37% | 24h=70.8% | 48h=54.03%
2025-12-25 07:53:53,463 - INFO -   [3/27] 采集 XRP-USDT-SWAP...
2025-12-25 07:53:53,691 - INFO -     💰 当前价格: $1.8727
2025-12-25 07:53:53,691 - INFO -     📊 位置: 4h=71.3% | 12h=84.8% | 24h=85.02% | 48h=53.73%
2025-12-25 07:53:54,192 - INFO -   [4/27] 采集 BNB-USDT-SWAP...
2025-12-25 07:53:54,432 - INFO -     💰 当前价格: $842.3
2025-12-25 07:53:54,433 - INFO -     📊 位置: 4h=24.24% | 12h=9.88% | 24h=51.33% | 48h=42.54%
2025-12-25 07:53:54,933 - INFO -   [5/27] 采集 SOL-USDT-SWAP...
2025-12-25 07:53:55,172 - INFO -     💰 当前价格: $122.2
2025-12-25 07:53:55,172 - INFO -     📊 位置: 4h=23.38% | 12h=13.33% | 24h=56.54% | 48h=33.14%
2025-12-25 07:53:55,673 - INFO -   [6/27] 采集 LTC-USDT-SWAP...
2025-12-25 07:53:55,907 - INFO -     💰 当前价格: $76.87
2025-12-25 07:53:55,907 - INFO -     📊 位置: 4h=100.0% | 12h=100.0% | 24h=100.0% | 48h=61.87%
2025-12-25 07:53:56,407 - INFO -   [7/27] 采集 DOGE-USDT-SWAP...
2025-12-25 07:53:56,636 - INFO -     💰 当前价格: $0.12779
2025-12-25 07:53:56,637 - INFO -     📊 位置: 4h=11.4% | 12h=7.78% | 24h=46.71% | 48h=28.46%
2025-12-25 07:53:57,137 - INFO -   [8/27] 采集 SUI-USDT-SWAP...
2025-12-25 07:53:57,366 - INFO -     💰 当前价格: $1.4103
2025-12-25 07:53:57,366 - INFO -     📊 位置: 4h=30.71% | 12h=19.72% | 24h=56.76% | 48h=33.14%
2025-12-25 07:53:57,866 - INFO -   [9/27] 采集 TRX-USDT-SWAP...
2025-12-25 07:53:58,101 - INFO -     💰 当前价格: $0.28001
2025-12-25 07:53:58,102 - INFO -     📊 位置: 4h=28.79% | 12h=47.79% | 24h=23.85% | 48h=21.14%
2025-12-25 07:53:58,602 - INFO -   [10/27] 采集 TON-USDT-SWAP...
2025-12-25 07:53:58,831 - INFO -     💰 当前价格: $1.528
2025-12-25 07:53:58,831 - INFO -     📊 位置: 4h=23.21% | 12h=53.26% | 24h=64.46% | 48h=66.92%
2025-12-25 07:53:59,332 - INFO -   [11/27] 采集 ETC-USDT-SWAP...
2025-12-25 07:53:59,561 - INFO -     💰 当前价格: $12.04
2025-12-25 07:53:59,561 - INFO -     📊 位置: 4h=37.5% | 12h=50.0% | 24h=74.29% | 48h=61.9%
2025-12-25 07:54:00,061 - INFO -   [12/27] 采集 BCH-USDT-SWAP...
2025-12-25 07:54:00,298 - INFO -     💰 当前价格: $574.3
2025-12-25 07:54:00,298 - INFO -     📊 位置: 4h=88.33% | 12h=94.12% | 24h=64.0% | 48h=45.9%
2025-12-25 07:54:00,799 - INFO -   [13/27] 采集 HBAR-USDT-SWAP...
2025-12-25 07:54:01,038 - INFO -     💰 当前价格: $0.11198
2025-12-25 07:54:01,038 - INFO -     📊 位置: 4h=83.98% | 12h=90.78% | 24h=92.14% | 48h=82.69%
2025-12-25 07:54:01,539 - INFO -   [14/27] 采集 XLM-USDT-SWAP...
2025-12-25 07:54:01,771 - INFO -     💰 当前价格: $0.21424
2025-12-25 07:54:01,771 - INFO -     📊 位置: 4h=31.44% | 12h=67.87% | 24h=69.7% | 48h=39.48%
2025-12-25 07:54:02,272 - INFO -   [15/27] 采集 FIL-USDT-SWAP...
2025-12-25 07:54:02,498 - INFO -     💰 当前价格: $1.284
2025-12-25 07:54:02,499 - INFO -     📊 位置: 4h=91.67% | 12h=75.0% | 24h=78.57% | 48h=24.44%
2025-12-25 07:54:02,999 - INFO -   [16/27] 采集 LINK-USDT-SWAP...
2025-12-25 07:54:03,230 - INFO -     💰 当前价格: $12.292
2025-12-25 07:54:03,230 - INFO -     📊 位置: 4h=26.03% | 12h=46.75% | 24h=78.42% | 48h=57.42%
2025-12-25 07:54:03,731 - INFO -   [17/27] 采集 CRO-USDT-SWAP...
2025-12-25 07:54:03,972 - INFO -     💰 当前价格: $0.09414
2025-12-25 07:54:03,973 - INFO -     📊 位置: 4h=48.89% | 12h=87.08% | 24h=89.3% | 48h=53.33%
2025-12-25 07:54:04,473 - INFO -   [18/27] 采集 DOT-USDT-SWAP...
2025-12-25 07:54:04,710 - INFO -     💰 当前价格: $1.736
2025-12-25 07:54:04,710 - INFO -     📊 位置: 4h=15.38% | 12h=44.44% | 24h=68.09% | 48h=39.02%
2025-12-25 07:54:05,211 - INFO -   [19/27] 采集 AAVE-USDT-SWAP...
2025-12-25 07:54:05,440 - INFO -     💰 当前价格: $150.2
2025-12-25 07:54:05,440 - INFO -     📊 位置: 4h=33.64% | 12h=70.47% | 24h=77.38% | 48h=56.2%
2025-12-25 07:54:05,941 - INFO -   [20/27] 采集 UNI-USDT-SWAP...
2025-12-25 07:54:06,175 - INFO -     💰 当前价格: $5.784
2025-12-25 07:54:06,175 - INFO -     📊 位置: 4h=39.24% | 12h=29.52% | 24h=66.1% | 48h=40.49%
2025-12-25 07:54:06,675 - INFO -   [21/27] 采集 NEAR-USDT-SWAP...
2025-12-25 07:54:06,905 - INFO -     💰 当前价格: $1.498
2025-12-25 07:54:06,905 - INFO -     📊 位置: 4h=51.72% | 12h=77.42% | 24h=82.28% | 48h=67.01%
2025-12-25 07:54:07,405 - INFO -   [22/27] 采集 APT-USDT-SWAP...
2025-12-25 07:54:07,625 - INFO -     💰 当前价格: $1.674
2025-12-25 07:54:07,625 - INFO -     📊 位置: 4h=70.21% | 12h=82.05% | 24h=89.71% | 48h=89.71%
2025-12-25 07:54:08,125 - INFO -   [23/27] 采集 CFX-USDT-SWAP...
2025-12-25 07:54:08,347 - INFO -     💰 当前价格: $0.07416
2025-12-25 07:54:08,347 - INFO -     📊 位置: 4h=9.71% | 12h=28.08% | 24h=59.06% | 48h=59.06%
2025-12-25 07:54:08,847 - INFO -   [24/27] 采集 CRV-USDT-SWAP...
2025-12-25 07:54:09,089 - INFO -     💰 当前价格: $0.3801
2025-12-25 07:54:09,090 - INFO -     📊 位置: 4h=45.28% | 12h=58.72% | 24h=75.48% | 48h=78.75%
2025-12-25 07:54:09,590 - INFO -   [25/27] 采集 STX-USDT-SWAP...
2025-12-25 07:54:09,818 - INFO -     💰 当前价格: $0.254
2025-12-25 07:54:09,818 - INFO -     📊 位置: 4h=75.0% | 12h=90.32% | 24h=94.74% | 48h=95.19%
2025-12-25 07:54:10,319 - INFO -   [26/27] 采集 LDO-USDT-SWAP...
2025-12-25 07:54:10,544 - INFO -     💰 当前价格: $0.562
2025-12-25 07:54:10,544 - INFO -     📊 位置: 4h=84.35% | 12h=93.01% | 24h=95.4% | 48h=95.4%
2025-12-25 07:54:11,045 - INFO -   [27/27] 采集 TAO-USDT-SWAP...
2025-12-25 07:54:11,274 - INFO -     💰 当前价格: $221.5
2025-12-25 07:54:11,274 - INFO -     📊 位置: 4h=25.0% | 12h=71.28% | 24h=84.75% | 48h=85.08%
2025-12-25 07:54:11,778 - INFO - 💾 数据保存成功: 27 个币种
2025-12-25 07:54:11,781 - INFO - 📊 统计数据保存成功:
2025-12-25 07:54:11,782 - INFO -     4h低于1%: 0/27
2025-12-25 07:54:11,782 - INFO -    12h低于1%: 0/27
2025-12-25 07:54:11,782 - INFO -    24h低于1%: 0/27
2025-12-25 07:54:11,782 - INFO -    48h低于1%: 0/27
2025-12-25 07:54:11,782 - INFO - ✅ 数据采集完成: 成功 27/27
2025-12-25 07:54:11,782 - INFO - 🚀 位置系统采集器启动，采集间隔: 300秒
2025-12-25 07:54:11,782 - INFO - 📊 开始采集位置系统数据...
2025-12-25 07:54:11,782 - INFO - 📋 币种列表: 27 个币种
2025-12-25 07:54:11,783 - INFO -   [1/27] 采集 BTC-USDT-SWAP...
2025-12-25 07:54:12,007 - INFO -     💰 当前价格: $87751.9
2025-12-25 07:54:12,008 - INFO -     📊 位置: 4h=69.2% | 12h=49.49% | 24h=83.23% | 48h=70.7%
2025-12-25 07:54:12,508 - INFO -   [2/27] 采集 ETH-USDT-SWAP...
2025-12-25 07:54:12,739 - INFO -     💰 当前价格: $2940.45
2025-12-25 07:54:12,739 - INFO -     📊 位置: 4h=36.14% | 12h=19.37% | 24h=70.8% | 48h=54.03%
2025-12-25 07:54:13,240 - INFO -   [3/27] 采集 XRP-USDT-SWAP...
2025-12-25 07:54:13,471 - INFO -     💰 当前价格: $1.8728
2025-12-25 07:54:13,471 - INFO -     📊 位置: 4h=72.22% | 12h=85.29% | 24h=85.37% | 48h=53.88%
2025-12-25 07:54:13,971 - INFO -   [4/27] 采集 BNB-USDT-SWAP...
2025-12-25 07:54:14,204 - INFO -     💰 当前价格: $842.4
2025-12-25 07:54:14,204 - INFO -     📊 位置: 4h=27.27% | 12h=11.11% | 24h=52.0% | 48h=43.09%
2025-12-25 07:54:14,704 - INFO -   [5/27] 采集 SOL-USDT-SWAP...
2025-12-25 07:54:14,938 - INFO -     💰 当前价格: $122.2
2025-12-25 07:54:14,939 - INFO -     📊 位置: 4h=23.38% | 12h=13.33% | 24h=56.54% | 48h=33.14%
2025-12-25 07:54:15,439 - INFO -   [6/27] 采集 LTC-USDT-SWAP...
2025-12-25 07:54:15,666 - INFO -     💰 当前价格: $76.86
2025-12-25 07:54:15,666 - INFO -     📊 位置: 4h=98.78% | 12h=99.33% | 24h=99.42% | 48h=61.51%
2025-12-25 07:54:16,167 - INFO -   [7/27] 采集 DOGE-USDT-SWAP...
2025-12-25 07:54:16,400 - INFO -     💰 当前价格: $0.1278
2025-12-25 07:54:16,400 - INFO -     📊 位置: 4h=12.28% | 12h=8.38% | 24h=47.04% | 48h=28.66%
2025-12-25 07:54:16,900 - INFO -   [8/27] 采集 SUI-USDT-SWAP...
2025-12-25 07:54:17,126 - INFO -     💰 当前价格: $1.4106
2025-12-25 07:54:17,126 - INFO -     📊 位置: 4h=32.86% | 12h=21.1% | 24h=57.49% | 48h=33.57%
2025-12-25 07:54:17,627 - INFO -   [9/27] 采集 TRX-USDT-SWAP...
2025-12-25 07:54:17,864 - INFO -     💰 当前价格: $0.28012
2025-12-25 07:54:17,864 - INFO -     📊 位置: 4h=45.45% | 12h=52.21% | 24h=26.05% | 48h=23.09%
2025-12-25 07:54:18,365 - INFO -   [10/27] 采集 TON-USDT-SWAP...
2025-12-25 07:54:18,607 - INFO -     💰 当前价格: $1.528
2025-12-25 07:54:18,608 - INFO -     📊 位置: 4h=23.21% | 12h=53.26% | 24h=64.46% | 48h=66.92%
2025-12-25 07:54:19,108 - INFO -   [11/27] 采集 ETC-USDT-SWAP...
2025-12-25 07:54:19,347 - INFO -     💰 当前价格: $12.04
2025-12-25 07:54:19,347 - INFO -     📊 位置: 4h=37.5% | 12h=50.0% | 24h=74.29% | 48h=61.9%
2025-12-25 07:54:19,847 - INFO -   [12/27] 采集 BCH-USDT-SWAP...
2025-12-25 07:54:20,083 - INFO -     💰 当前价格: $574.4
2025-12-25 07:54:20,084 - INFO -     📊 位置: 4h=90.0% | 12h=94.96% | 24h=64.57% | 48h=46.31%
2025-12-25 07:54:20,584 - INFO -   [13/27] 采集 HBAR-USDT-SWAP...
2025-12-25 07:54:20,812 - INFO -     💰 当前价格: $0.11199
2025-12-25 07:54:20,812 - INFO -     📊 位置: 4h=84.47% | 12h=91.06% | 24h=92.38% | 48h=82.91%
2025-12-25 07:54:21,312 - INFO -   [14/27] 采集 XLM-USDT-SWAP...
2025-12-25 07:54:21,548 - INFO -     💰 当前价格: $0.21423
2025-12-25 07:54:21,549 - INFO -     📊 位置: 4h=30.93% | 12h=67.63% | 24h=69.48% | 48h=39.35%
2025-12-25 07:54:22,049 - INFO -   [15/27] 采集 FIL-USDT-SWAP...
2025-12-25 07:54:22,284 - INFO -     💰 当前价格: $1.284
2025-12-25 07:54:22,284 - INFO -     📊 位置: 4h=84.62% | 12h=75.0% | 24h=78.57% | 48h=24.44%
2025-12-25 07:54:22,785 - INFO -   [16/27] 采集 LINK-USDT-SWAP...
2025-12-25 07:54:23,016 - INFO -     💰 当前价格: $12.292
2025-12-25 07:54:23,016 - INFO -     📊 位置: 4h=26.03% | 12h=46.75% | 24h=78.42% | 48h=57.42%
2025-12-25 07:54:23,516 - INFO -   [17/27] 采集 CRO-USDT-SWAP...
2025-12-25 07:54:23,741 - INFO -     💰 当前价格: $0.09414
2025-12-25 07:54:23,741 - INFO -     📊 位置: 4h=48.89% | 12h=87.08% | 24h=89.3% | 48h=53.33%
2025-12-25 07:54:24,242 - INFO -   [18/27] 采集 DOT-USDT-SWAP...
2025-12-25 07:54:24,464 - INFO -     💰 当前价格: $1.736
2025-12-25 07:54:24,464 - INFO -     📊 位置: 4h=15.38% | 12h=44.44% | 24h=68.09% | 48h=39.02%
2025-12-25 07:54:24,965 - INFO -   [19/27] 采集 AAVE-USDT-SWAP...
2025-12-25 07:54:25,196 - INFO -     💰 当前价格: $150.2
2025-12-25 07:54:25,197 - INFO -     📊 位置: 4h=33.64% | 12h=70.47% | 24h=77.38% | 48h=56.2%
2025-12-25 07:54:25,697 - INFO -   [20/27] 采集 UNI-USDT-SWAP...
2025-12-25 07:54:25,933 - INFO -     💰 当前价格: $5.785
2025-12-25 07:54:25,934 - INFO -     📊 位置: 4h=40.51% | 12h=30.48% | 24h=66.44% | 48h=40.7%
2025-12-25 07:54:26,434 - INFO -   [21/27] 采集 NEAR-USDT-SWAP...
2025-12-25 07:54:26,678 - INFO -     💰 当前价格: $1.497
2025-12-25 07:54:26,678 - INFO -     📊 位置: 4h=48.28% | 12h=75.81% | 24h=81.01% | 48h=65.98%
2025-12-25 07:54:27,178 - INFO -   [22/27] 采集 APT-USDT-SWAP...
2025-12-25 07:54:27,412 - INFO -     💰 当前价格: $1.673
2025-12-25 07:54:27,412 - INFO -     📊 位置: 4h=68.09% | 12h=80.77% | 24h=88.97% | 48h=88.97%
2025-12-25 07:54:27,913 - INFO -   [23/27] 采集 CFX-USDT-SWAP...
2025-12-25 07:54:28,152 - INFO -     💰 当前价格: $0.07413
2025-12-25 07:54:28,153 - INFO -     📊 位置: 4h=8.92% | 12h=27.6% | 24h=58.78% | 48h=58.78%
2025-12-25 07:54:28,653 - INFO -   [24/27] 采集 CRV-USDT-SWAP...
2025-12-25 07:54:28,885 - INFO -     💰 当前价格: $0.3801
2025-12-25 07:54:28,885 - INFO -     📊 位置: 4h=45.28% | 12h=58.72% | 24h=75.48% | 48h=78.75%
2025-12-25 07:54:29,385 - INFO -   [25/27] 采集 STX-USDT-SWAP...
2025-12-25 07:54:29,620 - INFO -     💰 当前价格: $0.2539
2025-12-25 07:54:29,620 - INFO -     📊 位置: 4h=72.22% | 12h=89.25% | 24h=94.15% | 48h=94.65%
2025-12-25 07:54:30,121 - INFO -   [26/27] 采集 LDO-USDT-SWAP...
2025-12-25 07:54:30,358 - INFO -     💰 当前价格: $0.5621
2025-12-25 07:54:30,358 - INFO -     📊 位置: 4h=85.03% | 12h=93.31% | 24h=95.6% | 48h=95.6%
2025-12-25 07:54:30,858 - INFO -   [27/27] 采集 TAO-USDT-SWAP...
2025-12-25 07:54:31,094 - INFO -     💰 当前价格: $221.4
2025-12-25 07:54:31,095 - INFO -     📊 位置: 4h=22.22% | 12h=70.21% | 24h=84.18% | 48h=84.53%
2025-12-25 07:54:31,599 - INFO - 💾 数据保存成功: 27 个币种
2025-12-25 07:54:31,602 - INFO - 📊 统计数据保存成功:
2025-12-25 07:54:31,602 - INFO -     4h低于1%: 0/27
2025-12-25 07:54:31,603 - INFO -    12h低于1%: 0/27
2025-12-25 07:54:31,603 - INFO -    24h低于1%: 0/27
2025-12-25 07:54:31,603 - INFO -    48h低于1%: 0/27
2025-12-25 07:54:31,603 - INFO - ✅ 数据采集完成: 成功 27/27
2025-12-25 07:54:31,603 - INFO - ⏳ 等待 300 秒后进行下一次采集...

